Solver Configuration,LTL,Instance,Result Code,Wall Time
BSaLTic-DHf,recurrence,abp10_k10.dimacs,UNSAT,0.04
BSaLTic-EHf,recurrence,abp10_k10.dimacs,UNSAT,0.04
Kissat,recurrence,abp10_k10.dimacs,UNSAT,0.041148
MapleCOMSPS,recurrence,abp10_k10.dimacs,UNSAT,0.04
BSaLTic-DHf,recurrence,abp10_k20.dimacs,UNSAT,1.2
BSaLTic-EHf,recurrence,abp10_k20.dimacs,UNSAT,1.23
Kissat,recurrence,abp10_k20.dimacs,UNSAT,0.934444
MapleCOMSPS,recurrence,abp10_k20.dimacs,UNSAT,1.01
BSaLTic-DHf,recurrence,abp10_k60.dimacs,UNSAT,48.97
BSaLTic-EHf,recurrence,abp10_k60.dimacs,UNSAT,51.28
Kissat,recurrence,abp10_k60.dimacs,UNSAT,55.8553
MapleCOMSPS,recurrence,abp10_k60.dimacs,UNSAT,60.37
BSaLTic-DHf,persistence,abp11_k100.dimacs,UNSAT,522.17
BSaLTic-EHf,persistence,abp11_k100.dimacs,UNSAT,406.03
Kissat,persistence,abp11_k100.dimacs,UNSAT,290.487
MapleCOMSPS,persistence,abp11_k100.dimacs,UNSAT,857.15
BSaLTic-DHf,persistence,abp11_k60.dimacs,UNSAT,69.03
BSaLTic-EHf,persistence,abp11_k60.dimacs,UNSAT,85.29
Kissat,persistence,abp11_k60.dimacs,UNSAT,43.6762
MapleCOMSPS,persistence,abp11_k60.dimacs,UNSAT,83.95
BSaLTic-DHf,persistence,abp4_k100.dimacs,UNSAT,578.81
BSaLTic-EHf,persistence,abp4_k100.dimacs,UNSAT,537.2
Kissat,persistence,abp4_k100.dimacs,UNSAT,286.092
MapleCOMSPS,persistence,abp4_k100.dimacs,UNSAT,857.43
BSaLTic-DHf,persistence,abp8_k60.dimacs,UNSAT,88.24
BSaLTic-EHf,persistence,abp8_k60.dimacs,UNSAT,53.11
Kissat,persistence,abp8_k60.dimacs,UNSAT,55.2348
MapleCOMSPS,persistence,abp8_k60.dimacs,UNSAT,75.87
BSaLTic-DHf,safety,adding.1_k1400.dimacs,UNSAT,1210.11
BSaLTic-EHf,safety,adding.1_k1400.dimacs,UNSAT,1198.65
Kissat,safety,adding.1_k1400.dimacs,UNSAT,332.418
MapleCOMSPS,safety,adding.1_k1400.dimacs,UNSAT,954.6
BSaLTic-DHf,safety,adding.1_k1600.dimacs,UNSAT,7112.74
BSaLTic-EHf,safety,adding.1_k1600.dimacs,UNSAT,4725.19
Kissat,safety,adding.1_k1600.dimacs,UNSAT,588.04
MapleCOMSPS,safety,adding.1_k1600.dimacs,UNSAT,4023.02
BSaLTic-DHf,safety,adding.1_k200.dimacs,UNSAT,589.82
BSaLTic-EHf,safety,adding.1_k200.dimacs,UNSAT,552.26
Kissat,safety,adding.1_k200.dimacs,UNSAT,198.434
MapleCOMSPS,safety,adding.1_k200.dimacs,UNSAT,550.46
BSaLTic-DHf,safety,adding.1_k2000.dimacs,wall clock limit exceeded,7200.0
BSaLTic-EHf,safety,adding.1_k2000.dimacs,UNSAT,557.14
Kissat,safety,adding.1_k2000.dimacs,UNSAT,644.218
MapleCOMSPS,safety,adding.1_k2000.dimacs,wall clock limit exceeded,7200.0
BSaLTic-DHf,safety,adding.1_k4000.dimacs,wall clock limit exceeded,7200.0
BSaLTic-EHf,safety,adding.1_k4000.dimacs,UNSAT,2579.58
Kissat,safety,adding.1_k4000.dimacs,UNSAT,1250.32
MapleCOMSPS,safety,adding.1_k4000.dimacs,wall clock limit exceeded,7200.0
BSaLTic-DHf,safety,adding.1_k6000.dimacs,wall clock limit exceeded,7200.0
BSaLTic-EHf,safety,adding.1_k6000.dimacs,wall clock limit exceeded,7200.0
Kissat,safety,adding.1_k6000.dimacs,UNSAT,1564.41
MapleCOMSPS,safety,adding.1_k6000.dimacs,wall clock limit exceeded,7200.0
BSaLTic-DHf,obligation,adding.1_obligation_0.smv_k100.dimacs,UNSAT,895.98
BSaLTic-EHf,obligation,adding.1_obligation_0.smv_k100.dimacs,UNSAT,830.72
Kissat,obligation,adding.1_obligation_0.smv_k100.dimacs,UNSAT,162.558
MapleCOMSPS,obligation,adding.1_obligation_0.smv_k100.dimacs,UNSAT,942.97
BSaLTic-DHf,obligation,adding.1_obligation_0.smv_k1000.dimacs,UNSAT,719.52
BSaLTic-EHf,obligation,adding.1_obligation_0.smv_k1000.dimacs,UNSAT,716.9
Kissat,obligation,adding.1_obligation_0.smv_k1000.dimacs,UNSAT,404.658
MapleCOMSPS,obligation,adding.1_obligation_0.smv_k1000.dimacs,UNSAT,2123.55
BSaLTic-DHf,obligation,adding.1_obligation_0.smv_k80.dimacs,UNSAT,234.86
BSaLTic-EHf,obligation,adding.1_obligation_0.smv_k80.dimacs,UNSAT,285.3
Kissat,obligation,adding.1_obligation_0.smv_k80.dimacs,UNSAT,73.806
MapleCOMSPS,obligation,adding.1_obligation_0.smv_k80.dimacs,UNSAT,420.8
BSaLTic-DHf,obligation,adding.1_obligation_0.smv_k800.dimacs,UNSAT,436.18
BSaLTic-EHf,obligation,adding.1_obligation_0.smv_k800.dimacs,UNSAT,603.01
Kissat,obligation,adding.1_obligation_0.smv_k800.dimacs,UNSAT,354.185
MapleCOMSPS,obligation,adding.1_obligation_0.smv_k800.dimacs,UNSAT,715.04
BSaLTic-DHf,reactivity,adding.1_reactivity_0.smv_k40.dimacs,UNSAT,8.8
BSaLTic-EHf,reactivity,adding.1_reactivity_0.smv_k40.dimacs,UNSAT,11.88
Kissat,reactivity,adding.1_reactivity_0.smv_k40.dimacs,UNSAT,3.3955
MapleCOMSPS,reactivity,adding.1_reactivity_0.smv_k40.dimacs,UNSAT,7.75
BSaLTic-DHf,reactivity,adding.1_reactivity_0.smv_k400.dimacs,UNSAT,326.68
BSaLTic-EHf,reactivity,adding.1_reactivity_0.smv_k400.dimacs,UNSAT,433.93
Kissat,reactivity,adding.1_reactivity_0.smv_k400.dimacs,UNSAT,299.552
MapleCOMSPS,reactivity,adding.1_reactivity_0.smv_k400.dimacs,UNSAT,425.96
BSaLTic-DHf,reactivity,adding.1_reactivity_0.smv_k600.dimacs,UNSAT,1836.81
BSaLTic-EHf,reactivity,adding.1_reactivity_0.smv_k600.dimacs,UNSAT,2291.21
Kissat,reactivity,adding.1_reactivity_0.smv_k600.dimacs,UNSAT,1971.19
MapleCOMSPS,reactivity,adding.1_reactivity_0.smv_k600.dimacs,UNSAT,1825.84
BSaLTic-DHf,reactivity,adding.1_reactivity_0.smv_k80.dimacs,UNSAT,150.53
BSaLTic-EHf,reactivity,adding.1_reactivity_0.smv_k80.dimacs,UNSAT,205.16
Kissat,reactivity,adding.1_reactivity_0.smv_k80.dimacs,UNSAT,75.1535
MapleCOMSPS,reactivity,adding.1_reactivity_0.smv_k80.dimacs,UNSAT,108.72
BSaLTic-DHf,reactivity,adding.1_reactivity_0.smv_k800.dimacs,UNSAT,2310.29
BSaLTic-EHf,reactivity,adding.1_reactivity_0.smv_k800.dimacs,UNSAT,1782.71
Kissat,reactivity,adding.1_reactivity_0.smv_k800.dimacs,UNSAT,981.045
MapleCOMSPS,reactivity,adding.1_reactivity_0.smv_k800.dimacs,UNSAT,2781.5
BSaLTic-DHf,persistence,adding.1_recurrence_0.smv_k1000.dimacs,UNSAT,2025.27
BSaLTic-EHf,persistence,adding.1_recurrence_0.smv_k1000.dimacs,UNSAT,924.61
Kissat,persistence,adding.1_recurrence_0.smv_k1000.dimacs,UNSAT,955.103
MapleCOMSPS,persistence,adding.1_recurrence_0.smv_k1000.dimacs,UNSAT,1344.26
BSaLTic-DHf,persistence,adding.1_recurrence_0.smv_k200.dimacs,UNSAT,614.08
BSaLTic-EHf,persistence,adding.1_recurrence_0.smv_k200.dimacs,UNSAT,430.54
Kissat,persistence,adding.1_recurrence_0.smv_k200.dimacs,UNSAT,335.677
MapleCOMSPS,persistence,adding.1_recurrence_0.smv_k200.dimacs,UNSAT,563.28
BSaLTic-DHf,persistence,adding.1_recurrence_0.smv_k400.dimacs,UNSAT,713.34
BSaLTic-EHf,persistence,adding.1_recurrence_0.smv_k400.dimacs,UNSAT,538.35
Kissat,persistence,adding.1_recurrence_0.smv_k400.dimacs,UNSAT,376.159
MapleCOMSPS,persistence,adding.1_recurrence_0.smv_k400.dimacs,UNSAT,555.38
BSaLTic-DHf,persistence,adding.1_recurrence_0.smv_k600.dimacs,UNSAT,492.22
BSaLTic-EHf,persistence,adding.1_recurrence_0.smv_k600.dimacs,UNSAT,865.12
Kissat,persistence,adding.1_recurrence_0.smv_k600.dimacs,UNSAT,670.282
MapleCOMSPS,persistence,adding.1_recurrence_0.smv_k600.dimacs,UNSAT,835.03
BSaLTic-EHf,guarantee,adding.1_safety_0.smv_k1000.dimacs,UNSAT,1439.5
BSaLTic-DHf,guarantee,adding.1_safety_0.smv_k1000.dimacs,UNSAT,711.04
Kissat,guarantee,adding.1_safety_0.smv_k1000.dimacs,UNSAT,315.873
MapleCOMSPS,guarantee,adding.1_safety_0.smv_k1000.dimacs,UNSAT,2003.02
BSaLTic-EHf,guarantee,adding.1_safety_0.smv_k200.dimacs,UNSAT,320.72
BSaLTic-DHf,guarantee,adding.1_safety_0.smv_k200.dimacs,UNSAT,430.43
Kissat,guarantee,adding.1_safety_0.smv_k200.dimacs,UNSAT,212.84
MapleCOMSPS,guarantee,adding.1_safety_0.smv_k200.dimacs,UNSAT,321.46
BSaLTic-DHf,safety,adding.2_k1000.dimacs,UNSAT,3167.76
BSaLTic-EHf,safety,adding.2_k1000.dimacs,UNSAT,2737.33
Kissat,safety,adding.2_k1000.dimacs,UNSAT,1609.5
MapleCOMSPS,safety,adding.2_k1000.dimacs,UNSAT,3806.5
BSaLTic-DHf,safety,adding.2_k1400.dimacs,wall clock limit exceeded,7200.0
BSaLTic-EHf,safety,adding.2_k1400.dimacs,UNSAT,4069.78
Kissat,safety,adding.2_k1400.dimacs,UNSAT,2031.72
MapleCOMSPS,safety,adding.2_k1400.dimacs,UNSAT,4601.51
BSaLTic-DHf,safety,adding.2_k200.dimacs,wall clock limit exceeded,7200.0
BSaLTic-EHf,safety,adding.2_k200.dimacs,wall clock limit exceeded,7200.0
Kissat,safety,adding.2_k200.dimacs,UNSAT,532.463
MapleCOMSPS,safety,adding.2_k200.dimacs,wall clock limit exceeded,7200.0
BSaLTic-DHf,safety,adding.2_k2000.dimacs,wall clock limit exceeded,7200.0
BSaLTic-EHf,safety,adding.2_k2000.dimacs,wall clock limit exceeded,7200.0
Kissat,safety,adding.2_k2000.dimacs,UNSAT,6533.16
MapleCOMSPS,safety,adding.2_k2000.dimacs,wall clock limit exceeded,7200.0
BSaLTic-DHf,safety,adding.2_k6000.dimacs,wall clock limit exceeded,7200.0
BSaLTic-EHf,safety,adding.2_k6000.dimacs,wall clock limit exceeded,7200.0
Kissat,safety,adding.2_k6000.dimacs,wall clock limit exceeded,7200.02
MapleCOMSPS,safety,adding.2_k6000.dimacs,wall clock limit exceeded,7200.0
BSaLTic-DHf,safety,adding.2_k800.dimacs,UNSAT,2713.79
BSaLTic-EHf,safety,adding.2_k800.dimacs,UNSAT,2792.71
Kissat,safety,adding.2_k800.dimacs,UNSAT,1100.61
MapleCOMSPS,safety,adding.2_k800.dimacs,UNSAT,3317.19
BSaLTic-DHf,obligation,adding.2_obligation_0.smv_k100.dimacs,UNSAT,3109.1
BSaLTic-EHf,obligation,adding.2_obligation_0.smv_k100.dimacs,UNSAT,3736.34
Kissat,obligation,adding.2_obligation_0.smv_k100.dimacs,UNSAT,330.331
MapleCOMSPS,obligation,adding.2_obligation_0.smv_k100.dimacs,UNSAT,3796.35
BSaLTic-DHf,obligation,adding.2_obligation_0.smv_k1000.dimacs,wall clock limit exceeded,7200.0
BSaLTic-EHf,obligation,adding.2_obligation_0.smv_k1000.dimacs,wall clock limit exceeded,7200.0
Kissat,obligation,adding.2_obligation_0.smv_k1000.dimacs,UNSAT,3065.16
MapleCOMSPS,obligation,adding.2_obligation_0.smv_k1000.dimacs,wall clock limit exceeded,7200.0
BSaLTic-DHf,obligation,adding.2_obligation_0.smv_k200.dimacs,wall clock limit exceeded,7200.0
BSaLTic-EHf,obligation,adding.2_obligation_0.smv_k200.dimacs,wall clock limit exceeded,7200.0
Kissat,obligation,adding.2_obligation_0.smv_k200.dimacs,UNSAT,1381.31
MapleCOMSPS,obligation,adding.2_obligation_0.smv_k200.dimacs,wall clock limit exceeded,7200.0
BSaLTic-DHf,obligation,adding.2_obligation_0.smv_k40.dimacs,UNSAT,38.23
BSaLTic-EHf,obligation,adding.2_obligation_0.smv_k40.dimacs,UNSAT,34.93
Kissat,obligation,adding.2_obligation_0.smv_k40.dimacs,UNSAT,12.6274
MapleCOMSPS,obligation,adding.2_obligation_0.smv_k40.dimacs,UNSAT,51.96
BSaLTic-DHf,obligation,adding.2_obligation_0.smv_k400.dimacs,wall clock limit exceeded,7200.0
BSaLTic-EHf,obligation,adding.2_obligation_0.smv_k400.dimacs,wall clock limit exceeded,7200.0
Kissat,obligation,adding.2_obligation_0.smv_k400.dimacs,UNSAT,3038.08
MapleCOMSPS,obligation,adding.2_obligation_0.smv_k400.dimacs,wall clock limit exceeded,7200.0
BSaLTic-DHf,obligation,adding.2_obligation_0.smv_k600.dimacs,UNSAT,3529.17
BSaLTic-EHf,obligation,adding.2_obligation_0.smv_k600.dimacs,UNSAT,4109.5
Kissat,obligation,adding.2_obligation_0.smv_k600.dimacs,UNSAT,2479.49
MapleCOMSPS,obligation,adding.2_obligation_0.smv_k600.dimacs,UNSAT,5882.92
BSaLTic-DHf,obligation,adding.2_obligation_0.smv_k80.dimacs,UNSAT,375.64
BSaLTic-EHf,obligation,adding.2_obligation_0.smv_k80.dimacs,UNSAT,382.91
Kissat,obligation,adding.2_obligation_0.smv_k80.dimacs,UNSAT,93.0792
MapleCOMSPS,obligation,adding.2_obligation_0.smv_k80.dimacs,UNSAT,644.59
BSaLTic-DHf,obligation,adding.2_obligation_0.smv_k800.dimacs,UNSAT,4451.02
BSaLTic-EHf,obligation,adding.2_obligation_0.smv_k800.dimacs,UNSAT,3499.13
Kissat,obligation,adding.2_obligation_0.smv_k800.dimacs,UNSAT,2176.42
MapleCOMSPS,obligation,adding.2_obligation_0.smv_k800.dimacs,UNSAT,5873.41
BSaLTic-DHf,reactivity,adding.2_reactivity_0.smv_k100.dimacs,UNSAT,1493.89
BSaLTic-EHf,reactivity,adding.2_reactivity_0.smv_k100.dimacs,UNSAT,1577.2
Kissat,reactivity,adding.2_reactivity_0.smv_k100.dimacs,UNSAT,311.545
MapleCOMSPS,reactivity,adding.2_reactivity_0.smv_k100.dimacs,UNSAT,1664.05
BSaLTic-DHf,reactivity,adding.2_reactivity_0.smv_k200.dimacs,wall clock limit exceeded,7200.0
BSaLTic-EHf,reactivity,adding.2_reactivity_0.smv_k200.dimacs,wall clock limit exceeded,7200.0
Kissat,reactivity,adding.2_reactivity_0.smv_k200.dimacs,UNSAT,1445.43
MapleCOMSPS,reactivity,adding.2_reactivity_0.smv_k200.dimacs,wall clock limit exceeded,7200.0
BSaLTic-DHf,reactivity,adding.2_reactivity_0.smv_k40.dimacs,UNSAT,10.14
BSaLTic-EHf,reactivity,adding.2_reactivity_0.smv_k40.dimacs,UNSAT,8.76
Kissat,reactivity,adding.2_reactivity_0.smv_k40.dimacs,UNSAT,5.07879
MapleCOMSPS,reactivity,adding.2_reactivity_0.smv_k40.dimacs,UNSAT,9.59
BSaLTic-DHf,reactivity,adding.2_reactivity_0.smv_k400.dimacs,wall clock limit exceeded,7200.0
BSaLTic-EHf,reactivity,adding.2_reactivity_0.smv_k400.dimacs,wall clock limit exceeded,7200.0
Kissat,reactivity,adding.2_reactivity_0.smv_k400.dimacs,UNSAT,2555.6
MapleCOMSPS,reactivity,adding.2_reactivity_0.smv_k400.dimacs,wall clock limit exceeded,7200.0
BSaLTic-DHf,reactivity,adding.2_reactivity_0.smv_k600.dimacs,wall clock limit exceeded,7200.0
BSaLTic-EHf,reactivity,adding.2_reactivity_0.smv_k600.dimacs,wall clock limit exceeded,7200.0
Kissat,reactivity,adding.2_reactivity_0.smv_k600.dimacs,UNSAT,2886.46
MapleCOMSPS,reactivity,adding.2_reactivity_0.smv_k600.dimacs,wall clock limit exceeded,7200.0
BSaLTic-DHf,persistence,adding.2_recurrence_0.smv_k400.dimacs,UNSAT,4627.66
BSaLTic-EHf,persistence,adding.2_recurrence_0.smv_k400.dimacs,UNSAT,5820.8
Kissat,persistence,adding.2_recurrence_0.smv_k400.dimacs,UNSAT,3611.51
MapleCOMSPS,persistence,adding.2_recurrence_0.smv_k400.dimacs,wall clock limit exceeded,7200.0
BSaLTic-DHf,persistence,adding.2_recurrence_0.smv_k600.dimacs,UNSAT,3819.19
BSaLTic-EHf,persistence,adding.2_recurrence_0.smv_k600.dimacs,UNSAT,6504.18
Kissat,persistence,adding.2_recurrence_0.smv_k600.dimacs,UNSAT,3763.17
MapleCOMSPS,persistence,adding.2_recurrence_0.smv_k600.dimacs,UNSAT,6508.65
BSaLTic-DHf,persistence,adding.2_recurrence_0.smv_k80.dimacs,UNSAT,70.6
BSaLTic-EHf,persistence,adding.2_recurrence_0.smv_k80.dimacs,UNSAT,237.44
Kissat,persistence,adding.2_recurrence_0.smv_k80.dimacs,UNSAT,54.2719
MapleCOMSPS,persistence,adding.2_recurrence_0.smv_k80.dimacs,UNSAT,110.89
BSaLTic-DHf,persistence,adding.2_recurrence_0.smv_k800.dimacs,UNSAT,6188.7
BSaLTic-EHf,persistence,adding.2_recurrence_0.smv_k800.dimacs,wall clock limit exceeded,7200.0
Kissat,persistence,adding.2_recurrence_0.smv_k800.dimacs,wall clock limit exceeded,7200.0
MapleCOMSPS,persistence,adding.2_recurrence_0.smv_k800.dimacs,wall clock limit exceeded,7200.0
BSaLTic-EHf,guarantee,adding.2_safety_0.smv_k200.dimacs,SAT,158.07
BSaLTic-DHf,guarantee,adding.2_safety_0.smv_k200.dimacs,SAT,110.73
Kissat,guarantee,adding.2_safety_0.smv_k200.dimacs,SAT,76.509
MapleCOMSPS,guarantee,adding.2_safety_0.smv_k200.dimacs,SAT,113.27
BSaLTic-EHf,guarantee,adding.2_safety_0.smv_k2000.dimacs,UNSAT,5186.3
BSaLTic-DHf,guarantee,adding.2_safety_0.smv_k2000.dimacs,wall clock limit exceeded,7200.0
Kissat,guarantee,adding.2_safety_0.smv_k2000.dimacs,UNSAT,4119.8
MapleCOMSPS,guarantee,adding.2_safety_0.smv_k2000.dimacs,UNSAT,3498.63
BSaLTic-EHf,guarantee,adding.2_safety_0.smv_k400.dimacs,SAT,1837.63
BSaLTic-DHf,guarantee,adding.2_safety_0.smv_k400.dimacs,SAT,2605.77
Kissat,guarantee,adding.2_safety_0.smv_k400.dimacs,SAT,656.898
MapleCOMSPS,guarantee,adding.2_safety_0.smv_k400.dimacs,SAT,1694.23
BSaLTic-DHf,safety,adding.3_k100.dimacs,UNSAT,2764.41
BSaLTic-EHf,safety,adding.3_k100.dimacs,UNSAT,1958.35
Kissat,safety,adding.3_k100.dimacs,UNSAT,306.28
MapleCOMSPS,safety,adding.3_k100.dimacs,UNSAT,3010.02
BSaLTic-DHf,safety,adding.3_k1000.dimacs,UNSAT,5533.14
BSaLTic-EHf,safety,adding.3_k1000.dimacs,UNSAT,3426.95
Kissat,safety,adding.3_k1000.dimacs,UNSAT,3330.19
MapleCOMSPS,safety,adding.3_k1000.dimacs,wall clock limit exceeded,7200.0
BSaLTic-DHf,safety,adding.3_k1400.dimacs,UNSAT,4946.6
BSaLTic-EHf,safety,adding.3_k1400.dimacs,UNSAT,5510.14
Kissat,safety,adding.3_k1400.dimacs,UNSAT,2605.84
MapleCOMSPS,safety,adding.3_k1400.dimacs,wall clock limit exceeded,7200.0
BSaLTic-DHf,safety,adding.3_k200.dimacs,wall clock limit exceeded,7200.0
BSaLTic-EHf,safety,adding.3_k200.dimacs,wall clock limit exceeded,7200.0
Kissat,safety,adding.3_k200.dimacs,UNSAT,973.764
MapleCOMSPS,safety,adding.3_k200.dimacs,wall clock limit exceeded,7200.0
BSaLTic-DHf,obligation,adding.3_obligation_0.smv_k100.dimacs,UNSAT,4380.32
BSaLTic-EHf,obligation,adding.3_obligation_0.smv_k100.dimacs,UNSAT,4385.48
Kissat,obligation,adding.3_obligation_0.smv_k100.dimacs,UNSAT,186.348
MapleCOMSPS,obligation,adding.3_obligation_0.smv_k100.dimacs,wall clock limit exceeded,7200.0
BSaLTic-DHf,obligation,adding.3_obligation_0.smv_k1000.dimacs,wall clock limit exceeded,7200.0
BSaLTic-EHf,obligation,adding.3_obligation_0.smv_k1000.dimacs,wall clock limit exceeded,7200.0
Kissat,obligation,adding.3_obligation_0.smv_k1000.dimacs,wall clock limit exceeded,7200.0
MapleCOMSPS,obligation,adding.3_obligation_0.smv_k1000.dimacs,wall clock limit exceeded,7200.0
BSaLTic-DHf,obligation,adding.3_obligation_0.smv_k200.dimacs,wall clock limit exceeded,7200.0
BSaLTic-EHf,obligation,adding.3_obligation_0.smv_k200.dimacs,wall clock limit exceeded,7200.0
Kissat,obligation,adding.3_obligation_0.smv_k200.dimacs,UNSAT,2362.91
MapleCOMSPS,obligation,adding.3_obligation_0.smv_k200.dimacs,wall clock limit exceeded,7200.0
BSaLTic-DHf,obligation,adding.3_obligation_0.smv_k40.dimacs,UNSAT,37.36
BSaLTic-EHf,obligation,adding.3_obligation_0.smv_k40.dimacs,UNSAT,31.31
Kissat,obligation,adding.3_obligation_0.smv_k40.dimacs,UNSAT,12.2026
MapleCOMSPS,obligation,adding.3_obligation_0.smv_k40.dimacs,UNSAT,50.31
BSaLTic-DHf,obligation,adding.3_obligation_0.smv_k400.dimacs,wall clock limit exceeded,7200.0
BSaLTic-EHf,obligation,adding.3_obligation_0.smv_k400.dimacs,wall clock limit exceeded,7200.0
Kissat,obligation,adding.3_obligation_0.smv_k400.dimacs,UNSAT,6362.12
MapleCOMSPS,obligation,adding.3_obligation_0.smv_k400.dimacs,wall clock limit exceeded,7200.0
BSaLTic-DHf,obligation,adding.3_obligation_0.smv_k600.dimacs,UNSAT,5319.26
BSaLTic-EHf,obligation,adding.3_obligation_0.smv_k600.dimacs,wall clock limit exceeded,7200.0
Kissat,obligation,adding.3_obligation_0.smv_k600.dimacs,UNSAT,4958.97
MapleCOMSPS,obligation,adding.3_obligation_0.smv_k600.dimacs,UNSAT,7060.9
BSaLTic-DHf,obligation,adding.3_obligation_0.smv_k80.dimacs,UNSAT,910.97
BSaLTic-EHf,obligation,adding.3_obligation_0.smv_k80.dimacs,UNSAT,435.05
Kissat,obligation,adding.3_obligation_0.smv_k80.dimacs,UNSAT,86.2801
MapleCOMSPS,obligation,adding.3_obligation_0.smv_k80.dimacs,UNSAT,831.9
BSaLTic-DHf,obligation,adding.3_obligation_0.smv_k800.dimacs,UNSAT,5889.28
BSaLTic-EHf,obligation,adding.3_obligation_0.smv_k800.dimacs,wall clock limit exceeded,7200.0
Kissat,obligation,adding.3_obligation_0.smv_k800.dimacs,UNSAT,3933.61
MapleCOMSPS,obligation,adding.3_obligation_0.smv_k800.dimacs,wall clock limit exceeded,7200.0
BSaLTic-DHf,reactivity,adding.3_reactivity_0.smv_k40.dimacs,UNSAT,7.75
BSaLTic-EHf,reactivity,adding.3_reactivity_0.smv_k40.dimacs,UNSAT,8.59
Kissat,reactivity,adding.3_reactivity_0.smv_k40.dimacs,UNSAT,3.35823
MapleCOMSPS,reactivity,adding.3_reactivity_0.smv_k40.dimacs,UNSAT,8.37
BSaLTic-DHf,reactivity,adding.3_reactivity_0.smv_k400.dimacs,wall clock limit exceeded,7200.0
BSaLTic-EHf,reactivity,adding.3_reactivity_0.smv_k400.dimacs,wall clock limit exceeded,7200.0
Kissat,reactivity,adding.3_reactivity_0.smv_k400.dimacs,UNSAT,3560.11
MapleCOMSPS,reactivity,adding.3_reactivity_0.smv_k400.dimacs,wall clock limit exceeded,7200.0
BSaLTic-DHf,reactivity,adding.3_reactivity_0.smv_k600.dimacs,wall clock limit exceeded,7200.0
BSaLTic-EHf,reactivity,adding.3_reactivity_0.smv_k600.dimacs,wall clock limit exceeded,7200.0
Kissat,reactivity,adding.3_reactivity_0.smv_k600.dimacs,UNSAT,4480.72
MapleCOMSPS,reactivity,adding.3_reactivity_0.smv_k600.dimacs,wall clock limit exceeded,7200.0
BSaLTic-DHf,reactivity,adding.3_reactivity_0.smv_k80.dimacs,UNSAT,264.08
BSaLTic-EHf,reactivity,adding.3_reactivity_0.smv_k80.dimacs,UNSAT,356.41
Kissat,reactivity,adding.3_reactivity_0.smv_k80.dimacs,UNSAT,71.1036
MapleCOMSPS,reactivity,adding.3_reactivity_0.smv_k80.dimacs,UNSAT,304.01
BSaLTic-DHf,reactivity,adding.3_reactivity_0.smv_k800.dimacs,wall clock limit exceeded,7200.0
BSaLTic-EHf,reactivity,adding.3_reactivity_0.smv_k800.dimacs,wall clock limit exceeded,7200.0
Kissat,reactivity,adding.3_reactivity_0.smv_k800.dimacs,wall clock limit exceeded,7200.02
MapleCOMSPS,reactivity,adding.3_reactivity_0.smv_k800.dimacs,wall clock limit exceeded,7200.0
BSaLTic-DHf,persistence,adding.3_recurrence_0.smv_k1000.dimacs,wall clock limit exceeded,7200.0
BSaLTic-EHf,persistence,adding.3_recurrence_0.smv_k1000.dimacs,wall clock limit exceeded,7200.0
Kissat,persistence,adding.3_recurrence_0.smv_k1000.dimacs,wall clock limit exceeded,7200.0
MapleCOMSPS,persistence,adding.3_recurrence_0.smv_k1000.dimacs,wall clock limit exceeded,7200.0
BSaLTic-DHf,persistence,adding.3_recurrence_0.smv_k200.dimacs,UNSAT,824.26
BSaLTic-EHf,persistence,adding.3_recurrence_0.smv_k200.dimacs,UNSAT,844.19
Kissat,persistence,adding.3_recurrence_0.smv_k200.dimacs,UNSAT,313.786
MapleCOMSPS,persistence,adding.3_recurrence_0.smv_k200.dimacs,UNSAT,607.83
BSaLTic-DHf,persistence,adding.3_recurrence_0.smv_k400.dimacs,wall clock limit exceeded,7200.0
BSaLTic-EHf,persistence,adding.3_recurrence_0.smv_k400.dimacs,UNSAT,3601.93
Kissat,persistence,adding.3_recurrence_0.smv_k400.dimacs,UNSAT,5099.51
MapleCOMSPS,persistence,adding.3_recurrence_0.smv_k400.dimacs,wall clock limit exceeded,7200.0
BSaLTic-EHf,guarantee,adding.3_safety_0.smv_k200.dimacs,SAT,119.25
BSaLTic-DHf,guarantee,adding.3_safety_0.smv_k200.dimacs,SAT,103.31
Kissat,guarantee,adding.3_safety_0.smv_k200.dimacs,SAT,43.003
MapleCOMSPS,guarantee,adding.3_safety_0.smv_k200.dimacs,SAT,112.26
BSaLTic-EHf,guarantee,adding.3_safety_0.smv_k400.dimacs,SAT,1803.88
BSaLTic-DHf,guarantee,adding.3_safety_0.smv_k400.dimacs,SAT,2442.93
Kissat,guarantee,adding.3_safety_0.smv_k400.dimacs,SAT,983.058
MapleCOMSPS,guarantee,adding.3_safety_0.smv_k400.dimacs,SAT,1728.94
BSaLTic-DHf,safety,adding.4_k1000.dimacs,UNSAT,4991.98
BSaLTic-EHf,safety,adding.4_k1000.dimacs,UNSAT,5779.19
Kissat,safety,adding.4_k1000.dimacs,UNSAT,3060.29
MapleCOMSPS,safety,adding.4_k1000.dimacs,UNSAT,4257.26
BSaLTic-DHf,safety,adding.4_k1400.dimacs,UNSAT,5003.84
BSaLTic-EHf,safety,adding.4_k1400.dimacs,wall clock limit exceeded,7200.0
Kissat,safety,adding.4_k1400.dimacs,UNSAT,4488.57
MapleCOMSPS,safety,adding.4_k1400.dimacs,wall clock limit exceeded,7200.0
BSaLTic-DHf,safety,adding.4_k200.dimacs,wall clock limit exceeded,7200.0
BSaLTic-EHf,safety,adding.4_k200.dimacs,wall clock limit exceeded,7200.0
Kissat,safety,adding.4_k200.dimacs,UNSAT,1341.68
MapleCOMSPS,safety,adding.4_k200.dimacs,wall clock limit exceeded,7200.0
BSaLTic-DHf,safety,adding.4_k2000.dimacs,UNSAT,5239.79
BSaLTic-EHf,safety,adding.4_k2000.dimacs,wall clock limit exceeded,7200.0
Kissat,safety,adding.4_k2000.dimacs,UNSAT,4587.32
MapleCOMSPS,safety,adding.4_k2000.dimacs,UNSAT,5480.72
BSaLTic-DHf,safety,adding.4_k4000.dimacs,UNSAT,6160.61
BSaLTic-EHf,safety,adding.4_k4000.dimacs,wall clock limit exceeded,7200.0
Kissat,safety,adding.4_k4000.dimacs,UNSAT,5552.81
MapleCOMSPS,safety,adding.4_k4000.dimacs,wall clock limit exceeded,7200.0
BSaLTic-DHf,safety,adding.4_k6000.dimacs,wall clock limit exceeded,7200.0
BSaLTic-EHf,safety,adding.4_k6000.dimacs,wall clock limit exceeded,7200.0
Kissat,safety,adding.4_k6000.dimacs,wall clock limit exceeded,7200.02
MapleCOMSPS,safety,adding.4_k6000.dimacs,wall clock limit exceeded,7200.0
BSaLTic-DHf,safety,adding.4_k800.dimacs,UNSAT,4991.93
BSaLTic-EHf,safety,adding.4_k800.dimacs,UNSAT,3767.3
Kissat,safety,adding.4_k800.dimacs,UNSAT,2525.92
MapleCOMSPS,safety,adding.4_k800.dimacs,UNSAT,3564.73
BSaLTic-DHf,obligation,adding.4_obligation_0.smv_k100.dimacs,UNSAT,5175.79
BSaLTic-EHf,obligation,adding.4_obligation_0.smv_k100.dimacs,UNSAT,3615.37
Kissat,obligation,adding.4_obligation_0.smv_k100.dimacs,UNSAT,173.45
MapleCOMSPS,obligation,adding.4_obligation_0.smv_k100.dimacs,UNSAT,6385.72
BSaLTic-DHf,obligation,adding.4_obligation_0.smv_k1000.dimacs,UNSAT,6596.23
BSaLTic-EHf,obligation,adding.4_obligation_0.smv_k1000.dimacs,UNSAT,7056.41
Kissat,obligation,adding.4_obligation_0.smv_k1000.dimacs,UNSAT,6463.82
MapleCOMSPS,obligation,adding.4_obligation_0.smv_k1000.dimacs,wall clock limit exceeded,7200.0
BSaLTic-DHf,obligation,adding.4_obligation_0.smv_k200.dimacs,wall clock limit exceeded,7200.0
BSaLTic-EHf,obligation,adding.4_obligation_0.smv_k200.dimacs,wall clock limit exceeded,7200.0
Kissat,obligation,adding.4_obligation_0.smv_k200.dimacs,UNSAT,2402.09
MapleCOMSPS,obligation,adding.4_obligation_0.smv_k200.dimacs,wall clock limit exceeded,7200.0
BSaLTic-DHf,obligation,adding.4_obligation_0.smv_k40.dimacs,UNSAT,40.02
BSaLTic-EHf,obligation,adding.4_obligation_0.smv_k40.dimacs,UNSAT,46.17
Kissat,obligation,adding.4_obligation_0.smv_k40.dimacs,UNSAT,10.1122
MapleCOMSPS,obligation,adding.4_obligation_0.smv_k40.dimacs,UNSAT,54.28
BSaLTic-DHf,obligation,adding.4_obligation_0.smv_k800.dimacs,UNSAT,5579.77
BSaLTic-EHf,obligation,adding.4_obligation_0.smv_k800.dimacs,UNSAT,5962.97
Kissat,obligation,adding.4_obligation_0.smv_k800.dimacs,UNSAT,6722.8
MapleCOMSPS,obligation,adding.4_obligation_0.smv_k800.dimacs,wall clock limit exceeded,7200.0
BSaLTic-DHf,reactivity,adding.4_reactivity_0.smv_k100.dimacs,UNSAT,1374.66
BSaLTic-EHf,reactivity,adding.4_reactivity_0.smv_k100.dimacs,UNSAT,1481.57
Kissat,reactivity,adding.4_reactivity_0.smv_k100.dimacs,UNSAT,381.129
MapleCOMSPS,reactivity,adding.4_reactivity_0.smv_k100.dimacs,UNSAT,1642.47
BSaLTic-DHf,reactivity,adding.4_reactivity_0.smv_k200.dimacs,wall clock limit exceeded,7200.0
BSaLTic-EHf,reactivity,adding.4_reactivity_0.smv_k200.dimacs,wall clock limit exceeded,7200.0
Kissat,reactivity,adding.4_reactivity_0.smv_k200.dimacs,UNSAT,3384.94
MapleCOMSPS,reactivity,adding.4_reactivity_0.smv_k200.dimacs,wall clock limit exceeded,7200.0
BSaLTic-DHf,reactivity,adding.4_reactivity_0.smv_k40.dimacs,UNSAT,7.28
BSaLTic-EHf,reactivity,adding.4_reactivity_0.smv_k40.dimacs,UNSAT,12.07
Kissat,reactivity,adding.4_reactivity_0.smv_k40.dimacs,UNSAT,5.32463
MapleCOMSPS,reactivity,adding.4_reactivity_0.smv_k40.dimacs,UNSAT,8.15
BSaLTic-DHf,reactivity,adding.4_reactivity_0.smv_k400.dimacs,wall clock limit exceeded,7200.0
BSaLTic-EHf,reactivity,adding.4_reactivity_0.smv_k400.dimacs,wall clock limit exceeded,7200.0
Kissat,reactivity,adding.4_reactivity_0.smv_k400.dimacs,UNSAT,3159.98
MapleCOMSPS,reactivity,adding.4_reactivity_0.smv_k400.dimacs,wall clock limit exceeded,7200.0
BSaLTic-DHf,reactivity,adding.4_reactivity_0.smv_k600.dimacs,wall clock limit exceeded,7200.0
BSaLTic-EHf,reactivity,adding.4_reactivity_0.smv_k600.dimacs,wall clock limit exceeded,7200.0
Kissat,reactivity,adding.4_reactivity_0.smv_k600.dimacs,UNSAT,6541.12
MapleCOMSPS,reactivity,adding.4_reactivity_0.smv_k600.dimacs,wall clock limit exceeded,7200.0
BSaLTic-DHf,reactivity,adding.4_reactivity_0.smv_k80.dimacs,UNSAT,218.65
BSaLTic-EHf,reactivity,adding.4_reactivity_0.smv_k80.dimacs,UNSAT,254.52
Kissat,reactivity,adding.4_reactivity_0.smv_k80.dimacs,UNSAT,123.471
MapleCOMSPS,reactivity,adding.4_reactivity_0.smv_k80.dimacs,UNSAT,236.65
BSaLTic-DHf,persistence,adding.4_recurrence_0.smv_k1000.dimacs,wall clock limit exceeded,7200.0
BSaLTic-EHf,persistence,adding.4_recurrence_0.smv_k1000.dimacs,wall clock limit exceeded,7200.0
Kissat,persistence,adding.4_recurrence_0.smv_k1000.dimacs,wall clock limit exceeded,7200.0
MapleCOMSPS,persistence,adding.4_recurrence_0.smv_k1000.dimacs,wall clock limit exceeded,7200.0
BSaLTic-DHf,persistence,adding.4_recurrence_0.smv_k200.dimacs,UNSAT,1032.37
BSaLTic-EHf,persistence,adding.4_recurrence_0.smv_k200.dimacs,UNSAT,1533.39
Kissat,persistence,adding.4_recurrence_0.smv_k200.dimacs,UNSAT,357.017
MapleCOMSPS,persistence,adding.4_recurrence_0.smv_k200.dimacs,UNSAT,1134.4
BSaLTic-DHf,persistence,adding.4_recurrence_0.smv_k400.dimacs,wall clock limit exceeded,7200.0
BSaLTic-EHf,persistence,adding.4_recurrence_0.smv_k400.dimacs,wall clock limit exceeded,7200.0
Kissat,persistence,adding.4_recurrence_0.smv_k400.dimacs,UNSAT,3442.45
MapleCOMSPS,persistence,adding.4_recurrence_0.smv_k400.dimacs,wall clock limit exceeded,7200.0
BSaLTic-DHf,persistence,adding.4_recurrence_0.smv_k600.dimacs,wall clock limit exceeded,7200.0
BSaLTic-EHf,persistence,adding.4_recurrence_0.smv_k600.dimacs,wall clock limit exceeded,7200.0
Kissat,persistence,adding.4_recurrence_0.smv_k600.dimacs,UNSAT,6658.25
MapleCOMSPS,persistence,adding.4_recurrence_0.smv_k600.dimacs,wall clock limit exceeded,7200.0
BSaLTic-DHf,persistence,adding.4_recurrence_0.smv_k800.dimacs,wall clock limit exceeded,7200.0
BSaLTic-EHf,persistence,adding.4_recurrence_0.smv_k800.dimacs,wall clock limit exceeded,7200.0
Kissat,persistence,adding.4_recurrence_0.smv_k800.dimacs,wall clock limit exceeded,7200.0
MapleCOMSPS,persistence,adding.4_recurrence_0.smv_k800.dimacs,wall clock limit exceeded,7200.0
BSaLTic-EHf,guarantee,adding.4_safety_0.smv_k1000.dimacs,UNSAT,5655.11
BSaLTic-DHf,guarantee,adding.4_safety_0.smv_k1000.dimacs,wall clock limit exceeded,7200.0
Kissat,guarantee,adding.4_safety_0.smv_k1000.dimacs,UNSAT,1860.04
MapleCOMSPS,guarantee,adding.4_safety_0.smv_k1000.dimacs,UNSAT,5435.47
BSaLTic-EHf,guarantee,adding.4_safety_0.smv_k200.dimacs,SAT,76.46
BSaLTic-DHf,guarantee,adding.4_safety_0.smv_k200.dimacs,SAT,88.51
Kissat,guarantee,adding.4_safety_0.smv_k200.dimacs,SAT,36.9712
MapleCOMSPS,guarantee,adding.4_safety_0.smv_k200.dimacs,SAT,75.26
BSaLTic-EHf,guarantee,adding.4_safety_0.smv_k2000.dimacs,UNSAT,5580.71
BSaLTic-DHf,guarantee,adding.4_safety_0.smv_k2000.dimacs,wall clock limit exceeded,7200.0
Kissat,guarantee,adding.4_safety_0.smv_k2000.dimacs,UNSAT,4891.47
MapleCOMSPS,guarantee,adding.4_safety_0.smv_k2000.dimacs,UNSAT,5552.19
BSaLTic-EHf,guarantee,adding.4_safety_0.smv_k4000.dimacs,UNSAT,4626.02
BSaLTic-DHf,guarantee,adding.4_safety_0.smv_k4000.dimacs,wall clock limit exceeded,7200.0
Kissat,guarantee,adding.4_safety_0.smv_k4000.dimacs,wall clock limit exceeded,7200.02
MapleCOMSPS,guarantee,adding.4_safety_0.smv_k4000.dimacs,UNSAT,4590.11
BSaLTic-EHf,guarantee,adding.4_safety_0.smv_k600.dimacs,UNSAT,3443.42
BSaLTic-DHf,guarantee,adding.4_safety_0.smv_k600.dimacs,UNSAT,3658.0
Kissat,guarantee,adding.4_safety_0.smv_k600.dimacs,UNSAT,1829.51
MapleCOMSPS,guarantee,adding.4_safety_0.smv_k600.dimacs,UNSAT,3426.56
BSaLTic-EHf,guarantee,adding.4_safety_0.smv_k6000.dimacs,wall clock limit exceeded,7200.0
BSaLTic-DHf,guarantee,adding.4_safety_0.smv_k6000.dimacs,wall clock limit exceeded,7200.0
Kissat,guarantee,adding.4_safety_0.smv_k6000.dimacs,wall clock limit exceeded,7200.03
MapleCOMSPS,guarantee,adding.4_safety_0.smv_k6000.dimacs,wall clock limit exceeded,7200.0
BSaLTic-EHf,guarantee,adding.4_safety_0.smv_k800.dimacs,UNSAT,4459.11
BSaLTic-DHf,guarantee,adding.4_safety_0.smv_k800.dimacs,UNSAT,6522.37
Kissat,guarantee,adding.4_safety_0.smv_k800.dimacs,UNSAT,2782.0
MapleCOMSPS,guarantee,adding.4_safety_0.smv_k800.dimacs,UNSAT,4362.68
BSaLTic-DHf,safety,adding.5_k100.dimacs,UNSAT,5277.14
BSaLTic-EHf,safety,adding.5_k100.dimacs,UNSAT,4046.35
Kissat,safety,adding.5_k100.dimacs,UNSAT,310.227
MapleCOMSPS,safety,adding.5_k100.dimacs,UNSAT,2799.69
BSaLTic-DHf,safety,adding.5_k1000.dimacs,wall clock limit exceeded,7200.0
BSaLTic-EHf,safety,adding.5_k1000.dimacs,UNSAT,5591.73
Kissat,safety,adding.5_k1000.dimacs,UNSAT,1813.58
MapleCOMSPS,safety,adding.5_k1000.dimacs,UNSAT,4423.54
BSaLTic-DHf,safety,adding.5_k1400.dimacs,wall clock limit exceeded,7200.0
BSaLTic-EHf,safety,adding.5_k1400.dimacs,UNSAT,4530.1
Kissat,safety,adding.5_k1400.dimacs,UNSAT,2152.19
MapleCOMSPS,safety,adding.5_k1400.dimacs,UNSAT,6045.72
BSaLTic-DHf,safety,adding.5_k200.dimacs,wall clock limit exceeded,7200.0
BSaLTic-EHf,safety,adding.5_k200.dimacs,wall clock limit exceeded,7200.0
Kissat,safety,adding.5_k200.dimacs,UNSAT,1599.37
MapleCOMSPS,safety,adding.5_k200.dimacs,wall clock limit exceeded,7200.0
BSaLTic-DHf,safety,adding.5_k2000.dimacs,wall clock limit exceeded,7200.0
BSaLTic-EHf,safety,adding.5_k2000.dimacs,wall clock limit exceeded,7200.0
Kissat,safety,adding.5_k2000.dimacs,wall clock limit exceeded,7200.02
MapleCOMSPS,safety,adding.5_k2000.dimacs,wall clock limit exceeded,7200.0
BSaLTic-DHf,safety,adding.5_k4000.dimacs,UNSAT,5989.59
BSaLTic-EHf,safety,adding.5_k4000.dimacs,wall clock limit exceeded,7200.0
Kissat,safety,adding.5_k4000.dimacs,wall clock limit exceeded,7200.02
MapleCOMSPS,safety,adding.5_k4000.dimacs,wall clock limit exceeded,7200.0
BSaLTic-DHf,safety,adding.5_k600.dimacs,UNSAT,5156.5
BSaLTic-EHf,safety,adding.5_k600.dimacs,UNSAT,4298.32
Kissat,safety,adding.5_k600.dimacs,UNSAT,2163.8
MapleCOMSPS,safety,adding.5_k600.dimacs,UNSAT,4531.87
BSaLTic-DHf,safety,adding.5_k6000.dimacs,UNSAT,6259.92
BSaLTic-EHf,safety,adding.5_k6000.dimacs,wall clock limit exceeded,7200.0
Kissat,safety,adding.5_k6000.dimacs,wall clock limit exceeded,7200.02
MapleCOMSPS,safety,adding.5_k6000.dimacs,wall clock limit exceeded,7200.0
BSaLTic-DHf,obligation,adding.5_obligation_0.smv_k100.dimacs,UNSAT,3471.74
BSaLTic-EHf,obligation,adding.5_obligation_0.smv_k100.dimacs,UNSAT,5224.95
Kissat,obligation,adding.5_obligation_0.smv_k100.dimacs,UNSAT,237.426
MapleCOMSPS,obligation,adding.5_obligation_0.smv_k100.dimacs,UNSAT,4629.64
BSaLTic-DHf,obligation,adding.5_obligation_0.smv_k1000.dimacs,UNSAT,6400.91
BSaLTic-EHf,obligation,adding.5_obligation_0.smv_k1000.dimacs,wall clock limit exceeded,7200.0
Kissat,obligation,adding.5_obligation_0.smv_k1000.dimacs,UNSAT,3522.87
MapleCOMSPS,obligation,adding.5_obligation_0.smv_k1000.dimacs,wall clock limit exceeded,7200.0
BSaLTic-DHf,obligation,adding.5_obligation_0.smv_k200.dimacs,wall clock limit exceeded,7200.0
BSaLTic-EHf,obligation,adding.5_obligation_0.smv_k200.dimacs,wall clock limit exceeded,7200.0
Kissat,obligation,adding.5_obligation_0.smv_k200.dimacs,UNSAT,1739.21
MapleCOMSPS,obligation,adding.5_obligation_0.smv_k200.dimacs,wall clock limit exceeded,7200.0
BSaLTic-DHf,obligation,adding.5_obligation_0.smv_k40.dimacs,UNSAT,34.87
BSaLTic-EHf,obligation,adding.5_obligation_0.smv_k40.dimacs,UNSAT,32.37
Kissat,obligation,adding.5_obligation_0.smv_k40.dimacs,UNSAT,9.27293
MapleCOMSPS,obligation,adding.5_obligation_0.smv_k40.dimacs,UNSAT,49.67
BSaLTic-DHf,obligation,adding.5_obligation_0.smv_k400.dimacs,wall clock limit exceeded,7200.0
BSaLTic-EHf,obligation,adding.5_obligation_0.smv_k400.dimacs,wall clock limit exceeded,7200.0
Kissat,obligation,adding.5_obligation_0.smv_k400.dimacs,UNSAT,4885.08
MapleCOMSPS,obligation,adding.5_obligation_0.smv_k400.dimacs,wall clock limit exceeded,7200.0
BSaLTic-DHf,obligation,adding.5_obligation_0.smv_k600.dimacs,UNSAT,5802.46
BSaLTic-EHf,obligation,adding.5_obligation_0.smv_k600.dimacs,UNSAT,4950.87
Kissat,obligation,adding.5_obligation_0.smv_k600.dimacs,UNSAT,6222.7
MapleCOMSPS,obligation,adding.5_obligation_0.smv_k600.dimacs,wall clock limit exceeded,7200.0
BSaLTic-DHf,obligation,adding.5_obligation_0.smv_k80.dimacs,UNSAT,441.86
BSaLTic-EHf,obligation,adding.5_obligation_0.smv_k80.dimacs,UNSAT,633.44
Kissat,obligation,adding.5_obligation_0.smv_k80.dimacs,UNSAT,89.1623
MapleCOMSPS,obligation,adding.5_obligation_0.smv_k80.dimacs,UNSAT,672.54
BSaLTic-DHf,obligation,adding.5_obligation_0.smv_k800.dimacs,UNSAT,5776.44
BSaLTic-EHf,obligation,adding.5_obligation_0.smv_k800.dimacs,UNSAT,6862.43
Kissat,obligation,adding.5_obligation_0.smv_k800.dimacs,UNSAT,4310.6
MapleCOMSPS,obligation,adding.5_obligation_0.smv_k800.dimacs,wall clock limit exceeded,7200.0
BSaLTic-DHf,reactivity,adding.5_reactivity_0.smv_k40.dimacs,UNSAT,8.65
BSaLTic-EHf,reactivity,adding.5_reactivity_0.smv_k40.dimacs,UNSAT,6.68
Kissat,reactivity,adding.5_reactivity_0.smv_k40.dimacs,UNSAT,5.03201
MapleCOMSPS,reactivity,adding.5_reactivity_0.smv_k40.dimacs,UNSAT,8.14
BSaLTic-DHf,reactivity,adding.5_reactivity_0.smv_k400.dimacs,wall clock limit exceeded,7200.0
BSaLTic-EHf,reactivity,adding.5_reactivity_0.smv_k400.dimacs,wall clock limit exceeded,7200.0
Kissat,reactivity,adding.5_reactivity_0.smv_k400.dimacs,UNSAT,3291.43
MapleCOMSPS,reactivity,adding.5_reactivity_0.smv_k400.dimacs,wall clock limit exceeded,7200.0
BSaLTic-DHf,reactivity,adding.5_reactivity_0.smv_k600.dimacs,wall clock limit exceeded,7200.0
BSaLTic-EHf,reactivity,adding.5_reactivity_0.smv_k600.dimacs,wall clock limit exceeded,7200.0
Kissat,reactivity,adding.5_reactivity_0.smv_k600.dimacs,wall clock limit exceeded,7200.02
MapleCOMSPS,reactivity,adding.5_reactivity_0.smv_k600.dimacs,wall clock limit exceeded,7200.0
BSaLTic-DHf,reactivity,adding.5_reactivity_0.smv_k80.dimacs,UNSAT,265.56
BSaLTic-EHf,reactivity,adding.5_reactivity_0.smv_k80.dimacs,UNSAT,327.78
Kissat,reactivity,adding.5_reactivity_0.smv_k80.dimacs,UNSAT,97.5399
MapleCOMSPS,reactivity,adding.5_reactivity_0.smv_k80.dimacs,UNSAT,217.11
BSaLTic-DHf,reactivity,adding.5_reactivity_0.smv_k800.dimacs,wall clock limit exceeded,7200.0
BSaLTic-EHf,reactivity,adding.5_reactivity_0.smv_k800.dimacs,wall clock limit exceeded,7200.0
Kissat,reactivity,adding.5_reactivity_0.smv_k800.dimacs,wall clock limit exceeded,7200.02
MapleCOMSPS,reactivity,adding.5_reactivity_0.smv_k800.dimacs,wall clock limit exceeded,7200.0
BSaLTic-DHf,persistence,adding.5_recurrence_0.smv_k1000.dimacs,wall clock limit exceeded,7200.0
BSaLTic-EHf,persistence,adding.5_recurrence_0.smv_k1000.dimacs,UNSAT,6515.25
Kissat,persistence,adding.5_recurrence_0.smv_k1000.dimacs,UNSAT,5984.77
MapleCOMSPS,persistence,adding.5_recurrence_0.smv_k1000.dimacs,wall clock limit exceeded,7200.0
BSaLTic-DHf,persistence,adding.5_recurrence_0.smv_k200.dimacs,UNSAT,809.53
BSaLTic-EHf,persistence,adding.5_recurrence_0.smv_k200.dimacs,UNSAT,807.15
Kissat,persistence,adding.5_recurrence_0.smv_k200.dimacs,UNSAT,377.935
MapleCOMSPS,persistence,adding.5_recurrence_0.smv_k200.dimacs,UNSAT,1228.55
BSaLTic-DHf,persistence,adding.5_recurrence_0.smv_k400.dimacs,wall clock limit exceeded,7200.0
BSaLTic-EHf,persistence,adding.5_recurrence_0.smv_k400.dimacs,wall clock limit exceeded,7200.0
Kissat,persistence,adding.5_recurrence_0.smv_k400.dimacs,UNSAT,4807.45
MapleCOMSPS,persistence,adding.5_recurrence_0.smv_k400.dimacs,wall clock limit exceeded,7200.0
BSaLTic-DHf,persistence,adding.5_recurrence_0.smv_k800.dimacs,wall clock limit exceeded,7200.0
BSaLTic-EHf,persistence,adding.5_recurrence_0.smv_k800.dimacs,UNSAT,6833.38
Kissat,persistence,adding.5_recurrence_0.smv_k800.dimacs,wall clock limit exceeded,7200.0
MapleCOMSPS,persistence,adding.5_recurrence_0.smv_k800.dimacs,wall clock limit exceeded,7200.0
BSaLTic-EHf,guarantee,adding.5_safety_0.smv_k1000.dimacs,UNSAT,4594.69
BSaLTic-DHf,guarantee,adding.5_safety_0.smv_k1000.dimacs,UNSAT,3806.69
Kissat,guarantee,adding.5_safety_0.smv_k1000.dimacs,UNSAT,3323.44
MapleCOMSPS,guarantee,adding.5_safety_0.smv_k1000.dimacs,UNSAT,4564.53
BSaLTic-DHf,safety,adding.6_k1000.dimacs,UNSAT,5319.37
BSaLTic-EHf,safety,adding.6_k1000.dimacs,wall clock limit exceeded,7200.0
Kissat,safety,adding.6_k1000.dimacs,UNSAT,4919.0
MapleCOMSPS,safety,adding.6_k1000.dimacs,wall clock limit exceeded,7200.0
BSaLTic-DHf,safety,adding.6_k1400.dimacs,wall clock limit exceeded,7200.0
BSaLTic-EHf,safety,adding.6_k1400.dimacs,wall clock limit exceeded,7200.0
Kissat,safety,adding.6_k1400.dimacs,wall clock limit exceeded,7200.02
MapleCOMSPS,safety,adding.6_k1400.dimacs,UNSAT,6127.21
BSaLTic-DHf,safety,adding.6_k200.dimacs,wall clock limit exceeded,7200.0
BSaLTic-EHf,safety,adding.6_k200.dimacs,wall clock limit exceeded,7200.0
Kissat,safety,adding.6_k200.dimacs,UNSAT,2927.06
MapleCOMSPS,safety,adding.6_k200.dimacs,wall clock limit exceeded,7200.0
BSaLTic-DHf,safety,adding.6_k2000.dimacs,wall clock limit exceeded,7200.0
BSaLTic-EHf,safety,adding.6_k2000.dimacs,wall clock limit exceeded,7200.0
Kissat,safety,adding.6_k2000.dimacs,wall clock limit exceeded,7200.02
MapleCOMSPS,safety,adding.6_k2000.dimacs,wall clock limit exceeded,7200.0
BSaLTic-DHf,safety,adding.6_k4000.dimacs,wall clock limit exceeded,7200.0
BSaLTic-EHf,safety,adding.6_k4000.dimacs,wall clock limit exceeded,7200.0
Kissat,safety,adding.6_k4000.dimacs,wall clock limit exceeded,7200.02
MapleCOMSPS,safety,adding.6_k4000.dimacs,wall clock limit exceeded,7200.0
BSaLTic-DHf,safety,adding.6_k600.dimacs,wall clock limit exceeded,7200.0
BSaLTic-EHf,safety,adding.6_k600.dimacs,wall clock limit exceeded,7200.0
Kissat,safety,adding.6_k600.dimacs,UNSAT,3860.85
MapleCOMSPS,safety,adding.6_k600.dimacs,wall clock limit exceeded,7200.0
BSaLTic-DHf,safety,adding.6_k6000.dimacs,wall clock limit exceeded,7200.0
BSaLTic-EHf,safety,adding.6_k6000.dimacs,wall clock limit exceeded,7200.0
Kissat,safety,adding.6_k6000.dimacs,wall clock limit exceeded,7200.02
MapleCOMSPS,safety,adding.6_k6000.dimacs,wall clock limit exceeded,7200.0
BSaLTic-DHf,obligation,adding.6_obligation_0.smv_k100.dimacs,UNSAT,2801.32
BSaLTic-EHf,obligation,adding.6_obligation_0.smv_k100.dimacs,wall clock limit exceeded,7200.0
Kissat,obligation,adding.6_obligation_0.smv_k100.dimacs,UNSAT,249.651
MapleCOMSPS,obligation,adding.6_obligation_0.smv_k100.dimacs,UNSAT,5377.72
BSaLTic-DHf,obligation,adding.6_obligation_0.smv_k1000.dimacs,wall clock limit exceeded,7200.0
BSaLTic-EHf,obligation,adding.6_obligation_0.smv_k1000.dimacs,wall clock limit exceeded,7200.0
Kissat,obligation,adding.6_obligation_0.smv_k1000.dimacs,UNSAT,6742.68
MapleCOMSPS,obligation,adding.6_obligation_0.smv_k1000.dimacs,wall clock limit exceeded,7200.0
BSaLTic-DHf,obligation,adding.6_obligation_0.smv_k200.dimacs,wall clock limit exceeded,7200.0
BSaLTic-EHf,obligation,adding.6_obligation_0.smv_k200.dimacs,wall clock limit exceeded,7200.0
Kissat,obligation,adding.6_obligation_0.smv_k200.dimacs,UNSAT,4443.72
MapleCOMSPS,obligation,adding.6_obligation_0.smv_k200.dimacs,wall clock limit exceeded,7200.0
BSaLTic-DHf,obligation,adding.6_obligation_0.smv_k80.dimacs,UNSAT,393.76
BSaLTic-EHf,obligation,adding.6_obligation_0.smv_k80.dimacs,UNSAT,844.41
Kissat,obligation,adding.6_obligation_0.smv_k80.dimacs,UNSAT,70.3105
MapleCOMSPS,obligation,adding.6_obligation_0.smv_k80.dimacs,UNSAT,765.84
BSaLTic-DHf,obligation,adding.6_obligation_0.smv_k800.dimacs,wall clock limit exceeded,7200.0
BSaLTic-EHf,obligation,adding.6_obligation_0.smv_k800.dimacs,wall clock limit exceeded,7200.0
Kissat,obligation,adding.6_obligation_0.smv_k800.dimacs,wall clock limit exceeded,7200.0
MapleCOMSPS,obligation,adding.6_obligation_0.smv_k800.dimacs,wall clock limit exceeded,7200.0
BSaLTic-DHf,reactivity,adding.6_reactivity_0.smv_k100.dimacs,UNSAT,2935.34
BSaLTic-EHf,reactivity,adding.6_reactivity_0.smv_k100.dimacs,UNSAT,1801.8
Kissat,reactivity,adding.6_reactivity_0.smv_k100.dimacs,UNSAT,313.555
MapleCOMSPS,reactivity,adding.6_reactivity_0.smv_k100.dimacs,UNSAT,1765.25
BSaLTic-DHf,reactivity,adding.6_reactivity_0.smv_k200.dimacs,wall clock limit exceeded,7200.0
BSaLTic-EHf,reactivity,adding.6_reactivity_0.smv_k200.dimacs,wall clock limit exceeded,7200.0
Kissat,reactivity,adding.6_reactivity_0.smv_k200.dimacs,wall clock limit exceeded,7200.02
MapleCOMSPS,reactivity,adding.6_reactivity_0.smv_k200.dimacs,wall clock limit exceeded,7200.0
BSaLTic-DHf,reactivity,adding.6_reactivity_0.smv_k40.dimacs,UNSAT,8.44
BSaLTic-EHf,reactivity,adding.6_reactivity_0.smv_k40.dimacs,UNSAT,7.37
Kissat,reactivity,adding.6_reactivity_0.smv_k40.dimacs,UNSAT,3.87272
MapleCOMSPS,reactivity,adding.6_reactivity_0.smv_k40.dimacs,UNSAT,8.51
BSaLTic-DHf,reactivity,adding.6_reactivity_0.smv_k400.dimacs,wall clock limit exceeded,7200.0
BSaLTic-EHf,reactivity,adding.6_reactivity_0.smv_k400.dimacs,wall clock limit exceeded,7200.0
Kissat,reactivity,adding.6_reactivity_0.smv_k400.dimacs,UNSAT,6432.37
MapleCOMSPS,reactivity,adding.6_reactivity_0.smv_k400.dimacs,wall clock limit exceeded,7200.0
BSaLTic-DHf,reactivity,adding.6_reactivity_0.smv_k600.dimacs,wall clock limit exceeded,7200.0
BSaLTic-EHf,reactivity,adding.6_reactivity_0.smv_k600.dimacs,wall clock limit exceeded,7200.0
Kissat,reactivity,adding.6_reactivity_0.smv_k600.dimacs,wall clock limit exceeded,7200.01
MapleCOMSPS,reactivity,adding.6_reactivity_0.smv_k600.dimacs,wall clock limit exceeded,7200.0
BSaLTic-DHf,reactivity,adding.6_reactivity_0.smv_k800.dimacs,wall clock limit exceeded,7200.0
BSaLTic-EHf,reactivity,adding.6_reactivity_0.smv_k800.dimacs,wall clock limit exceeded,7200.0
Kissat,reactivity,adding.6_reactivity_0.smv_k800.dimacs,wall clock limit exceeded,7200.02
MapleCOMSPS,reactivity,adding.6_reactivity_0.smv_k800.dimacs,wall clock limit exceeded,7200.0
BSaLTic-DHf,persistence,adding.6_recurrence_0.smv_k100.dimacs,UNSAT,232.91
BSaLTic-EHf,persistence,adding.6_recurrence_0.smv_k100.dimacs,UNSAT,507.79
Kissat,persistence,adding.6_recurrence_0.smv_k100.dimacs,UNSAT,68.6759
MapleCOMSPS,persistence,adding.6_recurrence_0.smv_k100.dimacs,UNSAT,709.35
BSaLTic-DHf,persistence,adding.6_recurrence_0.smv_k400.dimacs,wall clock limit exceeded,7200.0
BSaLTic-EHf,persistence,adding.6_recurrence_0.smv_k400.dimacs,UNSAT,4968.25
Kissat,persistence,adding.6_recurrence_0.smv_k400.dimacs,UNSAT,3619.38
MapleCOMSPS,persistence,adding.6_recurrence_0.smv_k400.dimacs,wall clock limit exceeded,7200.0
BSaLTic-DHf,persistence,adding.6_recurrence_0.smv_k600.dimacs,wall clock limit exceeded,7200.0
BSaLTic-EHf,persistence,adding.6_recurrence_0.smv_k600.dimacs,wall clock limit exceeded,7200.0
Kissat,persistence,adding.6_recurrence_0.smv_k600.dimacs,wall clock limit exceeded,7200.0
MapleCOMSPS,persistence,adding.6_recurrence_0.smv_k600.dimacs,wall clock limit exceeded,7200.0
BSaLTic-DHf,persistence,adding.6_recurrence_0.smv_k800.dimacs,wall clock limit exceeded,7200.0
BSaLTic-EHf,persistence,adding.6_recurrence_0.smv_k800.dimacs,wall clock limit exceeded,7200.0
Kissat,persistence,adding.6_recurrence_0.smv_k800.dimacs,wall clock limit exceeded,7200.0
MapleCOMSPS,persistence,adding.6_recurrence_0.smv_k800.dimacs,wall clock limit exceeded,7200.0
BSaLTic-EHf,guarantee,adding.6_safety_0.smv_k600.dimacs,wall clock limit exceeded,7200.0
BSaLTic-DHf,guarantee,adding.6_safety_0.smv_k600.dimacs,UNSAT,6699.29
Kissat,guarantee,adding.6_safety_0.smv_k600.dimacs,UNSAT,5771.37
MapleCOMSPS,guarantee,adding.6_safety_0.smv_k600.dimacs,wall clock limit exceeded,7200.0
BSaLTic-EHf,guarantee,adding.6_safety_0.smv_k800.dimacs,UNSAT,6000.17
BSaLTic-DHf,guarantee,adding.6_safety_0.smv_k800.dimacs,UNSAT,6431.75
Kissat,guarantee,adding.6_safety_0.smv_k800.dimacs,UNSAT,4630.65
MapleCOMSPS,guarantee,adding.6_safety_0.smv_k800.dimacs,UNSAT,6252.63
BSaLTic-DHf,recurrence,altitude-switch_neg.smv_k40.dimacs,SAT,0.01
BSaLTic-EHf,recurrence,altitude-switch_neg.smv_k40.dimacs,SAT,0.01
Kissat,recurrence,altitude-switch_neg.smv_k40.dimacs,SAT,0.013331
MapleCOMSPS,recurrence,altitude-switch_neg.smv_k40.dimacs,SAT,0.01
BSaLTic-DHf,obligation,altitude-switch_obligation_0.smv_k100.dimacs,SAT,90.67
BSaLTic-EHf,obligation,altitude-switch_obligation_0.smv_k100.dimacs,SAT,90.8
Kissat,obligation,altitude-switch_obligation_0.smv_k100.dimacs,SAT,4.38151
MapleCOMSPS,obligation,altitude-switch_obligation_0.smv_k100.dimacs,SAT,140.13
BSaLTic-DHf,obligation,altitude-switch_obligation_0.smv_k80.dimacs,SAT,30.05
BSaLTic-EHf,obligation,altitude-switch_obligation_0.smv_k80.dimacs,SAT,48.53
Kissat,obligation,altitude-switch_obligation_0.smv_k80.dimacs,SAT,1.97108
MapleCOMSPS,obligation,altitude-switch_obligation_0.smv_k80.dimacs,SAT,48.44
BSaLTic-DHf,reactivity,altitude-switch_reactivity_0.smv_k40.dimacs,SAT,0.07
BSaLTic-EHf,reactivity,altitude-switch_reactivity_0.smv_k40.dimacs,SAT,0.09
Kissat,reactivity,altitude-switch_reactivity_0.smv_k40.dimacs,SAT,0.029619
MapleCOMSPS,reactivity,altitude-switch_reactivity_0.smv_k40.dimacs,SAT,0.07
BSaLTic-DHf,reactivity,altitude-switch_reactivity_0.smv_k80.dimacs,SAT,0.72
BSaLTic-EHf,reactivity,altitude-switch_reactivity_0.smv_k80.dimacs,SAT,0.73
Kissat,reactivity,altitude-switch_reactivity_0.smv_k80.dimacs,SAT,0.216143
MapleCOMSPS,reactivity,altitude-switch_reactivity_0.smv_k80.dimacs,SAT,0.71
BSaLTic-DHf,persistence,base_k1000.dimacs,UNSAT,45.76
BSaLTic-EHf,persistence,base_k1000.dimacs,UNSAT,68.18
Kissat,persistence,base_k1000.dimacs,UNSAT,17.2645
MapleCOMSPS,persistence,base_k1000.dimacs,UNSAT,76.55
BSaLTic-DHf,persistence,base_k600.dimacs,UNSAT,12.88
BSaLTic-EHf,persistence,base_k600.dimacs,UNSAT,20.75
Kissat,persistence,base_k600.dimacs,UNSAT,12.0335
MapleCOMSPS,persistence,base_k600.dimacs,UNSAT,18.09
BSaLTic-EHf,guarantee,bopdp.1_k100.dimacs,UNSAT,761.41
BSaLTic-DHf,guarantee,bopdp.1_k100.dimacs,UNSAT,1327.85
Kissat,guarantee,bopdp.1_k100.dimacs,UNSAT,78.2451
MapleCOMSPS,guarantee,bopdp.1_k100.dimacs,UNSAT,773.83
BSaLTic-EHf,guarantee,bopdp.1_k200.dimacs,wall clock limit exceeded,7200.0
BSaLTic-DHf,guarantee,bopdp.1_k200.dimacs,wall clock limit exceeded,7200.0
Kissat,guarantee,bopdp.1_k200.dimacs,UNSAT,1294.83
MapleCOMSPS,guarantee,bopdp.1_k200.dimacs,wall clock limit exceeded,7200.0
BSaLTic-EHf,guarantee,bopdp.1_k60.dimacs,UNSAT,26.0
BSaLTic-DHf,guarantee,bopdp.1_k60.dimacs,UNSAT,24.4
Kissat,guarantee,bopdp.1_k60.dimacs,UNSAT,22.5258
MapleCOMSPS,guarantee,bopdp.1_k60.dimacs,UNSAT,25.88
BSaLTic-DHf,obligation,bopdp.1_obligation_0.smv_k100.dimacs,SAT,12.25
BSaLTic-EHf,obligation,bopdp.1_obligation_0.smv_k100.dimacs,SAT,6.97
Kissat,obligation,bopdp.1_obligation_0.smv_k100.dimacs,SAT,14.1339
MapleCOMSPS,obligation,bopdp.1_obligation_0.smv_k100.dimacs,SAT,10.31
BSaLTic-DHf,obligation,bopdp.1_obligation_0.smv_k200.dimacs,SAT,437.61
BSaLTic-EHf,obligation,bopdp.1_obligation_0.smv_k200.dimacs,SAT,353.45
Kissat,obligation,bopdp.1_obligation_0.smv_k200.dimacs,SAT,277.621
MapleCOMSPS,obligation,bopdp.1_obligation_0.smv_k200.dimacs,SAT,1070.23
BSaLTic-DHf,obligation,bopdp.1_obligation_0.smv_k40.dimacs,SAT,1.14
BSaLTic-EHf,obligation,bopdp.1_obligation_0.smv_k40.dimacs,SAT,1.14
Kissat,obligation,bopdp.1_obligation_0.smv_k40.dimacs,SAT,0.601827
MapleCOMSPS,obligation,bopdp.1_obligation_0.smv_k40.dimacs,SAT,1.54
BSaLTic-DHf,obligation,bopdp.1_obligation_0.smv_k400.dimacs,SAT,4006.41
BSaLTic-EHf,obligation,bopdp.1_obligation_0.smv_k400.dimacs,SAT,3849.66
Kissat,obligation,bopdp.1_obligation_0.smv_k400.dimacs,SAT,3902.69
MapleCOMSPS,obligation,bopdp.1_obligation_0.smv_k400.dimacs,wall clock limit exceeded,7200.0
BSaLTic-DHf,obligation,bopdp.1_obligation_0.smv_k600.dimacs,wall clock limit exceeded,7200.0
BSaLTic-EHf,obligation,bopdp.1_obligation_0.smv_k600.dimacs,SAT,5797.47
Kissat,obligation,bopdp.1_obligation_0.smv_k600.dimacs,wall clock limit exceeded,7200.0
MapleCOMSPS,obligation,bopdp.1_obligation_0.smv_k600.dimacs,wall clock limit exceeded,7200.0
BSaLTic-DHf,obligation,bopdp.1_obligation_0.smv_k80.dimacs,SAT,3.16
BSaLTic-EHf,obligation,bopdp.1_obligation_0.smv_k80.dimacs,SAT,3.76
Kissat,obligation,bopdp.1_obligation_0.smv_k80.dimacs,SAT,9.18695
MapleCOMSPS,obligation,bopdp.1_obligation_0.smv_k80.dimacs,SAT,4.45
BSaLTic-DHf,obligation,bopdp.1_obligation_0.smv_k800.dimacs,wall clock limit exceeded,7200.0
BSaLTic-EHf,obligation,bopdp.1_obligation_0.smv_k800.dimacs,wall clock limit exceeded,7200.0
Kissat,obligation,bopdp.1_obligation_0.smv_k800.dimacs,wall clock limit exceeded,7200.0
MapleCOMSPS,obligation,bopdp.1_obligation_0.smv_k800.dimacs,wall clock limit exceeded,7200.0
BSaLTic-EHf,guarantee,bopdp.1.1_k200.dimacs,wall clock limit exceeded,7200.0
BSaLTic-DHf,guarantee,bopdp.1.1_k200.dimacs,wall clock limit exceeded,7200.0
Kissat,guarantee,bopdp.1.1_k200.dimacs,wall clock limit exceeded,7200.02
MapleCOMSPS,guarantee,bopdp.1.1_k200.dimacs,wall clock limit exceeded,7200.0
BSaLTic-EHf,guarantee,bopdp.1.1_k60.dimacs,UNSAT,32.14
BSaLTic-DHf,guarantee,bopdp.1.1_k60.dimacs,UNSAT,40.15
Kissat,guarantee,bopdp.1.1_k60.dimacs,UNSAT,94.3822
MapleCOMSPS,guarantee,bopdp.1.1_k60.dimacs,UNSAT,43.6
BSaLTic-DHf,obligation,bopdp.1.1_obligation_0.smv_k100.dimacs,SAT,4.81
BSaLTic-EHf,obligation,bopdp.1.1_obligation_0.smv_k100.dimacs,SAT,7.26
Kissat,obligation,bopdp.1.1_obligation_0.smv_k100.dimacs,SAT,22.7313
MapleCOMSPS,obligation,bopdp.1.1_obligation_0.smv_k100.dimacs,SAT,7.05
BSaLTic-DHf,obligation,bopdp.1.1_obligation_0.smv_k200.dimacs,SAT,591.25
BSaLTic-EHf,obligation,bopdp.1.1_obligation_0.smv_k200.dimacs,SAT,207.74
Kissat,obligation,bopdp.1.1_obligation_0.smv_k200.dimacs,SAT,346.997
MapleCOMSPS,obligation,bopdp.1.1_obligation_0.smv_k200.dimacs,SAT,76.03
BSaLTic-DHf,obligation,bopdp.1.1_obligation_0.smv_k40.dimacs,SAT,1.8
BSaLTic-EHf,obligation,bopdp.1.1_obligation_0.smv_k40.dimacs,SAT,1.8
Kissat,obligation,bopdp.1.1_obligation_0.smv_k40.dimacs,SAT,2.22548
MapleCOMSPS,obligation,bopdp.1.1_obligation_0.smv_k40.dimacs,SAT,2.19
BSaLTic-DHf,obligation,bopdp.1.1_obligation_0.smv_k800.dimacs,wall clock limit exceeded,7200.0
BSaLTic-EHf,obligation,bopdp.1.1_obligation_0.smv_k800.dimacs,wall clock limit exceeded,7200.0
Kissat,obligation,bopdp.1.1_obligation_0.smv_k800.dimacs,wall clock limit exceeded,7200.0
MapleCOMSPS,obligation,bopdp.1.1_obligation_0.smv_k800.dimacs,wall clock limit exceeded,7200.0
BSaLTic-EHf,guarantee,bopdp.2_k60.dimacs,UNSAT,44.14
BSaLTic-DHf,guarantee,bopdp.2_k60.dimacs,UNSAT,33.61
Kissat,guarantee,bopdp.2_k60.dimacs,UNSAT,10.6376
MapleCOMSPS,guarantee,bopdp.2_k60.dimacs,UNSAT,43.04
BSaLTic-DHf,recurrence,bopdp.2_persistence_0.smv_k200.dimacs,SAT,563.98
BSaLTic-EHf,recurrence,bopdp.2_persistence_0.smv_k200.dimacs,SAT,866.39
Kissat,recurrence,bopdp.2_persistence_0.smv_k200.dimacs,SAT,1136.97
MapleCOMSPS,recurrence,bopdp.2_persistence_0.smv_k200.dimacs,SAT,622.23
BSaLTic-DHf,reactivity,bopdp.2_reactivity_0.smv_k100.dimacs,SAT,7.99
BSaLTic-EHf,reactivity,bopdp.2_reactivity_0.smv_k100.dimacs,SAT,14.45
Kissat,reactivity,bopdp.2_reactivity_0.smv_k100.dimacs,SAT,15.7404
MapleCOMSPS,reactivity,bopdp.2_reactivity_0.smv_k100.dimacs,SAT,32.51
BSaLTic-DHf,reactivity,bopdp.2_reactivity_0.smv_k400.dimacs,SAT,3453.15
BSaLTic-EHf,reactivity,bopdp.2_reactivity_0.smv_k400.dimacs,SAT,3043.68
Kissat,reactivity,bopdp.2_reactivity_0.smv_k400.dimacs,SAT,4080.23
MapleCOMSPS,reactivity,bopdp.2_reactivity_0.smv_k400.dimacs,SAT,2011.69
BSaLTic-DHf,reactivity,bopdp.2_reactivity_0.smv_k600.dimacs,SAT,3155.79
BSaLTic-EHf,reactivity,bopdp.2_reactivity_0.smv_k600.dimacs,wall clock limit exceeded,7200.0
Kissat,reactivity,bopdp.2_reactivity_0.smv_k600.dimacs,SAT,6369.09
MapleCOMSPS,reactivity,bopdp.2_reactivity_0.smv_k600.dimacs,wall clock limit exceeded,7200.0
BSaLTic-DHf,reactivity,bopdp.2_reactivity_0.smv_k80.dimacs,SAT,7.0
BSaLTic-EHf,reactivity,bopdp.2_reactivity_0.smv_k80.dimacs,SAT,4.49
Kissat,reactivity,bopdp.2_reactivity_0.smv_k80.dimacs,SAT,8.11599
MapleCOMSPS,reactivity,bopdp.2_reactivity_0.smv_k80.dimacs,SAT,5.36
BSaLTic-DHf,reactivity,bopdp.2_reactivity_0.smv_k800.dimacs,wall clock limit exceeded,7200.0
BSaLTic-EHf,reactivity,bopdp.2_reactivity_0.smv_k800.dimacs,wall clock limit exceeded,7200.0
Kissat,reactivity,bopdp.2_reactivity_0.smv_k800.dimacs,wall clock limit exceeded,7200.02
MapleCOMSPS,reactivity,bopdp.2_reactivity_0.smv_k800.dimacs,wall clock limit exceeded,7200.0
BSaLTic-DHf,persistence,bopdp.2_recurrence_0.smv_k200.dimacs,SAT,462.24
BSaLTic-EHf,persistence,bopdp.2_recurrence_0.smv_k200.dimacs,SAT,287.62
Kissat,persistence,bopdp.2_recurrence_0.smv_k200.dimacs,SAT,628.197
MapleCOMSPS,persistence,bopdp.2_recurrence_0.smv_k200.dimacs,SAT,395.57
BSaLTic-EHf,guarantee,bopdp.2.1_k60.dimacs,UNSAT,69.26
BSaLTic-DHf,guarantee,bopdp.2.1_k60.dimacs,UNSAT,59.59
Kissat,guarantee,bopdp.2.1_k60.dimacs,UNSAT,116.087
MapleCOMSPS,guarantee,bopdp.2.1_k60.dimacs,UNSAT,67.23
BSaLTic-DHf,reactivity,bopdp.2.1_reactivity_0.smv_k100.dimacs,SAT,3.81
BSaLTic-EHf,reactivity,bopdp.2.1_reactivity_0.smv_k100.dimacs,SAT,3.52
Kissat,reactivity,bopdp.2.1_reactivity_0.smv_k100.dimacs,SAT,14.6216
MapleCOMSPS,reactivity,bopdp.2.1_reactivity_0.smv_k100.dimacs,SAT,2.72
BSaLTic-DHf,reactivity,bopdp.2.1_reactivity_0.smv_k200.dimacs,SAT,1475.51
BSaLTic-EHf,reactivity,bopdp.2.1_reactivity_0.smv_k200.dimacs,SAT,575.26
Kissat,reactivity,bopdp.2.1_reactivity_0.smv_k200.dimacs,SAT,643.319
MapleCOMSPS,reactivity,bopdp.2.1_reactivity_0.smv_k200.dimacs,SAT,543.87
BSaLTic-DHf,reactivity,bopdp.2.1_reactivity_0.smv_k40.dimacs,SAT,2.28
BSaLTic-EHf,reactivity,bopdp.2.1_reactivity_0.smv_k40.dimacs,SAT,2.36
Kissat,reactivity,bopdp.2.1_reactivity_0.smv_k40.dimacs,SAT,4.87495
MapleCOMSPS,reactivity,bopdp.2.1_reactivity_0.smv_k40.dimacs,SAT,2.25
BSaLTic-DHf,reactivity,bopdp.2.1_reactivity_0.smv_k400.dimacs,SAT,4673.07
BSaLTic-EHf,reactivity,bopdp.2.1_reactivity_0.smv_k400.dimacs,SAT,3221.09
Kissat,reactivity,bopdp.2.1_reactivity_0.smv_k400.dimacs,SAT,3325.87
MapleCOMSPS,reactivity,bopdp.2.1_reactivity_0.smv_k400.dimacs,SAT,5921.64
BSaLTic-DHf,reactivity,bopdp.2.1_reactivity_0.smv_k80.dimacs,SAT,4.72
BSaLTic-EHf,reactivity,bopdp.2.1_reactivity_0.smv_k80.dimacs,SAT,9.92
Kissat,reactivity,bopdp.2.1_reactivity_0.smv_k80.dimacs,SAT,7.37768
MapleCOMSPS,reactivity,bopdp.2.1_reactivity_0.smv_k80.dimacs,SAT,5.13
BSaLTic-DHf,reactivity,bopdp.2.1_reactivity_0.smv_k800.dimacs,wall clock limit exceeded,7200.0
BSaLTic-EHf,reactivity,bopdp.2.1_reactivity_0.smv_k800.dimacs,wall clock limit exceeded,7200.0
Kissat,reactivity,bopdp.2.1_reactivity_0.smv_k800.dimacs,wall clock limit exceeded,7200.02
MapleCOMSPS,reactivity,bopdp.2.1_reactivity_0.smv_k800.dimacs,wall clock limit exceeded,7200.0
BSaLTic-DHf,persistence,bopdp.2.1_recurrence_0.smv_k200.dimacs,SAT,850.61
BSaLTic-EHf,persistence,bopdp.2.1_recurrence_0.smv_k200.dimacs,SAT,196.34
Kissat,persistence,bopdp.2.1_recurrence_0.smv_k200.dimacs,SAT,1275.12
MapleCOMSPS,persistence,bopdp.2.1_recurrence_0.smv_k200.dimacs,SAT,762.6
BSaLTic-DHf,persistence,bopdp.2.1_recurrence_0.smv_k400.dimacs,wall clock limit exceeded,7200.0
BSaLTic-EHf,persistence,bopdp.2.1_recurrence_0.smv_k400.dimacs,wall clock limit exceeded,7200.0
Kissat,persistence,bopdp.2.1_recurrence_0.smv_k400.dimacs,SAT,2911.76
MapleCOMSPS,persistence,bopdp.2.1_recurrence_0.smv_k400.dimacs,SAT,1841.18
BSaLTic-DHf,persistence,bopdp.2.1_recurrence_0.smv_k600.dimacs,wall clock limit exceeded,7200.0
BSaLTic-EHf,persistence,bopdp.2.1_recurrence_0.smv_k600.dimacs,wall clock limit exceeded,7200.0
Kissat,persistence,bopdp.2.1_recurrence_0.smv_k600.dimacs,SAT,2725.86
MapleCOMSPS,persistence,bopdp.2.1_recurrence_0.smv_k600.dimacs,wall clock limit exceeded,7200.0
BSaLTic-DHf,safety,bridge.1_k1400.dimacs,UNSAT,616.56
BSaLTic-EHf,safety,bridge.1_k1400.dimacs,UNSAT,49.01
Kissat,safety,bridge.1_k1400.dimacs,UNSAT,224.867
MapleCOMSPS,safety,bridge.1_k1400.dimacs,UNSAT,53.21
BSaLTic-DHf,safety,bridge.1_k4000.dimacs,UNSAT,135.49
BSaLTic-EHf,safety,bridge.1_k4000.dimacs,UNSAT,133.31
Kissat,safety,bridge.1_k4000.dimacs,UNSAT,304.451
MapleCOMSPS,safety,bridge.1_k4000.dimacs,UNSAT,133.53
BSaLTic-DHf,safety,bridge.1_k6000.dimacs,UNSAT,309.39
BSaLTic-EHf,safety,bridge.1_k6000.dimacs,UNSAT,370.89
Kissat,safety,bridge.1_k6000.dimacs,UNSAT,348.357
MapleCOMSPS,safety,bridge.1_k6000.dimacs,UNSAT,344.77
BSaLTic-DHf,recurrence,bridge.1_persistence_0.smv_k1000.dimacs,UNSAT,56.53
BSaLTic-EHf,recurrence,bridge.1_persistence_0.smv_k1000.dimacs,UNSAT,59.21
Kissat,recurrence,bridge.1_persistence_0.smv_k1000.dimacs,UNSAT,216.123
MapleCOMSPS,recurrence,bridge.1_persistence_0.smv_k1000.dimacs,UNSAT,84.06
BSaLTic-DHf,reactivity,bridge.1_reactivity_0.smv_k100.dimacs,UNSAT,10.12
BSaLTic-EHf,reactivity,bridge.1_reactivity_0.smv_k100.dimacs,UNSAT,9.68
Kissat,reactivity,bridge.1_reactivity_0.smv_k100.dimacs,UNSAT,16.9063
MapleCOMSPS,reactivity,bridge.1_reactivity_0.smv_k100.dimacs,UNSAT,8.93
BSaLTic-DHf,reactivity,bridge.1_reactivity_0.smv_k40.dimacs,UNSAT,6.76
BSaLTic-EHf,reactivity,bridge.1_reactivity_0.smv_k40.dimacs,UNSAT,6.66
Kissat,reactivity,bridge.1_reactivity_0.smv_k40.dimacs,UNSAT,3.55402
MapleCOMSPS,reactivity,bridge.1_reactivity_0.smv_k40.dimacs,UNSAT,6.51
BSaLTic-DHf,reactivity,bridge.1_reactivity_0.smv_k400.dimacs,UNSAT,24.86
BSaLTic-EHf,reactivity,bridge.1_reactivity_0.smv_k400.dimacs,UNSAT,25.84
Kissat,reactivity,bridge.1_reactivity_0.smv_k400.dimacs,wall clock limit exceeded,7200.01
MapleCOMSPS,reactivity,bridge.1_reactivity_0.smv_k400.dimacs,UNSAT,24.2
BSaLTic-DHf,reactivity,bridge.1_reactivity_0.smv_k600.dimacs,UNSAT,41.36
BSaLTic-EHf,reactivity,bridge.1_reactivity_0.smv_k600.dimacs,UNSAT,40.36
Kissat,reactivity,bridge.1_reactivity_0.smv_k600.dimacs,wall clock limit exceeded,7200.02
MapleCOMSPS,reactivity,bridge.1_reactivity_0.smv_k600.dimacs,UNSAT,42.08
BSaLTic-DHf,reactivity,bridge.1_reactivity_0.smv_k80.dimacs,UNSAT,7.38
BSaLTic-EHf,reactivity,bridge.1_reactivity_0.smv_k80.dimacs,UNSAT,8.59
Kissat,reactivity,bridge.1_reactivity_0.smv_k80.dimacs,UNSAT,13.8451
MapleCOMSPS,reactivity,bridge.1_reactivity_0.smv_k80.dimacs,UNSAT,10.4
BSaLTic-DHf,reactivity,bridge.1_reactivity_0.smv_k800.dimacs,UNSAT,83.04
BSaLTic-EHf,reactivity,bridge.1_reactivity_0.smv_k800.dimacs,UNSAT,56.26
Kissat,reactivity,bridge.1_reactivity_0.smv_k800.dimacs,UNSAT,245.564
MapleCOMSPS,reactivity,bridge.1_reactivity_0.smv_k800.dimacs,UNSAT,54.75
BSaLTic-DHf,persistence,bridge.1_recurrence_0.smv_k400.dimacs,UNSAT,1850.46
BSaLTic-EHf,persistence,bridge.1_recurrence_0.smv_k400.dimacs,UNSAT,2935.7
Kissat,persistence,bridge.1_recurrence_0.smv_k400.dimacs,wall clock limit exceeded,7200.0
MapleCOMSPS,persistence,bridge.1_recurrence_0.smv_k400.dimacs,UNSAT,3083.34
BSaLTic-DHf,safety,bridge.2_guarantee_0.smv_k400.dimacs,UNSAT,1328.68
BSaLTic-EHf,safety,bridge.2_guarantee_0.smv_k400.dimacs,UNSAT,1318.47
Kissat,safety,bridge.2_guarantee_0.smv_k400.dimacs,UNSAT,2522.24
MapleCOMSPS,safety,bridge.2_guarantee_0.smv_k400.dimacs,UNSAT,1770.17
BSaLTic-DHf,safety,bridge.2_k1600.dimacs,UNSAT,279.18
BSaLTic-EHf,safety,bridge.2_k1600.dimacs,UNSAT,382.5
Kissat,safety,bridge.2_k1600.dimacs,wall clock limit exceeded,7200.02
MapleCOMSPS,safety,bridge.2_k1600.dimacs,UNSAT,386.64
BSaLTic-DHf,safety,bridge.2_k200.dimacs,UNSAT,182.81
BSaLTic-EHf,safety,bridge.2_k200.dimacs,UNSAT,309.76
Kissat,safety,bridge.2_k200.dimacs,UNSAT,2019.78
MapleCOMSPS,safety,bridge.2_k200.dimacs,UNSAT,187.01
BSaLTic-DHf,safety,bridge.2_k2000.dimacs,UNSAT,381.55
BSaLTic-EHf,safety,bridge.2_k2000.dimacs,UNSAT,334.6
Kissat,safety,bridge.2_k2000.dimacs,wall clock limit exceeded,7200.02
MapleCOMSPS,safety,bridge.2_k2000.dimacs,UNSAT,293.66
BSaLTic-DHf,safety,bridge.2_k4000.dimacs,UNSAT,519.19
BSaLTic-EHf,safety,bridge.2_k4000.dimacs,UNSAT,421.93
Kissat,safety,bridge.2_k4000.dimacs,wall clock limit exceeded,7200.03
MapleCOMSPS,safety,bridge.2_k4000.dimacs,UNSAT,360.4
BSaLTic-DHf,safety,bridge.2_k600.dimacs,UNSAT,267.33
BSaLTic-EHf,safety,bridge.2_k600.dimacs,UNSAT,299.74
Kissat,safety,bridge.2_k600.dimacs,wall clock limit exceeded,7200.02
MapleCOMSPS,safety,bridge.2_k600.dimacs,UNSAT,292.19
BSaLTic-DHf,safety,bridge.2_k800.dimacs,UNSAT,225.19
BSaLTic-EHf,safety,bridge.2_k800.dimacs,UNSAT,213.34
Kissat,safety,bridge.2_k800.dimacs,wall clock limit exceeded,7200.02
MapleCOMSPS,safety,bridge.2_k800.dimacs,UNSAT,367.78
BSaLTic-DHf,recurrence,bridge.2_persistence_0.smv_k400.dimacs,UNSAT,276.4
BSaLTic-EHf,recurrence,bridge.2_persistence_0.smv_k400.dimacs,UNSAT,274.53
Kissat,recurrence,bridge.2_persistence_0.smv_k400.dimacs,wall clock limit exceeded,7200.0
MapleCOMSPS,recurrence,bridge.2_persistence_0.smv_k400.dimacs,UNSAT,472.2
BSaLTic-DHf,recurrence,bridge.2_persistence_0.smv_k600.dimacs,UNSAT,284.17
BSaLTic-EHf,recurrence,bridge.2_persistence_0.smv_k600.dimacs,UNSAT,479.47
Kissat,recurrence,bridge.2_persistence_0.smv_k600.dimacs,UNSAT,724.173
MapleCOMSPS,recurrence,bridge.2_persistence_0.smv_k600.dimacs,UNSAT,470.35
BSaLTic-DHf,recurrence,bridge.2_persistence_0.smv_k80.dimacs,UNSAT,317.61
BSaLTic-EHf,recurrence,bridge.2_persistence_0.smv_k80.dimacs,UNSAT,265.78
Kissat,recurrence,bridge.2_persistence_0.smv_k80.dimacs,UNSAT,95.7507
MapleCOMSPS,recurrence,bridge.2_persistence_0.smv_k80.dimacs,UNSAT,333.2
BSaLTic-DHf,recurrence,bridge.2_persistence_0.smv_k800.dimacs,UNSAT,358.52
BSaLTic-EHf,recurrence,bridge.2_persistence_0.smv_k800.dimacs,UNSAT,286.37
Kissat,recurrence,bridge.2_persistence_0.smv_k800.dimacs,UNSAT,831.139
MapleCOMSPS,recurrence,bridge.2_persistence_0.smv_k800.dimacs,UNSAT,693.03
BSaLTic-DHf,reactivity,bridge.2_reactivity_0.smv_k200.dimacs,UNSAT,446.24
BSaLTic-EHf,reactivity,bridge.2_reactivity_0.smv_k200.dimacs,UNSAT,522.73
Kissat,reactivity,bridge.2_reactivity_0.smv_k200.dimacs,wall clock limit exceeded,7200.02
MapleCOMSPS,reactivity,bridge.2_reactivity_0.smv_k200.dimacs,UNSAT,707.23
BSaLTic-DHf,reactivity,bridge.2_reactivity_0.smv_k400.dimacs,UNSAT,511.19
BSaLTic-EHf,reactivity,bridge.2_reactivity_0.smv_k400.dimacs,UNSAT,1051.79
Kissat,reactivity,bridge.2_reactivity_0.smv_k400.dimacs,UNSAT,1458.94
MapleCOMSPS,reactivity,bridge.2_reactivity_0.smv_k400.dimacs,UNSAT,380.85
BSaLTic-DHf,reactivity,bridge.2_reactivity_0.smv_k600.dimacs,UNSAT,469.85
BSaLTic-EHf,reactivity,bridge.2_reactivity_0.smv_k600.dimacs,UNSAT,539.37
Kissat,reactivity,bridge.2_reactivity_0.smv_k600.dimacs,UNSAT,377.031
MapleCOMSPS,reactivity,bridge.2_reactivity_0.smv_k600.dimacs,UNSAT,360.14
BSaLTic-DHf,reactivity,bridge.2_reactivity_0.smv_k80.dimacs,UNSAT,364.45
BSaLTic-EHf,reactivity,bridge.2_reactivity_0.smv_k80.dimacs,UNSAT,380.7
Kissat,reactivity,bridge.2_reactivity_0.smv_k80.dimacs,UNSAT,123.071
MapleCOMSPS,reactivity,bridge.2_reactivity_0.smv_k80.dimacs,UNSAT,365.74
BSaLTic-DHf,reactivity,bridge.2_reactivity_0.smv_k800.dimacs,UNSAT,220.08
BSaLTic-EHf,reactivity,bridge.2_reactivity_0.smv_k800.dimacs,UNSAT,814.98
Kissat,reactivity,bridge.2_reactivity_0.smv_k800.dimacs,UNSAT,590.837
MapleCOMSPS,reactivity,bridge.2_reactivity_0.smv_k800.dimacs,UNSAT,461.97
BSaLTic-DHf,persistence,bridge.2_recurrence_0.smv_k400.dimacs,UNSAT,2318.74
BSaLTic-EHf,persistence,bridge.2_recurrence_0.smv_k400.dimacs,UNSAT,2336.69
Kissat,persistence,bridge.2_recurrence_0.smv_k400.dimacs,UNSAT,5611.06
MapleCOMSPS,persistence,bridge.2_recurrence_0.smv_k400.dimacs,UNSAT,3686.83
BSaLTic-DHf,persistence,bridge.2_recurrence_0.smv_k80.dimacs,UNSAT,209.79
BSaLTic-EHf,persistence,bridge.2_recurrence_0.smv_k80.dimacs,UNSAT,189.43
Kissat,persistence,bridge.2_recurrence_0.smv_k80.dimacs,UNSAT,117.13
MapleCOMSPS,persistence,bridge.2_recurrence_0.smv_k80.dimacs,UNSAT,346.87
BSaLTic-DHf,safety,bridge.3_guarantee_0.smv_k100.dimacs,UNSAT,6904.29
BSaLTic-EHf,safety,bridge.3_guarantee_0.smv_k100.dimacs,wall clock limit exceeded,7200.0
Kissat,safety,bridge.3_guarantee_0.smv_k100.dimacs,UNSAT,1413.74
MapleCOMSPS,safety,bridge.3_guarantee_0.smv_k100.dimacs,wall clock limit exceeded,7200.0
BSaLTic-DHf,safety,bridge.3_guarantee_0.smv_k200.dimacs,UNSAT,5893.41
BSaLTic-EHf,safety,bridge.3_guarantee_0.smv_k200.dimacs,wall clock limit exceeded,7200.0
Kissat,safety,bridge.3_guarantee_0.smv_k200.dimacs,UNSAT,947.465
MapleCOMSPS,safety,bridge.3_guarantee_0.smv_k200.dimacs,wall clock limit exceeded,7200.0
BSaLTic-DHf,safety,bridge.3_guarantee_0.smv_k80.dimacs,wall clock limit exceeded,7200.0
BSaLTic-EHf,safety,bridge.3_guarantee_0.smv_k80.dimacs,wall clock limit exceeded,7200.0
Kissat,safety,bridge.3_guarantee_0.smv_k80.dimacs,UNSAT,1465.1
MapleCOMSPS,safety,bridge.3_guarantee_0.smv_k80.dimacs,wall clock limit exceeded,7200.0
BSaLTic-DHf,safety,bridge.3_k100.dimacs,wall clock limit exceeded,7200.0
BSaLTic-EHf,safety,bridge.3_k100.dimacs,UNSAT,6995.88
Kissat,safety,bridge.3_k100.dimacs,UNSAT,1247.32
MapleCOMSPS,safety,bridge.3_k100.dimacs,wall clock limit exceeded,7200.0
BSaLTic-DHf,safety,bridge.3_k1000.dimacs,wall clock limit exceeded,7200.0
BSaLTic-EHf,safety,bridge.3_k1000.dimacs,wall clock limit exceeded,7200.0
Kissat,safety,bridge.3_k1000.dimacs,wall clock limit exceeded,7200.02
MapleCOMSPS,safety,bridge.3_k1000.dimacs,UNSAT,5531.1
BSaLTic-DHf,safety,bridge.3_k1200.dimacs,UNSAT,6332.19
BSaLTic-EHf,safety,bridge.3_k1200.dimacs,wall clock limit exceeded,7200.0
Kissat,safety,bridge.3_k1200.dimacs,UNSAT,3001.91
MapleCOMSPS,safety,bridge.3_k1200.dimacs,wall clock limit exceeded,7200.0
BSaLTic-DHf,safety,bridge.3_k1400.dimacs,wall clock limit exceeded,7200.0
BSaLTic-EHf,safety,bridge.3_k1400.dimacs,UNSAT,5523.11
Kissat,safety,bridge.3_k1400.dimacs,wall clock limit exceeded,7200.02
MapleCOMSPS,safety,bridge.3_k1400.dimacs,wall clock limit exceeded,7200.0
BSaLTic-DHf,safety,bridge.3_k40.dimacs,UNSAT,689.39
BSaLTic-EHf,safety,bridge.3_k40.dimacs,UNSAT,1378.56
Kissat,safety,bridge.3_k40.dimacs,UNSAT,1664.81
MapleCOMSPS,safety,bridge.3_k40.dimacs,UNSAT,2446.81
BSaLTic-DHf,safety,bridge.3_k4000.dimacs,wall clock limit exceeded,7200.0
BSaLTic-EHf,safety,bridge.3_k4000.dimacs,wall clock limit exceeded,7200.0
Kissat,safety,bridge.3_k4000.dimacs,wall clock limit exceeded,7200.03
MapleCOMSPS,safety,bridge.3_k4000.dimacs,wall clock limit exceeded,7200.0
BSaLTic-DHf,safety,bridge.3_k60.dimacs,wall clock limit exceeded,7200.0
BSaLTic-EHf,safety,bridge.3_k60.dimacs,wall clock limit exceeded,7200.0
Kissat,safety,bridge.3_k60.dimacs,UNSAT,2514.49
MapleCOMSPS,safety,bridge.3_k60.dimacs,wall clock limit exceeded,7200.0
BSaLTic-DHf,safety,bridge.3_k600.dimacs,wall clock limit exceeded,7200.0
BSaLTic-EHf,safety,bridge.3_k600.dimacs,UNSAT,5289.93
Kissat,safety,bridge.3_k600.dimacs,UNSAT,6530.36
MapleCOMSPS,safety,bridge.3_k600.dimacs,UNSAT,5662.57
BSaLTic-DHf,safety,bridge.3_k800.dimacs,wall clock limit exceeded,7200.0
BSaLTic-EHf,safety,bridge.3_k800.dimacs,UNSAT,7019.07
Kissat,safety,bridge.3_k800.dimacs,wall clock limit exceeded,7200.02
MapleCOMSPS,safety,bridge.3_k800.dimacs,UNSAT,6730.65
BSaLTic-DHf,recurrence,bridge.3_persistence_0.smv_k100.dimacs,wall clock limit exceeded,7200.0
BSaLTic-EHf,recurrence,bridge.3_persistence_0.smv_k100.dimacs,wall clock limit exceeded,7200.0
Kissat,recurrence,bridge.3_persistence_0.smv_k100.dimacs,UNSAT,477.637
MapleCOMSPS,recurrence,bridge.3_persistence_0.smv_k100.dimacs,wall clock limit exceeded,7200.0
BSaLTic-DHf,recurrence,bridge.3_persistence_0.smv_k40.dimacs,UNSAT,2380.11
BSaLTic-EHf,recurrence,bridge.3_persistence_0.smv_k40.dimacs,UNSAT,1225.34
Kissat,recurrence,bridge.3_persistence_0.smv_k40.dimacs,UNSAT,59.5792
MapleCOMSPS,recurrence,bridge.3_persistence_0.smv_k40.dimacs,UNSAT,3147.68
BSaLTic-DHf,recurrence,bridge.3_persistence_0.smv_k600.dimacs,wall clock limit exceeded,7200.0
BSaLTic-EHf,recurrence,bridge.3_persistence_0.smv_k600.dimacs,wall clock limit exceeded,7200.0
Kissat,recurrence,bridge.3_persistence_0.smv_k600.dimacs,wall clock limit exceeded,7200.0
MapleCOMSPS,recurrence,bridge.3_persistence_0.smv_k600.dimacs,wall clock limit exceeded,7200.0
BSaLTic-DHf,reactivity,bridge.3_reactivity_0.smv_k100.dimacs,UNSAT,4242.45
BSaLTic-EHf,reactivity,bridge.3_reactivity_0.smv_k100.dimacs,UNSAT,5594.52
Kissat,reactivity,bridge.3_reactivity_0.smv_k100.dimacs,UNSAT,4588.91
MapleCOMSPS,reactivity,bridge.3_reactivity_0.smv_k100.dimacs,wall clock limit exceeded,7200.0
BSaLTic-DHf,reactivity,bridge.3_reactivity_0.smv_k200.dimacs,UNSAT,5138.29
BSaLTic-EHf,reactivity,bridge.3_reactivity_0.smv_k200.dimacs,wall clock limit exceeded,7200.0
Kissat,reactivity,bridge.3_reactivity_0.smv_k200.dimacs,UNSAT,4767.83
MapleCOMSPS,reactivity,bridge.3_reactivity_0.smv_k200.dimacs,UNSAT,7131.49
BSaLTic-DHf,reactivity,bridge.3_reactivity_0.smv_k40.dimacs,UNSAT,7.15
BSaLTic-EHf,reactivity,bridge.3_reactivity_0.smv_k40.dimacs,UNSAT,8.01
Kissat,reactivity,bridge.3_reactivity_0.smv_k40.dimacs,UNSAT,8.41052
MapleCOMSPS,reactivity,bridge.3_reactivity_0.smv_k40.dimacs,UNSAT,7.35
BSaLTic-DHf,reactivity,bridge.3_reactivity_0.smv_k400.dimacs,UNSAT,6383.67
BSaLTic-EHf,reactivity,bridge.3_reactivity_0.smv_k400.dimacs,wall clock limit exceeded,7200.0
Kissat,reactivity,bridge.3_reactivity_0.smv_k400.dimacs,UNSAT,1597.03
MapleCOMSPS,reactivity,bridge.3_reactivity_0.smv_k400.dimacs,wall clock limit exceeded,7200.0
BSaLTic-DHf,reactivity,bridge.3_reactivity_0.smv_k600.dimacs,wall clock limit exceeded,7200.0
BSaLTic-EHf,reactivity,bridge.3_reactivity_0.smv_k600.dimacs,UNSAT,6900.86
Kissat,reactivity,bridge.3_reactivity_0.smv_k600.dimacs,UNSAT,4369.98
MapleCOMSPS,reactivity,bridge.3_reactivity_0.smv_k600.dimacs,wall clock limit exceeded,7200.0
BSaLTic-DHf,persistence,bridge.3_recurrence_0.smv_k40.dimacs,wall clock limit exceeded,7200.0
BSaLTic-EHf,persistence,bridge.3_recurrence_0.smv_k40.dimacs,wall clock limit exceeded,7200.0
Kissat,persistence,bridge.3_recurrence_0.smv_k40.dimacs,UNSAT,80.8174
MapleCOMSPS,persistence,bridge.3_recurrence_0.smv_k40.dimacs,wall clock limit exceeded,7200.0
BSaLTic-DHf,obligation,bridgeriddle_obligation_0.smv_k2000.dimacs,SAT,5.44
BSaLTic-EHf,obligation,bridgeriddle_obligation_0.smv_k2000.dimacs,SAT,5.45
Kissat,obligation,bridgeriddle_obligation_0.smv_k2000.dimacs,SAT,1.69574
MapleCOMSPS,obligation,bridgeriddle_obligation_0.smv_k2000.dimacs,SAT,5.53
BSaLTic-DHf,obligation,bridgeriddle_obligation_0.smv_k40.dimacs,SAT,0.03
BSaLTic-EHf,obligation,bridgeriddle_obligation_0.smv_k40.dimacs,SAT,0.02
Kissat,obligation,bridgeriddle_obligation_0.smv_k40.dimacs,SAT,0.018056
MapleCOMSPS,obligation,bridgeriddle_obligation_0.smv_k40.dimacs,SAT,0.03
BSaLTic-DHf,obligation,bridgeriddle_obligation_0.smv_k400.dimacs,SAT,0.35
BSaLTic-EHf,obligation,bridgeriddle_obligation_0.smv_k400.dimacs,SAT,0.37
Kissat,obligation,bridgeriddle_obligation_0.smv_k400.dimacs,SAT,0.211526
MapleCOMSPS,obligation,bridgeriddle_obligation_0.smv_k400.dimacs,SAT,0.36
BSaLTic-DHf,obligation,bridgeriddle_obligation_0.smv_k600.dimacs,SAT,0.93
BSaLTic-EHf,obligation,bridgeriddle_obligation_0.smv_k600.dimacs,SAT,0.65
Kissat,obligation,bridgeriddle_obligation_0.smv_k600.dimacs,SAT,0.364302
MapleCOMSPS,obligation,bridgeriddle_obligation_0.smv_k600.dimacs,SAT,0.92
BSaLTic-DHf,obligation,bridgeriddle_obligation_0.smv_k800.dimacs,SAT,0.87
BSaLTic-EHf,obligation,bridgeriddle_obligation_0.smv_k800.dimacs,SAT,0.85
Kissat,obligation,bridgeriddle_obligation_0.smv_k800.dimacs,SAT,0.520602
MapleCOMSPS,obligation,bridgeriddle_obligation_0.smv_k800.dimacs,SAT,1.01
BSaLTic-DHf,reactivity,bridgeriddle_reactivity_0.smv_k400.dimacs,SAT,13.64
BSaLTic-EHf,reactivity,bridgeriddle_reactivity_0.smv_k400.dimacs,SAT,9.56
Kissat,reactivity,bridgeriddle_reactivity_0.smv_k400.dimacs,SAT,1.86633
MapleCOMSPS,reactivity,bridgeriddle_reactivity_0.smv_k400.dimacs,SAT,12.96
BSaLTic-DHf,reactivity,bridgeriddle_reactivity_0.smv_k600.dimacs,SAT,42.41
BSaLTic-EHf,reactivity,bridgeriddle_reactivity_0.smv_k600.dimacs,SAT,38.8
Kissat,reactivity,bridgeriddle_reactivity_0.smv_k600.dimacs,SAT,1.94426
MapleCOMSPS,reactivity,bridgeriddle_reactivity_0.smv_k600.dimacs,SAT,34.52
BSaLTic-DHf,persistence,brp_recurrence_0.smv_k1000.dimacs,SAT,378.82
BSaLTic-EHf,persistence,brp_recurrence_0.smv_k1000.dimacs,SAT,606.16
Kissat,persistence,brp_recurrence_0.smv_k1000.dimacs,SAT,646.743
MapleCOMSPS,persistence,brp_recurrence_0.smv_k1000.dimacs,SAT,706.23
BSaLTic-DHf,persistence,brp_recurrence_0.smv_k800.dimacs,SAT,246.76
BSaLTic-EHf,persistence,brp_recurrence_0.smv_k800.dimacs,SAT,152.09
Kissat,persistence,brp_recurrence_0.smv_k800.dimacs,SAT,189.66
MapleCOMSPS,persistence,brp_recurrence_0.smv_k800.dimacs,SAT,422.83
BSaLTic-EHf,guarantee,dme1_k100.dimacs,UNSAT,705.39
BSaLTic-DHf,guarantee,dme1_k100.dimacs,UNSAT,371.37
Kissat,guarantee,dme1_k100.dimacs,UNSAT,237.941
MapleCOMSPS,guarantee,dme1_k100.dimacs,UNSAT,486.04
BSaLTic-EHf,guarantee,dme1_k2000.dimacs,wall clock limit exceeded,7200.0
BSaLTic-DHf,guarantee,dme1_k2000.dimacs,wall clock limit exceeded,7200.0
Kissat,guarantee,dme1_k2000.dimacs,wall clock limit exceeded,7200.02
MapleCOMSPS,guarantee,dme1_k2000.dimacs,wall clock limit exceeded,7200.0
BSaLTic-DHf,safety,dme1_neg.smv_k6000.dimacs,wall clock limit exceeded,7200.0
BSaLTic-EHf,safety,dme1_neg.smv_k6000.dimacs,wall clock limit exceeded,7200.0
Kissat,safety,dme1_neg.smv_k6000.dimacs,SAT,172.055
MapleCOMSPS,safety,dme1_neg.smv_k6000.dimacs,wall clock limit exceeded,7200.0
BSaLTic-DHf,obligation,dme1_obligation_0.smv_k200.dimacs,SAT,0.91
BSaLTic-EHf,obligation,dme1_obligation_0.smv_k200.dimacs,SAT,0.88
Kissat,obligation,dme1_obligation_0.smv_k200.dimacs,SAT,1.02086
MapleCOMSPS,obligation,dme1_obligation_0.smv_k200.dimacs,SAT,0.88
BSaLTic-DHf,obligation,dme1_obligation_0.smv_k40.dimacs,SAT,0.07
BSaLTic-EHf,obligation,dme1_obligation_0.smv_k40.dimacs,SAT,0.07
Kissat,obligation,dme1_obligation_0.smv_k40.dimacs,SAT,0.091666
MapleCOMSPS,obligation,dme1_obligation_0.smv_k40.dimacs,SAT,0.08
BSaLTic-DHf,obligation,dme1_obligation_0.smv_k400.dimacs,SAT,61.99
BSaLTic-EHf,obligation,dme1_obligation_0.smv_k400.dimacs,SAT,5.9
Kissat,obligation,dme1_obligation_0.smv_k400.dimacs,SAT,5.31673
MapleCOMSPS,obligation,dme1_obligation_0.smv_k400.dimacs,SAT,16.85
BSaLTic-DHf,obligation,dme1_obligation_0.smv_k600.dimacs,SAT,123.43
BSaLTic-EHf,obligation,dme1_obligation_0.smv_k600.dimacs,SAT,601.48
Kissat,obligation,dme1_obligation_0.smv_k600.dimacs,SAT,3.70146
MapleCOMSPS,obligation,dme1_obligation_0.smv_k600.dimacs,SAT,55.7
BSaLTic-DHf,obligation,dme1_obligation_0.smv_k80.dimacs,SAT,0.12
BSaLTic-EHf,obligation,dme1_obligation_0.smv_k80.dimacs,SAT,0.12
Kissat,obligation,dme1_obligation_0.smv_k80.dimacs,SAT,0.134903
MapleCOMSPS,obligation,dme1_obligation_0.smv_k80.dimacs,SAT,0.11
BSaLTic-DHf,obligation,dme1_obligation_0.smv_k800.dimacs,SAT,217.79
BSaLTic-EHf,obligation,dme1_obligation_0.smv_k800.dimacs,SAT,460.2
Kissat,obligation,dme1_obligation_0.smv_k800.dimacs,SAT,16.8444
MapleCOMSPS,obligation,dme1_obligation_0.smv_k800.dimacs,SAT,151.77
BSaLTic-DHf,recurrence,dme1_persistence_0.smv_k1000.dimacs,SAT,1913.89
BSaLTic-EHf,recurrence,dme1_persistence_0.smv_k1000.dimacs,SAT,410.62
Kissat,recurrence,dme1_persistence_0.smv_k1000.dimacs,SAT,54.7789
MapleCOMSPS,recurrence,dme1_persistence_0.smv_k1000.dimacs,SAT,6204.34
BSaLTic-DHf,recurrence,dme1_persistence_0.smv_k800.dimacs,SAT,1094.14
BSaLTic-EHf,recurrence,dme1_persistence_0.smv_k800.dimacs,SAT,850.63
Kissat,recurrence,dme1_persistence_0.smv_k800.dimacs,SAT,6.61608
MapleCOMSPS,recurrence,dme1_persistence_0.smv_k800.dimacs,SAT,4178.67
BSaLTic-DHf,reactivity,dme1_reactivity_0.smv_k100.dimacs,SAT,0.91
BSaLTic-EHf,reactivity,dme1_reactivity_0.smv_k100.dimacs,SAT,0.99
Kissat,reactivity,dme1_reactivity_0.smv_k100.dimacs,SAT,1.44165
MapleCOMSPS,reactivity,dme1_reactivity_0.smv_k100.dimacs,SAT,0.98
BSaLTic-DHf,reactivity,dme1_reactivity_0.smv_k200.dimacs,SAT,21.46
BSaLTic-EHf,reactivity,dme1_reactivity_0.smv_k200.dimacs,SAT,22.3
Kissat,reactivity,dme1_reactivity_0.smv_k200.dimacs,SAT,3.69422
MapleCOMSPS,reactivity,dme1_reactivity_0.smv_k200.dimacs,SAT,22.99
BSaLTic-EHf,guarantee,dme2_k200.dimacs,wall clock limit exceeded,7200.0
BSaLTic-DHf,guarantee,dme2_k200.dimacs,wall clock limit exceeded,7200.0
Kissat,guarantee,dme2_k200.dimacs,wall clock limit exceeded,7200.01
MapleCOMSPS,guarantee,dme2_k200.dimacs,wall clock limit exceeded,7200.0
BSaLTic-DHf,obligation,dme2_obligation_0.smv_k100.dimacs,SAT,0.6
BSaLTic-EHf,obligation,dme2_obligation_0.smv_k100.dimacs,SAT,0.61
Kissat,obligation,dme2_obligation_0.smv_k100.dimacs,SAT,0.706033
MapleCOMSPS,obligation,dme2_obligation_0.smv_k100.dimacs,SAT,0.52
BSaLTic-DHf,obligation,dme2_obligation_0.smv_k400.dimacs,SAT,162.86
BSaLTic-EHf,obligation,dme2_obligation_0.smv_k400.dimacs,SAT,5.72
Kissat,obligation,dme2_obligation_0.smv_k400.dimacs,SAT,10.2708
MapleCOMSPS,obligation,dme2_obligation_0.smv_k400.dimacs,SAT,16.4
BSaLTic-DHf,obligation,dme2_obligation_0.smv_k600.dimacs,SAT,1.89
BSaLTic-EHf,obligation,dme2_obligation_0.smv_k600.dimacs,SAT,1.74
Kissat,obligation,dme2_obligation_0.smv_k600.dimacs,SAT,948.842
MapleCOMSPS,obligation,dme2_obligation_0.smv_k600.dimacs,SAT,2.59
BSaLTic-DHf,obligation,dme2_obligation_0.smv_k80.dimacs,SAT,0.18
BSaLTic-EHf,obligation,dme2_obligation_0.smv_k80.dimacs,SAT,0.18
Kissat,obligation,dme2_obligation_0.smv_k80.dimacs,SAT,0.681228
MapleCOMSPS,obligation,dme2_obligation_0.smv_k80.dimacs,SAT,0.15
BSaLTic-DHf,obligation,dme2_obligation_0.smv_k800.dimacs,SAT,2.69
BSaLTic-EHf,obligation,dme2_obligation_0.smv_k800.dimacs,SAT,3.45
Kissat,obligation,dme2_obligation_0.smv_k800.dimacs,SAT,3721.79
MapleCOMSPS,obligation,dme2_obligation_0.smv_k800.dimacs,SAT,4.05
BSaLTic-DHf,recurrence,dme2_persistence_0.smv_k1000.dimacs,SAT,6.18
BSaLTic-EHf,recurrence,dme2_persistence_0.smv_k1000.dimacs,SAT,6.04
Kissat,recurrence,dme2_persistence_0.smv_k1000.dimacs,SAT,10.6207
MapleCOMSPS,recurrence,dme2_persistence_0.smv_k1000.dimacs,SAT,9.53
BSaLTic-DHf,recurrence,dme2_persistence_0.smv_k400.dimacs,SAT,200.1
BSaLTic-EHf,recurrence,dme2_persistence_0.smv_k400.dimacs,SAT,17.98
Kissat,recurrence,dme2_persistence_0.smv_k400.dimacs,SAT,118.97
MapleCOMSPS,recurrence,dme2_persistence_0.smv_k400.dimacs,SAT,59.09
BSaLTic-DHf,reactivity,dme2_reactivity_0.smv_k200.dimacs,SAT,38.51
BSaLTic-EHf,reactivity,dme2_reactivity_0.smv_k200.dimacs,SAT,27.63
Kissat,reactivity,dme2_reactivity_0.smv_k200.dimacs,SAT,15.0478
MapleCOMSPS,reactivity,dme2_reactivity_0.smv_k200.dimacs,SAT,28.48
BSaLTic-DHf,reactivity,dme2_reactivity_0.smv_k400.dimacs,SAT,801.59
BSaLTic-EHf,reactivity,dme2_reactivity_0.smv_k400.dimacs,SAT,771.68
Kissat,reactivity,dme2_reactivity_0.smv_k400.dimacs,SAT,141.894
MapleCOMSPS,reactivity,dme2_reactivity_0.smv_k400.dimacs,SAT,740.27
BSaLTic-DHf,obligation,dpd75_obligation_0.smv_k100.dimacs,SAT,49.28
BSaLTic-EHf,obligation,dpd75_obligation_0.smv_k100.dimacs,SAT,30.62
Kissat,obligation,dpd75_obligation_0.smv_k100.dimacs,SAT,572.267
MapleCOMSPS,obligation,dpd75_obligation_0.smv_k100.dimacs,SAT,62.03
BSaLTic-DHf,obligation,dpd75_obligation_0.smv_k40.dimacs,SAT,3.93
BSaLTic-EHf,obligation,dpd75_obligation_0.smv_k40.dimacs,SAT,3.98
Kissat,obligation,dpd75_obligation_0.smv_k40.dimacs,SAT,26.0929
MapleCOMSPS,obligation,dpd75_obligation_0.smv_k40.dimacs,SAT,6.22
BSaLTic-DHf,obligation,dpd75_obligation_0.smv_k80.dimacs,SAT,13.42
BSaLTic-EHf,obligation,dpd75_obligation_0.smv_k80.dimacs,SAT,14.48
Kissat,obligation,dpd75_obligation_0.smv_k80.dimacs,SAT,202.329
MapleCOMSPS,obligation,dpd75_obligation_0.smv_k80.dimacs,SAT,12.74
BSaLTic-DHf,recurrence,dpd75_persistence_0.smv_k100.dimacs,SAT,101.66
BSaLTic-EHf,recurrence,dpd75_persistence_0.smv_k100.dimacs,SAT,136.8
Kissat,recurrence,dpd75_persistence_0.smv_k100.dimacs,SAT,564.173
MapleCOMSPS,recurrence,dpd75_persistence_0.smv_k100.dimacs,SAT,95.04
BSaLTic-DHf,recurrence,dpd75_persistence_0.smv_k1000.dimacs,wall clock limit exceeded,7200.0
BSaLTic-EHf,recurrence,dpd75_persistence_0.smv_k1000.dimacs,wall clock limit exceeded,7200.0
Kissat,recurrence,dpd75_persistence_0.smv_k1000.dimacs,wall clock limit exceeded,7200.0
MapleCOMSPS,recurrence,dpd75_persistence_0.smv_k1000.dimacs,wall clock limit exceeded,7200.0
BSaLTic-DHf,recurrence,dpd75_persistence_0.smv_k200.dimacs,SAT,675.66
BSaLTic-EHf,recurrence,dpd75_persistence_0.smv_k200.dimacs,SAT,299.7
Kissat,recurrence,dpd75_persistence_0.smv_k200.dimacs,SAT,4459.86
MapleCOMSPS,recurrence,dpd75_persistence_0.smv_k200.dimacs,SAT,4377.11
BSaLTic-DHf,recurrence,dpd75_persistence_0.smv_k400.dimacs,wall clock limit exceeded,7200.0
BSaLTic-EHf,recurrence,dpd75_persistence_0.smv_k400.dimacs,SAT,3448.66
Kissat,recurrence,dpd75_persistence_0.smv_k400.dimacs,wall clock limit exceeded,7200.0
MapleCOMSPS,recurrence,dpd75_persistence_0.smv_k400.dimacs,SAT,2407.11
BSaLTic-DHf,recurrence,dpd75_persistence_0.smv_k600.dimacs,wall clock limit exceeded,7200.0
BSaLTic-EHf,recurrence,dpd75_persistence_0.smv_k600.dimacs,wall clock limit exceeded,7200.0
Kissat,recurrence,dpd75_persistence_0.smv_k600.dimacs,wall clock limit exceeded,7200.0
MapleCOMSPS,recurrence,dpd75_persistence_0.smv_k600.dimacs,wall clock limit exceeded,7200.0
BSaLTic-DHf,reactivity,dpd75_reactivity_0.smv_k40.dimacs,SAT,19.38
BSaLTic-EHf,reactivity,dpd75_reactivity_0.smv_k40.dimacs,SAT,16.5
Kissat,reactivity,dpd75_reactivity_0.smv_k40.dimacs,SAT,32.8243
MapleCOMSPS,reactivity,dpd75_reactivity_0.smv_k40.dimacs,SAT,7.72
BSaLTic-DHf,reactivity,dpd75_reactivity_0.smv_k80.dimacs,SAT,143.56
BSaLTic-EHf,reactivity,dpd75_reactivity_0.smv_k80.dimacs,SAT,54.16
Kissat,reactivity,dpd75_reactivity_0.smv_k80.dimacs,SAT,216.233
MapleCOMSPS,reactivity,dpd75_reactivity_0.smv_k80.dimacs,SAT,69.75
BSaLTic-DHf,persistence,dpd75_recurrence_0.smv_k100.dimacs,SAT,66.93
BSaLTic-EHf,persistence,dpd75_recurrence_0.smv_k100.dimacs,SAT,35.53
Kissat,persistence,dpd75_recurrence_0.smv_k100.dimacs,SAT,496.898
MapleCOMSPS,persistence,dpd75_recurrence_0.smv_k100.dimacs,SAT,113.96
BSaLTic-DHf,persistence,dpd75_recurrence_0.smv_k1000.dimacs,wall clock limit exceeded,7200.0
BSaLTic-EHf,persistence,dpd75_recurrence_0.smv_k1000.dimacs,wall clock limit exceeded,7200.0
Kissat,persistence,dpd75_recurrence_0.smv_k1000.dimacs,wall clock limit exceeded,7200.0
MapleCOMSPS,persistence,dpd75_recurrence_0.smv_k1000.dimacs,wall clock limit exceeded,7200.0
BSaLTic-DHf,persistence,dpd75_recurrence_0.smv_k600.dimacs,wall clock limit exceeded,7200.0
BSaLTic-EHf,persistence,dpd75_recurrence_0.smv_k600.dimacs,wall clock limit exceeded,7200.0
Kissat,persistence,dpd75_recurrence_0.smv_k600.dimacs,wall clock limit exceeded,7200.0
MapleCOMSPS,persistence,dpd75_recurrence_0.smv_k600.dimacs,wall clock limit exceeded,7200.0
BSaLTic-DHf,persistence,dpd75_recurrence_0.smv_k800.dimacs,wall clock limit exceeded,7200.0
BSaLTic-EHf,persistence,dpd75_recurrence_0.smv_k800.dimacs,wall clock limit exceeded,7200.0
Kissat,persistence,dpd75_recurrence_0.smv_k800.dimacs,wall clock limit exceeded,7200.0
MapleCOMSPS,persistence,dpd75_recurrence_0.smv_k800.dimacs,wall clock limit exceeded,7200.0
BSaLTic-EHf,guarantee,dpd75_safety_0.smv_k200.dimacs,SAT,229.11
BSaLTic-DHf,guarantee,dpd75_safety_0.smv_k200.dimacs,SAT,95.21
Kissat,guarantee,dpd75_safety_0.smv_k200.dimacs,SAT,6144.82
MapleCOMSPS,guarantee,dpd75_safety_0.smv_k200.dimacs,SAT,224.17
BSaLTic-DHf,recurrence,dph35_persistence_0.smv_k1000.dimacs,wall clock limit exceeded,7200.0
BSaLTic-EHf,recurrence,dph35_persistence_0.smv_k1000.dimacs,wall clock limit exceeded,7200.0
Kissat,recurrence,dph35_persistence_0.smv_k1000.dimacs,wall clock limit exceeded,7200.0
MapleCOMSPS,recurrence,dph35_persistence_0.smv_k1000.dimacs,wall clock limit exceeded,7200.0
BSaLTic-DHf,recurrence,dph35_persistence_0.smv_k200.dimacs,wall clock limit exceeded,7200.0
BSaLTic-EHf,recurrence,dph35_persistence_0.smv_k200.dimacs,wall clock limit exceeded,7200.0
Kissat,recurrence,dph35_persistence_0.smv_k200.dimacs,wall clock limit exceeded,7200.0
MapleCOMSPS,recurrence,dph35_persistence_0.smv_k200.dimacs,wall clock limit exceeded,7200.0
BSaLTic-DHf,recurrence,dph35_persistence_0.smv_k2000.dimacs,wall clock limit exceeded,7200.0
BSaLTic-EHf,recurrence,dph35_persistence_0.smv_k2000.dimacs,wall clock limit exceeded,7200.0
Kissat,recurrence,dph35_persistence_0.smv_k2000.dimacs,wall clock limit exceeded,7200.0
MapleCOMSPS,recurrence,dph35_persistence_0.smv_k2000.dimacs,wall clock limit exceeded,7200.0
BSaLTic-DHf,recurrence,dph35_persistence_0.smv_k40.dimacs,SAT,51.92
BSaLTic-EHf,recurrence,dph35_persistence_0.smv_k40.dimacs,SAT,793.47
Kissat,recurrence,dph35_persistence_0.smv_k40.dimacs,SAT,443.043
MapleCOMSPS,recurrence,dph35_persistence_0.smv_k40.dimacs,SAT,184.2
BSaLTic-DHf,recurrence,dph35_persistence_0.smv_k600.dimacs,wall clock limit exceeded,7200.0
BSaLTic-EHf,recurrence,dph35_persistence_0.smv_k600.dimacs,wall clock limit exceeded,7200.0
Kissat,recurrence,dph35_persistence_0.smv_k600.dimacs,wall clock limit exceeded,7200.0
MapleCOMSPS,recurrence,dph35_persistence_0.smv_k600.dimacs,wall clock limit exceeded,7200.0
BSaLTic-DHf,recurrence,dph35_persistence_0.smv_k80.dimacs,SAT,3719.66
BSaLTic-EHf,recurrence,dph35_persistence_0.smv_k80.dimacs,SAT,351.82
Kissat,recurrence,dph35_persistence_0.smv_k80.dimacs,SAT,1937.99
MapleCOMSPS,recurrence,dph35_persistence_0.smv_k80.dimacs,SAT,983.38
BSaLTic-DHf,recurrence,dph35_persistence_0.smv_k800.dimacs,wall clock limit exceeded,7200.0
BSaLTic-EHf,recurrence,dph35_persistence_0.smv_k800.dimacs,wall clock limit exceeded,7200.0
Kissat,recurrence,dph35_persistence_0.smv_k800.dimacs,wall clock limit exceeded,7200.0
MapleCOMSPS,recurrence,dph35_persistence_0.smv_k800.dimacs,wall clock limit exceeded,7200.0
BSaLTic-DHf,reactivity,dph35_reactivity_0.smv_k100.dimacs,wall clock limit exceeded,7200.0
BSaLTic-EHf,reactivity,dph35_reactivity_0.smv_k100.dimacs,SAT,855.04
Kissat,reactivity,dph35_reactivity_0.smv_k100.dimacs,SAT,4265.32
MapleCOMSPS,reactivity,dph35_reactivity_0.smv_k100.dimacs,wall clock limit exceeded,7200.0
BSaLTic-DHf,reactivity,dph35_reactivity_0.smv_k40.dimacs,SAT,64.12
BSaLTic-EHf,reactivity,dph35_reactivity_0.smv_k40.dimacs,SAT,18.82
Kissat,reactivity,dph35_reactivity_0.smv_k40.dimacs,SAT,215.464
MapleCOMSPS,reactivity,dph35_reactivity_0.smv_k40.dimacs,SAT,61.84
BSaLTic-DHf,recurrence,elevator_planning.1_persistence_0.smv_k1000.dimacs,SAT,1451.46
BSaLTic-EHf,recurrence,elevator_planning.1_persistence_0.smv_k1000.dimacs,SAT,2436.23
Kissat,recurrence,elevator_planning.1_persistence_0.smv_k1000.dimacs,SAT,2226.83
MapleCOMSPS,recurrence,elevator_planning.1_persistence_0.smv_k1000.dimacs,wall clock limit exceeded,7200.0
BSaLTic-DHf,recurrence,elevator_planning.1_persistence_0.smv_k400.dimacs,SAT,66.68
BSaLTic-EHf,recurrence,elevator_planning.1_persistence_0.smv_k400.dimacs,SAT,75.06
Kissat,recurrence,elevator_planning.1_persistence_0.smv_k400.dimacs,SAT,525.903
MapleCOMSPS,recurrence,elevator_planning.1_persistence_0.smv_k400.dimacs,SAT,106.72
BSaLTic-EHf,guarantee,elevator_planning.1_safety_0.smv_k600.dimacs,SAT,131.26
BSaLTic-DHf,guarantee,elevator_planning.1_safety_0.smv_k600.dimacs,SAT,109.28
Kissat,guarantee,elevator_planning.1_safety_0.smv_k600.dimacs,SAT,19.7687
MapleCOMSPS,guarantee,elevator_planning.1_safety_0.smv_k600.dimacs,SAT,139.53
BSaLTic-EHf,guarantee,elevator_planning.1_safety_0.smv_k800.dimacs,SAT,72.05
BSaLTic-DHf,guarantee,elevator_planning.1_safety_0.smv_k800.dimacs,SAT,68.36
Kissat,guarantee,elevator_planning.1_safety_0.smv_k800.dimacs,SAT,94.4729
MapleCOMSPS,guarantee,elevator_planning.1_safety_0.smv_k800.dimacs,SAT,102.97
BSaLTic-DHf,recurrence,elevator_planning.2_persistence_0.smv_k1000.dimacs,SAT,1080.63
BSaLTic-EHf,recurrence,elevator_planning.2_persistence_0.smv_k1000.dimacs,wall clock limit exceeded,7200.0
Kissat,recurrence,elevator_planning.2_persistence_0.smv_k1000.dimacs,SAT,300.993
MapleCOMSPS,recurrence,elevator_planning.2_persistence_0.smv_k1000.dimacs,wall clock limit exceeded,7200.0
BSaLTic-DHf,recurrence,elevator_planning.2_persistence_0.smv_k400.dimacs,SAT,94.47
BSaLTic-EHf,recurrence,elevator_planning.2_persistence_0.smv_k400.dimacs,SAT,143.78
Kissat,recurrence,elevator_planning.2_persistence_0.smv_k400.dimacs,SAT,7.37017
MapleCOMSPS,recurrence,elevator_planning.2_persistence_0.smv_k400.dimacs,SAT,165.94
BSaLTic-DHf,recurrence,elevator_planning.2_persistence_0.smv_k600.dimacs,SAT,472.61
BSaLTic-EHf,recurrence,elevator_planning.2_persistence_0.smv_k600.dimacs,SAT,198.21
Kissat,recurrence,elevator_planning.2_persistence_0.smv_k600.dimacs,SAT,1222.18
MapleCOMSPS,recurrence,elevator_planning.2_persistence_0.smv_k600.dimacs,SAT,640.97
BSaLTic-DHf,recurrence,elevator_planning.2_persistence_0.smv_k800.dimacs,SAT,734.85
BSaLTic-EHf,recurrence,elevator_planning.2_persistence_0.smv_k800.dimacs,SAT,509.18
Kissat,recurrence,elevator_planning.2_persistence_0.smv_k800.dimacs,SAT,14.9486
MapleCOMSPS,recurrence,elevator_planning.2_persistence_0.smv_k800.dimacs,SAT,2424.81
BSaLTic-DHf,obligation,example_obligation_0.smv_k2000.dimacs,SAT,0.22
BSaLTic-EHf,obligation,example_obligation_0.smv_k2000.dimacs,SAT,0.22
Kissat,obligation,example_obligation_0.smv_k2000.dimacs,SAT,0.024311
MapleCOMSPS,obligation,example_obligation_0.smv_k2000.dimacs,SAT,0.22
BSaLTic-DHf,obligation,example_obligation_0.smv_k4000.dimacs,SAT,0.54
BSaLTic-EHf,obligation,example_obligation_0.smv_k4000.dimacs,SAT,0.78
Kissat,obligation,example_obligation_0.smv_k4000.dimacs,SAT,0.039917
MapleCOMSPS,obligation,example_obligation_0.smv_k4000.dimacs,SAT,0.79
BSaLTic-DHf,obligation,example_obligation_0.smv_k6000.dimacs,SAT,2.23
BSaLTic-EHf,obligation,example_obligation_0.smv_k6000.dimacs,SAT,2.12
Kissat,obligation,example_obligation_0.smv_k6000.dimacs,SAT,0.054885
MapleCOMSPS,obligation,example_obligation_0.smv_k6000.dimacs,SAT,2.2
BSaLTic-DHf,recurrence,example_persistence_0.smv_k200.dimacs,SAT,39.47
BSaLTic-EHf,recurrence,example_persistence_0.smv_k200.dimacs,SAT,39.65
Kissat,recurrence,example_persistence_0.smv_k200.dimacs,SAT,16.3714
MapleCOMSPS,recurrence,example_persistence_0.smv_k200.dimacs,SAT,64.36
BSaLTic-DHf,persistence,furnace17_recurrence_0.smv_k600.dimacs,wall clock limit exceeded,7200.0
BSaLTic-EHf,persistence,furnace17_recurrence_0.smv_k600.dimacs,wall clock limit exceeded,7200.0
Kissat,persistence,furnace17_recurrence_0.smv_k600.dimacs,SAT,7.13224
MapleCOMSPS,persistence,furnace17_recurrence_0.smv_k600.dimacs,SAT,947.38
BSaLTic-DHf,persistence,furnace17_recurrence_0.smv_k800.dimacs,SAT,2150.93
BSaLTic-EHf,persistence,furnace17_recurrence_0.smv_k800.dimacs,wall clock limit exceeded,7200.0
Kissat,persistence,furnace17_recurrence_0.smv_k800.dimacs,wall clock limit exceeded,7200.0
MapleCOMSPS,persistence,furnace17_recurrence_0.smv_k800.dimacs,wall clock limit exceeded,7200.0
BSaLTic-DHf,obligation,gas-nq7_obligation_0.smv_k100.dimacs,UNSAT,7.33
BSaLTic-EHf,obligation,gas-nq7_obligation_0.smv_k100.dimacs,UNSAT,4.94
Kissat,obligation,gas-nq7_obligation_0.smv_k100.dimacs,UNSAT,1.07532
MapleCOMSPS,obligation,gas-nq7_obligation_0.smv_k100.dimacs,UNSAT,7.28
BSaLTic-DHf,obligation,gas-nq7_obligation_0.smv_k1000.dimacs,UNSAT,106.83
BSaLTic-EHf,obligation,gas-nq7_obligation_0.smv_k1000.dimacs,UNSAT,67.03
Kissat,obligation,gas-nq7_obligation_0.smv_k1000.dimacs,UNSAT,59.7148
MapleCOMSPS,obligation,gas-nq7_obligation_0.smv_k1000.dimacs,UNSAT,107.46
BSaLTic-DHf,obligation,gas-nq7_obligation_0.smv_k200.dimacs,UNSAT,21.46
BSaLTic-EHf,obligation,gas-nq7_obligation_0.smv_k200.dimacs,UNSAT,34.75
Kissat,obligation,gas-nq7_obligation_0.smv_k200.dimacs,UNSAT,14.2959
MapleCOMSPS,obligation,gas-nq7_obligation_0.smv_k200.dimacs,UNSAT,34.62
BSaLTic-DHf,obligation,gas-nq7_obligation_0.smv_k40.dimacs,UNSAT,3.01
BSaLTic-EHf,obligation,gas-nq7_obligation_0.smv_k40.dimacs,UNSAT,3.04
Kissat,obligation,gas-nq7_obligation_0.smv_k40.dimacs,UNSAT,0.45029
MapleCOMSPS,obligation,gas-nq7_obligation_0.smv_k40.dimacs,UNSAT,4.63
BSaLTic-DHf,obligation,gas-nq7_obligation_0.smv_k80.dimacs,UNSAT,5.88
BSaLTic-EHf,obligation,gas-nq7_obligation_0.smv_k80.dimacs,UNSAT,5.93
Kissat,obligation,gas-nq7_obligation_0.smv_k80.dimacs,UNSAT,0.904253
MapleCOMSPS,obligation,gas-nq7_obligation_0.smv_k80.dimacs,UNSAT,6.02
BSaLTic-DHf,obligation,gas-nq7_obligation_0.smv_k800.dimacs,UNSAT,47.61
BSaLTic-EHf,obligation,gas-nq7_obligation_0.smv_k800.dimacs,UNSAT,72.74
Kissat,obligation,gas-nq7_obligation_0.smv_k800.dimacs,UNSAT,18.5876
MapleCOMSPS,obligation,gas-nq7_obligation_0.smv_k800.dimacs,UNSAT,70.58
BSaLTic-DHf,recurrence,gas-nq7_persistence_0.smv_k100.dimacs,SAT,582.04
BSaLTic-EHf,recurrence,gas-nq7_persistence_0.smv_k100.dimacs,SAT,500.62
Kissat,recurrence,gas-nq7_persistence_0.smv_k100.dimacs,SAT,1866.72
MapleCOMSPS,recurrence,gas-nq7_persistence_0.smv_k100.dimacs,SAT,1563.86
BSaLTic-DHf,recurrence,gas-nq7_persistence_0.smv_k1000.dimacs,wall clock limit exceeded,7200.0
BSaLTic-EHf,recurrence,gas-nq7_persistence_0.smv_k1000.dimacs,wall clock limit exceeded,7200.0
Kissat,recurrence,gas-nq7_persistence_0.smv_k1000.dimacs,wall clock limit exceeded,7200.0
MapleCOMSPS,recurrence,gas-nq7_persistence_0.smv_k1000.dimacs,wall clock limit exceeded,7200.0
BSaLTic-DHf,recurrence,gas-nq7_persistence_0.smv_k200.dimacs,SAT,1315.65
BSaLTic-EHf,recurrence,gas-nq7_persistence_0.smv_k200.dimacs,SAT,771.5
Kissat,recurrence,gas-nq7_persistence_0.smv_k200.dimacs,wall clock limit exceeded,7200.0
MapleCOMSPS,recurrence,gas-nq7_persistence_0.smv_k200.dimacs,SAT,7020.22
BSaLTic-DHf,recurrence,gas-nq7_persistence_0.smv_k2000.dimacs,wall clock limit exceeded,7200.0
BSaLTic-EHf,recurrence,gas-nq7_persistence_0.smv_k2000.dimacs,wall clock limit exceeded,7200.0
Kissat,recurrence,gas-nq7_persistence_0.smv_k2000.dimacs,wall clock limit exceeded,7200.0
MapleCOMSPS,recurrence,gas-nq7_persistence_0.smv_k2000.dimacs,wall clock limit exceeded,7200.0
BSaLTic-DHf,recurrence,gas-nq7_persistence_0.smv_k40.dimacs,SAT,57.13
BSaLTic-EHf,recurrence,gas-nq7_persistence_0.smv_k40.dimacs,SAT,115.67
Kissat,recurrence,gas-nq7_persistence_0.smv_k40.dimacs,SAT,516.304
MapleCOMSPS,recurrence,gas-nq7_persistence_0.smv_k40.dimacs,SAT,181.68
BSaLTic-DHf,recurrence,gas-nq7_persistence_0.smv_k400.dimacs,wall clock limit exceeded,7200.0
BSaLTic-EHf,recurrence,gas-nq7_persistence_0.smv_k400.dimacs,wall clock limit exceeded,7200.0
Kissat,recurrence,gas-nq7_persistence_0.smv_k400.dimacs,wall clock limit exceeded,7200.0
MapleCOMSPS,recurrence,gas-nq7_persistence_0.smv_k400.dimacs,wall clock limit exceeded,7200.0
BSaLTic-DHf,recurrence,gas-nq7_persistence_0.smv_k600.dimacs,wall clock limit exceeded,7200.0
BSaLTic-EHf,recurrence,gas-nq7_persistence_0.smv_k600.dimacs,wall clock limit exceeded,7200.0
Kissat,recurrence,gas-nq7_persistence_0.smv_k600.dimacs,wall clock limit exceeded,7200.0
MapleCOMSPS,recurrence,gas-nq7_persistence_0.smv_k600.dimacs,wall clock limit exceeded,7200.0
BSaLTic-DHf,reactivity,gas-nq7_reactivity_0.smv_k1000.dimacs,wall clock limit exceeded,7200.0
BSaLTic-EHf,reactivity,gas-nq7_reactivity_0.smv_k1000.dimacs,wall clock limit exceeded,7200.0
Kissat,reactivity,gas-nq7_reactivity_0.smv_k1000.dimacs,wall clock limit exceeded,7200.03
MapleCOMSPS,reactivity,gas-nq7_reactivity_0.smv_k1000.dimacs,wall clock limit exceeded,7200.0
BSaLTic-DHf,reactivity,gas-nq7_reactivity_0.smv_k200.dimacs,SAT,2207.87
BSaLTic-EHf,reactivity,gas-nq7_reactivity_0.smv_k200.dimacs,SAT,3319.61
Kissat,reactivity,gas-nq7_reactivity_0.smv_k200.dimacs,wall clock limit exceeded,7200.01
MapleCOMSPS,reactivity,gas-nq7_reactivity_0.smv_k200.dimacs,wall clock limit exceeded,7200.0
BSaLTic-DHf,reactivity,gas-nq7_reactivity_0.smv_k40.dimacs,SAT,87.44
BSaLTic-EHf,reactivity,gas-nq7_reactivity_0.smv_k40.dimacs,SAT,22.69
Kissat,reactivity,gas-nq7_reactivity_0.smv_k40.dimacs,SAT,88.9808
MapleCOMSPS,reactivity,gas-nq7_reactivity_0.smv_k40.dimacs,SAT,10.49
BSaLTic-DHf,reactivity,gas-nq7_reactivity_0.smv_k400.dimacs,wall clock limit exceeded,7200.0
BSaLTic-EHf,reactivity,gas-nq7_reactivity_0.smv_k400.dimacs,wall clock limit exceeded,7200.0
Kissat,reactivity,gas-nq7_reactivity_0.smv_k400.dimacs,wall clock limit exceeded,7200.03
MapleCOMSPS,reactivity,gas-nq7_reactivity_0.smv_k400.dimacs,wall clock limit exceeded,7200.0
BSaLTic-DHf,reactivity,gas-nq7_reactivity_0.smv_k600.dimacs,wall clock limit exceeded,7200.0
BSaLTic-EHf,reactivity,gas-nq7_reactivity_0.smv_k600.dimacs,wall clock limit exceeded,7200.0
Kissat,reactivity,gas-nq7_reactivity_0.smv_k600.dimacs,wall clock limit exceeded,7200.03
MapleCOMSPS,reactivity,gas-nq7_reactivity_0.smv_k600.dimacs,wall clock limit exceeded,7200.0
BSaLTic-DHf,reactivity,gas-nq7_reactivity_0.smv_k80.dimacs,SAT,629.32
BSaLTic-EHf,reactivity,gas-nq7_reactivity_0.smv_k80.dimacs,SAT,162.05
Kissat,reactivity,gas-nq7_reactivity_0.smv_k80.dimacs,SAT,4527.25
MapleCOMSPS,reactivity,gas-nq7_reactivity_0.smv_k80.dimacs,SAT,404.26
BSaLTic-DHf,persistence,gas-nq7_recurrence_0.smv_k100.dimacs,SAT,521.92
BSaLTic-EHf,persistence,gas-nq7_recurrence_0.smv_k100.dimacs,SAT,6519.52
Kissat,persistence,gas-nq7_recurrence_0.smv_k100.dimacs,SAT,2546.1
MapleCOMSPS,persistence,gas-nq7_recurrence_0.smv_k100.dimacs,wall clock limit exceeded,7200.0
BSaLTic-DHf,persistence,gas-nq7_recurrence_0.smv_k400.dimacs,wall clock limit exceeded,7200.0
BSaLTic-EHf,persistence,gas-nq7_recurrence_0.smv_k400.dimacs,wall clock limit exceeded,7200.0
Kissat,persistence,gas-nq7_recurrence_0.smv_k400.dimacs,wall clock limit exceeded,7200.0
MapleCOMSPS,persistence,gas-nq7_recurrence_0.smv_k400.dimacs,wall clock limit exceeded,7200.0
BSaLTic-DHf,persistence,gas-nq7_recurrence_0.smv_k600.dimacs,wall clock limit exceeded,7200.0
BSaLTic-EHf,persistence,gas-nq7_recurrence_0.smv_k600.dimacs,wall clock limit exceeded,7200.0
Kissat,persistence,gas-nq7_recurrence_0.smv_k600.dimacs,wall clock limit exceeded,7200.0
MapleCOMSPS,persistence,gas-nq7_recurrence_0.smv_k600.dimacs,wall clock limit exceeded,7200.0
BSaLTic-EHf,guarantee,gas-nq7_safety_0.smv_k1000.dimacs,SAT,39.17
BSaLTic-DHf,guarantee,gas-nq7_safety_0.smv_k1000.dimacs,SAT,39.07
Kissat,guarantee,gas-nq7_safety_0.smv_k1000.dimacs,wall clock limit exceeded,7200.02
MapleCOMSPS,guarantee,gas-nq7_safety_0.smv_k1000.dimacs,SAT,39.09
BSaLTic-EHf,guarantee,gigamax_k1000.dimacs,UNSAT,56.14
BSaLTic-DHf,guarantee,gigamax_k1000.dimacs,UNSAT,44.56
Kissat,guarantee,gigamax_k1000.dimacs,UNSAT,37.6374
MapleCOMSPS,guarantee,gigamax_k1000.dimacs,UNSAT,40.46
BSaLTic-EHf,guarantee,gigamax_k600.dimacs,UNSAT,18.96
BSaLTic-DHf,guarantee,gigamax_k600.dimacs,UNSAT,18.53
Kissat,guarantee,gigamax_k600.dimacs,UNSAT,29.1882
MapleCOMSPS,guarantee,gigamax_k600.dimacs,UNSAT,18.65
BSaLTic-EHf,guarantee,gigamax_k6000.dimacs,UNSAT,1092.42
BSaLTic-DHf,guarantee,gigamax_k6000.dimacs,UNSAT,1141.06
Kissat,guarantee,gigamax_k6000.dimacs,UNSAT,1536.39
MapleCOMSPS,guarantee,gigamax_k6000.dimacs,UNSAT,1150.55
BSaLTic-DHf,obligation,gigamax_obligation_0.smv_k40.dimacs,SAT,0.11
BSaLTic-EHf,obligation,gigamax_obligation_0.smv_k40.dimacs,SAT,0.14
Kissat,obligation,gigamax_obligation_0.smv_k40.dimacs,SAT,0.094056
MapleCOMSPS,obligation,gigamax_obligation_0.smv_k40.dimacs,SAT,0.14
BSaLTic-DHf,obligation,gigamax_obligation_0.smv_k400.dimacs,SAT,2043.49
BSaLTic-EHf,obligation,gigamax_obligation_0.smv_k400.dimacs,SAT,2042.38
Kissat,obligation,gigamax_obligation_0.smv_k400.dimacs,SAT,5.04165
MapleCOMSPS,obligation,gigamax_obligation_0.smv_k400.dimacs,SAT,3496.46
BSaLTic-DHf,obligation,gigamax_obligation_0.smv_k600.dimacs,wall clock limit exceeded,7200.0
BSaLTic-EHf,obligation,gigamax_obligation_0.smv_k600.dimacs,wall clock limit exceeded,7200.0
Kissat,obligation,gigamax_obligation_0.smv_k600.dimacs,SAT,956.327
MapleCOMSPS,obligation,gigamax_obligation_0.smv_k600.dimacs,wall clock limit exceeded,7200.0
BSaLTic-DHf,obligation,gigamax_obligation_0.smv_k80.dimacs,SAT,1.36
BSaLTic-EHf,obligation,gigamax_obligation_0.smv_k80.dimacs,SAT,1.34
Kissat,obligation,gigamax_obligation_0.smv_k80.dimacs,SAT,0.149438
MapleCOMSPS,obligation,gigamax_obligation_0.smv_k80.dimacs,SAT,1.73
BSaLTic-DHf,recurrence,gigamax_persistence_0.smv_k100.dimacs,SAT,44.7
BSaLTic-EHf,recurrence,gigamax_persistence_0.smv_k100.dimacs,SAT,69.11
Kissat,recurrence,gigamax_persistence_0.smv_k100.dimacs,SAT,12.5415
MapleCOMSPS,recurrence,gigamax_persistence_0.smv_k100.dimacs,SAT,69.31
BSaLTic-DHf,reactivity,gigamax_reactivity_0.smv_k40.dimacs,SAT,0.89
BSaLTic-EHf,reactivity,gigamax_reactivity_0.smv_k40.dimacs,SAT,0.82
Kissat,reactivity,gigamax_reactivity_0.smv_k40.dimacs,SAT,0.272244
MapleCOMSPS,reactivity,gigamax_reactivity_0.smv_k40.dimacs,SAT,0.87
BSaLTic-DHf,reactivity,gigamax_reactivity_0.smv_k80.dimacs,SAT,98.54
BSaLTic-EHf,reactivity,gigamax_reactivity_0.smv_k80.dimacs,SAT,71.27
Kissat,reactivity,gigamax_reactivity_0.smv_k80.dimacs,SAT,2.25015
MapleCOMSPS,reactivity,gigamax_reactivity_0.smv_k80.dimacs,SAT,112.55
BSaLTic-EHf,guarantee,gigamax_safety_0.smv_k1000.dimacs,SAT,18.89
BSaLTic-DHf,guarantee,gigamax_safety_0.smv_k1000.dimacs,SAT,25.94
Kissat,guarantee,gigamax_safety_0.smv_k1000.dimacs,SAT,4.11062
MapleCOMSPS,guarantee,gigamax_safety_0.smv_k1000.dimacs,SAT,27.45
BSaLTic-DHf,persistence,guidance_k1000.dimacs,UNSAT,1354.67
BSaLTic-EHf,persistence,guidance_k1000.dimacs,UNSAT,1001.48
Kissat,persistence,guidance_k1000.dimacs,UNSAT,2018.46
MapleCOMSPS,persistence,guidance_k1000.dimacs,UNSAT,1356.33
BSaLTic-DHf,persistence,guidance_k200.dimacs,UNSAT,57.27
BSaLTic-EHf,persistence,guidance_k200.dimacs,UNSAT,36.11
Kissat,persistence,guidance_k200.dimacs,UNSAT,66.8309
MapleCOMSPS,persistence,guidance_k200.dimacs,UNSAT,36.08
BSaLTic-DHf,persistence,guidance_k400.dimacs,UNSAT,135.51
BSaLTic-EHf,persistence,guidance_k400.dimacs,UNSAT,129.4
Kissat,persistence,guidance_k400.dimacs,UNSAT,282.059
MapleCOMSPS,persistence,guidance_k400.dimacs,UNSAT,150.08
BSaLTic-DHf,persistence,guidance_k60.dimacs,UNSAT,3.17
BSaLTic-EHf,persistence,guidance_k60.dimacs,UNSAT,3.83
Kissat,persistence,guidance_k60.dimacs,UNSAT,6.03108
MapleCOMSPS,persistence,guidance_k60.dimacs,UNSAT,3.31
BSaLTic-DHf,recurrence,guidance_neg.smv_k100.dimacs,SAT,1.22
BSaLTic-EHf,recurrence,guidance_neg.smv_k100.dimacs,SAT,1.62
Kissat,recurrence,guidance_neg.smv_k100.dimacs,SAT,0.803185
MapleCOMSPS,recurrence,guidance_neg.smv_k100.dimacs,SAT,1.59
BSaLTic-DHf,recurrence,guidance_neg.smv_k1000.dimacs,SAT,271.07
BSaLTic-EHf,recurrence,guidance_neg.smv_k1000.dimacs,SAT,441.64
Kissat,recurrence,guidance_neg.smv_k1000.dimacs,SAT,110.075
MapleCOMSPS,recurrence,guidance_neg.smv_k1000.dimacs,SAT,332.96
BSaLTic-DHf,recurrence,guidance_neg.smv_k800.dimacs,SAT,139.38
BSaLTic-EHf,recurrence,guidance_neg.smv_k800.dimacs,SAT,228.19
Kissat,recurrence,guidance_neg.smv_k800.dimacs,SAT,87.4436
MapleCOMSPS,recurrence,guidance_neg.smv_k800.dimacs,SAT,200.8
BSaLTic-DHf,persistence,idle_k1200.dimacs,UNSAT,47.51
BSaLTic-EHf,persistence,idle_k1200.dimacs,UNSAT,62.0
Kissat,persistence,idle_k1200.dimacs,UNSAT,71.2856
MapleCOMSPS,persistence,idle_k1200.dimacs,UNSAT,56.96
BSaLTic-DHf,persistence,idle_k200.dimacs,UNSAT,1.62
BSaLTic-EHf,persistence,idle_k200.dimacs,UNSAT,1.5
Kissat,persistence,idle_k200.dimacs,UNSAT,0.911254
MapleCOMSPS,persistence,idle_k200.dimacs,UNSAT,1.7
BSaLTic-DHf,persistence,idle_k400.dimacs,UNSAT,10.93
BSaLTic-EHf,persistence,idle_k400.dimacs,UNSAT,18.67
Kissat,persistence,idle_k400.dimacs,UNSAT,6.83968
MapleCOMSPS,persistence,idle_k400.dimacs,UNSAT,16.8
BSaLTic-DHf,persistence,idle_k600.dimacs,UNSAT,12.67
BSaLTic-EHf,persistence,idle_k600.dimacs,UNSAT,15.02
Kissat,persistence,idle_k600.dimacs,UNSAT,13.5055
MapleCOMSPS,persistence,idle_k600.dimacs,UNSAT,18.17
BSaLTic-DHf,safety,krebs.1_guarantee_0.smv_k1000.dimacs,wall clock limit exceeded,7200.0
BSaLTic-EHf,safety,krebs.1_guarantee_0.smv_k1000.dimacs,wall clock limit exceeded,7200.0
Kissat,safety,krebs.1_guarantee_0.smv_k1000.dimacs,wall clock limit exceeded,7200.02
MapleCOMSPS,safety,krebs.1_guarantee_0.smv_k1000.dimacs,wall clock limit exceeded,7200.0
BSaLTic-DHf,safety,krebs.1_guarantee_0.smv_k400.dimacs,wall clock limit exceeded,7200.0
BSaLTic-EHf,safety,krebs.1_guarantee_0.smv_k400.dimacs,wall clock limit exceeded,7200.0
Kissat,safety,krebs.1_guarantee_0.smv_k400.dimacs,wall clock limit exceeded,7200.02
MapleCOMSPS,safety,krebs.1_guarantee_0.smv_k400.dimacs,wall clock limit exceeded,7200.0
BSaLTic-DHf,safety,krebs.1_guarantee_0.smv_k600.dimacs,wall clock limit exceeded,7200.0
BSaLTic-EHf,safety,krebs.1_guarantee_0.smv_k600.dimacs,wall clock limit exceeded,7200.0
Kissat,safety,krebs.1_guarantee_0.smv_k600.dimacs,wall clock limit exceeded,7200.02
MapleCOMSPS,safety,krebs.1_guarantee_0.smv_k600.dimacs,wall clock limit exceeded,7200.0
BSaLTic-DHf,safety,krebs.1_k100.dimacs,UNSAT,1223.26
BSaLTic-EHf,safety,krebs.1_k100.dimacs,UNSAT,910.96
Kissat,safety,krebs.1_k100.dimacs,UNSAT,540.953
MapleCOMSPS,safety,krebs.1_k100.dimacs,UNSAT,869.89
BSaLTic-DHf,safety,krebs.1_k1000.dimacs,wall clock limit exceeded,7200.0
BSaLTic-EHf,safety,krebs.1_k1000.dimacs,wall clock limit exceeded,7200.0
Kissat,safety,krebs.1_k1000.dimacs,wall clock limit exceeded,7200.02
MapleCOMSPS,safety,krebs.1_k1000.dimacs,wall clock limit exceeded,7200.0
BSaLTic-DHf,safety,krebs.1_k1400.dimacs,wall clock limit exceeded,7200.0
BSaLTic-EHf,safety,krebs.1_k1400.dimacs,wall clock limit exceeded,7200.0
Kissat,safety,krebs.1_k1400.dimacs,wall clock limit exceeded,7200.02
MapleCOMSPS,safety,krebs.1_k1400.dimacs,wall clock limit exceeded,7200.0
BSaLTic-DHf,safety,krebs.1_k1600.dimacs,wall clock limit exceeded,7200.0
BSaLTic-EHf,safety,krebs.1_k1600.dimacs,wall clock limit exceeded,7200.0
Kissat,safety,krebs.1_k1600.dimacs,wall clock limit exceeded,7200.02
MapleCOMSPS,safety,krebs.1_k1600.dimacs,wall clock limit exceeded,7200.0
BSaLTic-DHf,safety,krebs.1_k200.dimacs,wall clock limit exceeded,7200.0
BSaLTic-EHf,safety,krebs.1_k200.dimacs,wall clock limit exceeded,7200.0
Kissat,safety,krebs.1_k200.dimacs,UNSAT,1151.55
MapleCOMSPS,safety,krebs.1_k200.dimacs,wall clock limit exceeded,7200.0
BSaLTic-DHf,safety,krebs.1_k2000.dimacs,wall clock limit exceeded,7200.0
BSaLTic-EHf,safety,krebs.1_k2000.dimacs,wall clock limit exceeded,7200.0
Kissat,safety,krebs.1_k2000.dimacs,wall clock limit exceeded,7200.03
MapleCOMSPS,safety,krebs.1_k2000.dimacs,wall clock limit exceeded,7200.0
BSaLTic-DHf,safety,krebs.1_k600.dimacs,wall clock limit exceeded,7200.0
BSaLTic-EHf,safety,krebs.1_k600.dimacs,wall clock limit exceeded,7200.0
Kissat,safety,krebs.1_k600.dimacs,wall clock limit exceeded,7200.02
MapleCOMSPS,safety,krebs.1_k600.dimacs,wall clock limit exceeded,7200.0
BSaLTic-DHf,reactivity,krebs.1_reactivity_0.smv_k100.dimacs,UNSAT,1381.03
BSaLTic-EHf,reactivity,krebs.1_reactivity_0.smv_k100.dimacs,UNSAT,970.2
Kissat,reactivity,krebs.1_reactivity_0.smv_k100.dimacs,UNSAT,373.759
MapleCOMSPS,reactivity,krebs.1_reactivity_0.smv_k100.dimacs,UNSAT,7102.33
BSaLTic-DHf,persistence,krebs.1_recurrence_0.smv_k200.dimacs,wall clock limit exceeded,7200.0
BSaLTic-EHf,persistence,krebs.1_recurrence_0.smv_k200.dimacs,wall clock limit exceeded,7200.0
Kissat,persistence,krebs.1_recurrence_0.smv_k200.dimacs,UNSAT,5486.72
MapleCOMSPS,persistence,krebs.1_recurrence_0.smv_k200.dimacs,wall clock limit exceeded,7200.0
BSaLTic-DHf,persistence,krebs.1_recurrence_0.smv_k400.dimacs,wall clock limit exceeded,7200.0
BSaLTic-EHf,persistence,krebs.1_recurrence_0.smv_k400.dimacs,wall clock limit exceeded,7200.0
Kissat,persistence,krebs.1_recurrence_0.smv_k400.dimacs,wall clock limit exceeded,7200.0
MapleCOMSPS,persistence,krebs.1_recurrence_0.smv_k400.dimacs,wall clock limit exceeded,7200.0
BSaLTic-DHf,persistence,krebs.1_recurrence_0.smv_k80.dimacs,UNSAT,568.84
BSaLTic-EHf,persistence,krebs.1_recurrence_0.smv_k80.dimacs,UNSAT,268.29
Kissat,persistence,krebs.1_recurrence_0.smv_k80.dimacs,UNSAT,160.613
MapleCOMSPS,persistence,krebs.1_recurrence_0.smv_k80.dimacs,UNSAT,401.83
BSaLTic-EHf,guarantee,krebs.1_safety_0.smv_k200.dimacs,wall clock limit exceeded,7200.0
BSaLTic-DHf,guarantee,krebs.1_safety_0.smv_k200.dimacs,wall clock limit exceeded,7200.0
Kissat,guarantee,krebs.1_safety_0.smv_k200.dimacs,wall clock limit exceeded,7200.01
MapleCOMSPS,guarantee,krebs.1_safety_0.smv_k200.dimacs,wall clock limit exceeded,7200.0
BSaLTic-EHf,guarantee,krebs.1_safety_0.smv_k2000.dimacs,wall clock limit exceeded,7200.0
BSaLTic-DHf,guarantee,krebs.1_safety_0.smv_k2000.dimacs,wall clock limit exceeded,7200.0
Kissat,guarantee,krebs.1_safety_0.smv_k2000.dimacs,wall clock limit exceeded,7200.04
MapleCOMSPS,guarantee,krebs.1_safety_0.smv_k2000.dimacs,wall clock limit exceeded,7200.0
BSaLTic-EHf,guarantee,krebs.1_safety_0.smv_k400.dimacs,wall clock limit exceeded,7200.0
BSaLTic-DHf,guarantee,krebs.1_safety_0.smv_k400.dimacs,wall clock limit exceeded,7200.0
Kissat,guarantee,krebs.1_safety_0.smv_k400.dimacs,wall clock limit exceeded,7200.02
MapleCOMSPS,guarantee,krebs.1_safety_0.smv_k400.dimacs,wall clock limit exceeded,7200.0
BSaLTic-EHf,guarantee,krebs.1_safety_0.smv_k600.dimacs,wall clock limit exceeded,7200.0
BSaLTic-DHf,guarantee,krebs.1_safety_0.smv_k600.dimacs,wall clock limit exceeded,7200.0
Kissat,guarantee,krebs.1_safety_0.smv_k600.dimacs,wall clock limit exceeded,7200.02
MapleCOMSPS,guarantee,krebs.1_safety_0.smv_k600.dimacs,wall clock limit exceeded,7200.0
BSaLTic-EHf,guarantee,krebs.1_safety_0.smv_k800.dimacs,wall clock limit exceeded,7200.0
BSaLTic-DHf,guarantee,krebs.1_safety_0.smv_k800.dimacs,wall clock limit exceeded,7200.0
Kissat,guarantee,krebs.1_safety_0.smv_k800.dimacs,wall clock limit exceeded,7200.02
MapleCOMSPS,guarantee,krebs.1_safety_0.smv_k800.dimacs,wall clock limit exceeded,7200.0
BSaLTic-DHf,safety,krebs.2_guarantee_0.smv_k200.dimacs,wall clock limit exceeded,7200.0
BSaLTic-EHf,safety,krebs.2_guarantee_0.smv_k200.dimacs,wall clock limit exceeded,7200.0
Kissat,safety,krebs.2_guarantee_0.smv_k200.dimacs,UNSAT,4883.13
MapleCOMSPS,safety,krebs.2_guarantee_0.smv_k200.dimacs,wall clock limit exceeded,7200.0
BSaLTic-DHf,safety,krebs.2_guarantee_0.smv_k400.dimacs,wall clock limit exceeded,7200.0
BSaLTic-EHf,safety,krebs.2_guarantee_0.smv_k400.dimacs,wall clock limit exceeded,7200.0
Kissat,safety,krebs.2_guarantee_0.smv_k400.dimacs,wall clock limit exceeded,7200.02
MapleCOMSPS,safety,krebs.2_guarantee_0.smv_k400.dimacs,wall clock limit exceeded,7200.0
BSaLTic-DHf,safety,krebs.2_guarantee_0.smv_k600.dimacs,wall clock limit exceeded,7200.0
BSaLTic-EHf,safety,krebs.2_guarantee_0.smv_k600.dimacs,wall clock limit exceeded,7200.0
Kissat,safety,krebs.2_guarantee_0.smv_k600.dimacs,wall clock limit exceeded,7200.02
MapleCOMSPS,safety,krebs.2_guarantee_0.smv_k600.dimacs,wall clock limit exceeded,7200.0
BSaLTic-DHf,safety,krebs.2_guarantee_0.smv_k80.dimacs,UNSAT,565.13
BSaLTic-EHf,safety,krebs.2_guarantee_0.smv_k80.dimacs,UNSAT,543.49
Kissat,safety,krebs.2_guarantee_0.smv_k80.dimacs,UNSAT,511.768
MapleCOMSPS,safety,krebs.2_guarantee_0.smv_k80.dimacs,UNSAT,491.15
BSaLTic-DHf,safety,krebs.2_guarantee_0.smv_k800.dimacs,wall clock limit exceeded,7200.0
BSaLTic-EHf,safety,krebs.2_guarantee_0.smv_k800.dimacs,wall clock limit exceeded,7200.0
Kissat,safety,krebs.2_guarantee_0.smv_k800.dimacs,wall clock limit exceeded,7200.02
MapleCOMSPS,safety,krebs.2_guarantee_0.smv_k800.dimacs,wall clock limit exceeded,7200.0
BSaLTic-DHf,safety,krebs.2_k100.dimacs,UNSAT,5420.2
BSaLTic-EHf,safety,krebs.2_k100.dimacs,UNSAT,4988.89
Kissat,safety,krebs.2_k100.dimacs,UNSAT,1392.91
MapleCOMSPS,safety,krebs.2_k100.dimacs,wall clock limit exceeded,7200.0
BSaLTic-DHf,safety,krebs.2_k1000.dimacs,wall clock limit exceeded,7200.0
BSaLTic-EHf,safety,krebs.2_k1000.dimacs,wall clock limit exceeded,7200.0
Kissat,safety,krebs.2_k1000.dimacs,wall clock limit exceeded,7200.02
MapleCOMSPS,safety,krebs.2_k1000.dimacs,wall clock limit exceeded,7200.0
BSaLTic-DHf,safety,krebs.2_k200.dimacs,wall clock limit exceeded,7200.0
BSaLTic-EHf,safety,krebs.2_k200.dimacs,wall clock limit exceeded,7200.0
Kissat,safety,krebs.2_k200.dimacs,UNSAT,6532.19
MapleCOMSPS,safety,krebs.2_k200.dimacs,wall clock limit exceeded,7200.0
BSaLTic-DHf,safety,krebs.2_k2000.dimacs,wall clock limit exceeded,7200.0
BSaLTic-EHf,safety,krebs.2_k2000.dimacs,wall clock limit exceeded,7200.0
Kissat,safety,krebs.2_k2000.dimacs,wall clock limit exceeded,7200.03
MapleCOMSPS,safety,krebs.2_k2000.dimacs,wall clock limit exceeded,7200.0
BSaLTic-DHf,safety,krebs.2_k600.dimacs,wall clock limit exceeded,7200.0
BSaLTic-EHf,safety,krebs.2_k600.dimacs,wall clock limit exceeded,7200.0
Kissat,safety,krebs.2_k600.dimacs,wall clock limit exceeded,7200.02
MapleCOMSPS,safety,krebs.2_k600.dimacs,wall clock limit exceeded,7200.0
BSaLTic-DHf,safety,krebs.2_k800.dimacs,wall clock limit exceeded,7200.0
BSaLTic-EHf,safety,krebs.2_k800.dimacs,wall clock limit exceeded,7200.0
Kissat,safety,krebs.2_k800.dimacs,wall clock limit exceeded,7200.02
MapleCOMSPS,safety,krebs.2_k800.dimacs,wall clock limit exceeded,7200.0
BSaLTic-DHf,reactivity,krebs.2_reactivity_0.smv_k100.dimacs,UNSAT,7152.87
BSaLTic-EHf,reactivity,krebs.2_reactivity_0.smv_k100.dimacs,wall clock limit exceeded,7200.0
Kissat,reactivity,krebs.2_reactivity_0.smv_k100.dimacs,UNSAT,921.67
MapleCOMSPS,reactivity,krebs.2_reactivity_0.smv_k100.dimacs,wall clock limit exceeded,7200.0
BSaLTic-DHf,reactivity,krebs.2_reactivity_0.smv_k40.dimacs,UNSAT,26.0
BSaLTic-EHf,reactivity,krebs.2_reactivity_0.smv_k40.dimacs,UNSAT,25.76
Kissat,reactivity,krebs.2_reactivity_0.smv_k40.dimacs,UNSAT,25.6564
MapleCOMSPS,reactivity,krebs.2_reactivity_0.smv_k40.dimacs,UNSAT,31.85
BSaLTic-DHf,reactivity,krebs.2_reactivity_0.smv_k80.dimacs,UNSAT,493.73
BSaLTic-EHf,reactivity,krebs.2_reactivity_0.smv_k80.dimacs,UNSAT,437.93
Kissat,reactivity,krebs.2_reactivity_0.smv_k80.dimacs,UNSAT,605.335
MapleCOMSPS,reactivity,krebs.2_reactivity_0.smv_k80.dimacs,UNSAT,532.49
BSaLTic-DHf,persistence,krebs.2_recurrence_0.smv_k100.dimacs,wall clock limit exceeded,7200.0
BSaLTic-EHf,persistence,krebs.2_recurrence_0.smv_k100.dimacs,wall clock limit exceeded,7200.0
Kissat,persistence,krebs.2_recurrence_0.smv_k100.dimacs,UNSAT,884.828
MapleCOMSPS,persistence,krebs.2_recurrence_0.smv_k100.dimacs,wall clock limit exceeded,7200.0
BSaLTic-DHf,persistence,krebs.2_recurrence_0.smv_k200.dimacs,wall clock limit exceeded,7200.0
BSaLTic-EHf,persistence,krebs.2_recurrence_0.smv_k200.dimacs,wall clock limit exceeded,7200.0
Kissat,persistence,krebs.2_recurrence_0.smv_k200.dimacs,wall clock limit exceeded,7200.0
MapleCOMSPS,persistence,krebs.2_recurrence_0.smv_k200.dimacs,wall clock limit exceeded,7200.0
BSaLTic-DHf,persistence,krebs.2_recurrence_0.smv_k400.dimacs,wall clock limit exceeded,7200.0
BSaLTic-EHf,persistence,krebs.2_recurrence_0.smv_k400.dimacs,wall clock limit exceeded,7200.0
Kissat,persistence,krebs.2_recurrence_0.smv_k400.dimacs,wall clock limit exceeded,7200.0
MapleCOMSPS,persistence,krebs.2_recurrence_0.smv_k400.dimacs,wall clock limit exceeded,7200.0
BSaLTic-DHf,persistence,krebs.2_recurrence_0.smv_k80.dimacs,UNSAT,1165.75
BSaLTic-EHf,persistence,krebs.2_recurrence_0.smv_k80.dimacs,UNSAT,1548.56
Kissat,persistence,krebs.2_recurrence_0.smv_k80.dimacs,UNSAT,362.383
MapleCOMSPS,persistence,krebs.2_recurrence_0.smv_k80.dimacs,UNSAT,1759.47
BSaLTic-EHf,guarantee,krebs.2_safety_0.smv_k100.dimacs,SAT,11.15
BSaLTic-DHf,guarantee,krebs.2_safety_0.smv_k100.dimacs,SAT,11.11
Kissat,guarantee,krebs.2_safety_0.smv_k100.dimacs,SAT,4.33911
MapleCOMSPS,guarantee,krebs.2_safety_0.smv_k100.dimacs,SAT,11.02
BSaLTic-EHf,guarantee,krebs.2_safety_0.smv_k200.dimacs,wall clock limit exceeded,7200.0
BSaLTic-DHf,guarantee,krebs.2_safety_0.smv_k200.dimacs,wall clock limit exceeded,7200.0
Kissat,guarantee,krebs.2_safety_0.smv_k200.dimacs,wall clock limit exceeded,7200.01
MapleCOMSPS,guarantee,krebs.2_safety_0.smv_k200.dimacs,wall clock limit exceeded,7200.0
BSaLTic-DHf,safety,krebs.3_guarantee_0.smv_k100.dimacs,wall clock limit exceeded,7200.0
BSaLTic-EHf,safety,krebs.3_guarantee_0.smv_k100.dimacs,UNSAT,7096.3
Kissat,safety,krebs.3_guarantee_0.smv_k100.dimacs,UNSAT,1434.74
MapleCOMSPS,safety,krebs.3_guarantee_0.smv_k100.dimacs,wall clock limit exceeded,7200.0
BSaLTic-DHf,safety,krebs.3_guarantee_0.smv_k1000.dimacs,wall clock limit exceeded,7200.0
BSaLTic-EHf,safety,krebs.3_guarantee_0.smv_k1000.dimacs,wall clock limit exceeded,7200.0
Kissat,safety,krebs.3_guarantee_0.smv_k1000.dimacs,wall clock limit exceeded,7200.02
MapleCOMSPS,safety,krebs.3_guarantee_0.smv_k1000.dimacs,wall clock limit exceeded,7200.0
BSaLTic-DHf,safety,krebs.3_guarantee_0.smv_k200.dimacs,wall clock limit exceeded,7200.0
BSaLTic-EHf,safety,krebs.3_guarantee_0.smv_k200.dimacs,wall clock limit exceeded,7200.0
Kissat,safety,krebs.3_guarantee_0.smv_k200.dimacs,UNSAT,7111.65
MapleCOMSPS,safety,krebs.3_guarantee_0.smv_k200.dimacs,wall clock limit exceeded,7200.0
BSaLTic-DHf,safety,krebs.3_guarantee_0.smv_k400.dimacs,wall clock limit exceeded,7200.0
BSaLTic-EHf,safety,krebs.3_guarantee_0.smv_k400.dimacs,wall clock limit exceeded,7200.0
Kissat,safety,krebs.3_guarantee_0.smv_k400.dimacs,wall clock limit exceeded,7200.02
MapleCOMSPS,safety,krebs.3_guarantee_0.smv_k400.dimacs,wall clock limit exceeded,7200.0
BSaLTic-DHf,safety,krebs.3_guarantee_0.smv_k600.dimacs,wall clock limit exceeded,7200.0
BSaLTic-EHf,safety,krebs.3_guarantee_0.smv_k600.dimacs,wall clock limit exceeded,7200.0
Kissat,safety,krebs.3_guarantee_0.smv_k600.dimacs,wall clock limit exceeded,7200.02
MapleCOMSPS,safety,krebs.3_guarantee_0.smv_k600.dimacs,wall clock limit exceeded,7200.0
BSaLTic-DHf,safety,krebs.3_guarantee_0.smv_k80.dimacs,UNSAT,393.47
BSaLTic-EHf,safety,krebs.3_guarantee_0.smv_k80.dimacs,UNSAT,481.86
Kissat,safety,krebs.3_guarantee_0.smv_k80.dimacs,UNSAT,506.073
MapleCOMSPS,safety,krebs.3_guarantee_0.smv_k80.dimacs,UNSAT,560.92
BSaLTic-DHf,safety,krebs.3_guarantee_0.smv_k800.dimacs,wall clock limit exceeded,7200.0
BSaLTic-EHf,safety,krebs.3_guarantee_0.smv_k800.dimacs,wall clock limit exceeded,7200.0
Kissat,safety,krebs.3_guarantee_0.smv_k800.dimacs,wall clock limit exceeded,7200.02
MapleCOMSPS,safety,krebs.3_guarantee_0.smv_k800.dimacs,wall clock limit exceeded,7200.0
BSaLTic-DHf,safety,krebs.3_k1000.dimacs,wall clock limit exceeded,7200.0
BSaLTic-EHf,safety,krebs.3_k1000.dimacs,wall clock limit exceeded,7200.0
Kissat,safety,krebs.3_k1000.dimacs,wall clock limit exceeded,7200.02
MapleCOMSPS,safety,krebs.3_k1000.dimacs,wall clock limit exceeded,7200.0
BSaLTic-DHf,safety,krebs.3_k1400.dimacs,wall clock limit exceeded,7200.0
BSaLTic-EHf,safety,krebs.3_k1400.dimacs,wall clock limit exceeded,7200.0
Kissat,safety,krebs.3_k1400.dimacs,wall clock limit exceeded,7200.02
MapleCOMSPS,safety,krebs.3_k1400.dimacs,wall clock limit exceeded,7200.0
BSaLTic-DHf,safety,krebs.3_k2000.dimacs,wall clock limit exceeded,7200.0
BSaLTic-EHf,safety,krebs.3_k2000.dimacs,wall clock limit exceeded,7200.0
Kissat,safety,krebs.3_k2000.dimacs,wall clock limit exceeded,7200.03
MapleCOMSPS,safety,krebs.3_k2000.dimacs,wall clock limit exceeded,7200.0
BSaLTic-DHf,safety,krebs.3_k600.dimacs,wall clock limit exceeded,7200.0
BSaLTic-EHf,safety,krebs.3_k600.dimacs,wall clock limit exceeded,7200.0
Kissat,safety,krebs.3_k600.dimacs,wall clock limit exceeded,7200.02
MapleCOMSPS,safety,krebs.3_k600.dimacs,wall clock limit exceeded,7200.0
BSaLTic-DHf,safety,krebs.3_k800.dimacs,wall clock limit exceeded,7200.0
BSaLTic-EHf,safety,krebs.3_k800.dimacs,wall clock limit exceeded,7200.0
Kissat,safety,krebs.3_k800.dimacs,wall clock limit exceeded,7200.02
MapleCOMSPS,safety,krebs.3_k800.dimacs,wall clock limit exceeded,7200.0
BSaLTic-DHf,reactivity,krebs.3_reactivity_0.smv_k100.dimacs,wall clock limit exceeded,7200.0
BSaLTic-EHf,reactivity,krebs.3_reactivity_0.smv_k100.dimacs,wall clock limit exceeded,7200.0
Kissat,reactivity,krebs.3_reactivity_0.smv_k100.dimacs,UNSAT,1391.05
MapleCOMSPS,reactivity,krebs.3_reactivity_0.smv_k100.dimacs,wall clock limit exceeded,7200.0
BSaLTic-DHf,reactivity,krebs.3_reactivity_0.smv_k40.dimacs,UNSAT,29.72
BSaLTic-EHf,reactivity,krebs.3_reactivity_0.smv_k40.dimacs,UNSAT,34.7
Kissat,reactivity,krebs.3_reactivity_0.smv_k40.dimacs,UNSAT,20.3732
MapleCOMSPS,reactivity,krebs.3_reactivity_0.smv_k40.dimacs,UNSAT,25.63
BSaLTic-DHf,reactivity,krebs.3_reactivity_0.smv_k80.dimacs,UNSAT,912.03
BSaLTic-EHf,reactivity,krebs.3_reactivity_0.smv_k80.dimacs,UNSAT,947.56
Kissat,reactivity,krebs.3_reactivity_0.smv_k80.dimacs,UNSAT,538.613
MapleCOMSPS,reactivity,krebs.3_reactivity_0.smv_k80.dimacs,UNSAT,542.05
BSaLTic-DHf,persistence,krebs.3_recurrence_0.smv_k100.dimacs,UNSAT,6796.23
BSaLTic-EHf,persistence,krebs.3_recurrence_0.smv_k100.dimacs,wall clock limit exceeded,7200.0
Kissat,persistence,krebs.3_recurrence_0.smv_k100.dimacs,UNSAT,754.15
MapleCOMSPS,persistence,krebs.3_recurrence_0.smv_k100.dimacs,wall clock limit exceeded,7200.0
BSaLTic-DHf,persistence,krebs.3_recurrence_0.smv_k200.dimacs,wall clock limit exceeded,7200.0
BSaLTic-EHf,persistence,krebs.3_recurrence_0.smv_k200.dimacs,wall clock limit exceeded,7200.0
Kissat,persistence,krebs.3_recurrence_0.smv_k200.dimacs,wall clock limit exceeded,7200.0
MapleCOMSPS,persistence,krebs.3_recurrence_0.smv_k200.dimacs,wall clock limit exceeded,7200.0
BSaLTic-DHf,persistence,krebs.3_recurrence_0.smv_k400.dimacs,wall clock limit exceeded,7200.0
BSaLTic-EHf,persistence,krebs.3_recurrence_0.smv_k400.dimacs,wall clock limit exceeded,7200.0
Kissat,persistence,krebs.3_recurrence_0.smv_k400.dimacs,wall clock limit exceeded,7200.0
MapleCOMSPS,persistence,krebs.3_recurrence_0.smv_k400.dimacs,wall clock limit exceeded,7200.0
BSaLTic-EHf,guarantee,krebs.3_safety_0.smv_k100.dimacs,SAT,16.22
BSaLTic-DHf,guarantee,krebs.3_safety_0.smv_k100.dimacs,SAT,10.85
Kissat,guarantee,krebs.3_safety_0.smv_k100.dimacs,SAT,15.2237
MapleCOMSPS,guarantee,krebs.3_safety_0.smv_k100.dimacs,SAT,11.2
BSaLTic-DHf,safety,krebs.4_guarantee_0.smv_k100.dimacs,wall clock limit exceeded,7200.0
BSaLTic-EHf,safety,krebs.4_guarantee_0.smv_k100.dimacs,wall clock limit exceeded,7200.0
Kissat,safety,krebs.4_guarantee_0.smv_k100.dimacs,UNSAT,2166.51
MapleCOMSPS,safety,krebs.4_guarantee_0.smv_k100.dimacs,wall clock limit exceeded,7200.0
BSaLTic-DHf,safety,krebs.4_guarantee_0.smv_k1000.dimacs,wall clock limit exceeded,7200.0
BSaLTic-EHf,safety,krebs.4_guarantee_0.smv_k1000.dimacs,wall clock limit exceeded,7200.0
Kissat,safety,krebs.4_guarantee_0.smv_k1000.dimacs,wall clock limit exceeded,7200.03
MapleCOMSPS,safety,krebs.4_guarantee_0.smv_k1000.dimacs,wall clock limit exceeded,7200.0
BSaLTic-DHf,safety,krebs.4_guarantee_0.smv_k200.dimacs,wall clock limit exceeded,7200.0
BSaLTic-EHf,safety,krebs.4_guarantee_0.smv_k200.dimacs,wall clock limit exceeded,7200.0
Kissat,safety,krebs.4_guarantee_0.smv_k200.dimacs,wall clock limit exceeded,7200.01
MapleCOMSPS,safety,krebs.4_guarantee_0.smv_k200.dimacs,wall clock limit exceeded,7200.0
BSaLTic-DHf,safety,krebs.4_guarantee_0.smv_k400.dimacs,wall clock limit exceeded,7200.0
BSaLTic-EHf,safety,krebs.4_guarantee_0.smv_k400.dimacs,wall clock limit exceeded,7200.0
Kissat,safety,krebs.4_guarantee_0.smv_k400.dimacs,wall clock limit exceeded,7200.02
MapleCOMSPS,safety,krebs.4_guarantee_0.smv_k400.dimacs,wall clock limit exceeded,7200.0
BSaLTic-DHf,safety,krebs.4_guarantee_0.smv_k80.dimacs,UNSAT,1153.22
BSaLTic-EHf,safety,krebs.4_guarantee_0.smv_k80.dimacs,UNSAT,1669.83
Kissat,safety,krebs.4_guarantee_0.smv_k80.dimacs,UNSAT,1124.06
MapleCOMSPS,safety,krebs.4_guarantee_0.smv_k80.dimacs,UNSAT,1148.03
BSaLTic-DHf,safety,krebs.4_guarantee_0.smv_k800.dimacs,wall clock limit exceeded,7200.0
BSaLTic-EHf,safety,krebs.4_guarantee_0.smv_k800.dimacs,wall clock limit exceeded,7200.0
Kissat,safety,krebs.4_guarantee_0.smv_k800.dimacs,wall clock limit exceeded,7200.02
MapleCOMSPS,safety,krebs.4_guarantee_0.smv_k800.dimacs,wall clock limit exceeded,7200.0
BSaLTic-DHf,safety,krebs.4_k100.dimacs,wall clock limit exceeded,7200.0
BSaLTic-EHf,safety,krebs.4_k100.dimacs,wall clock limit exceeded,7200.0
Kissat,safety,krebs.4_k100.dimacs,UNSAT,1479.1
MapleCOMSPS,safety,krebs.4_k100.dimacs,wall clock limit exceeded,7200.0
BSaLTic-DHf,safety,krebs.4_k1000.dimacs,wall clock limit exceeded,7200.0
BSaLTic-EHf,safety,krebs.4_k1000.dimacs,wall clock limit exceeded,7200.0
Kissat,safety,krebs.4_k1000.dimacs,wall clock limit exceeded,7200.02
MapleCOMSPS,safety,krebs.4_k1000.dimacs,wall clock limit exceeded,7200.0
BSaLTic-DHf,safety,krebs.4_k1400.dimacs,wall clock limit exceeded,7200.0
BSaLTic-EHf,safety,krebs.4_k1400.dimacs,wall clock limit exceeded,7200.0
Kissat,safety,krebs.4_k1400.dimacs,wall clock limit exceeded,7200.02
MapleCOMSPS,safety,krebs.4_k1400.dimacs,wall clock limit exceeded,7200.0
BSaLTic-DHf,safety,krebs.4_k800.dimacs,wall clock limit exceeded,7200.0
BSaLTic-EHf,safety,krebs.4_k800.dimacs,wall clock limit exceeded,7200.0
Kissat,safety,krebs.4_k800.dimacs,wall clock limit exceeded,7200.02
MapleCOMSPS,safety,krebs.4_k800.dimacs,wall clock limit exceeded,7200.0
BSaLTic-EHf,guarantee,krebs.4_neg.smv_k800.dimacs,wall clock limit exceeded,7200.0
BSaLTic-DHf,guarantee,krebs.4_neg.smv_k800.dimacs,wall clock limit exceeded,7200.0
Kissat,guarantee,krebs.4_neg.smv_k800.dimacs,wall clock limit exceeded,7200.02
MapleCOMSPS,guarantee,krebs.4_neg.smv_k800.dimacs,wall clock limit exceeded,7200.0
BSaLTic-DHf,reactivity,krebs.4_reactivity_0.smv_k80.dimacs,UNSAT,1326.65
BSaLTic-EHf,reactivity,krebs.4_reactivity_0.smv_k80.dimacs,UNSAT,1429.54
Kissat,reactivity,krebs.4_reactivity_0.smv_k80.dimacs,UNSAT,985.224
MapleCOMSPS,reactivity,krebs.4_reactivity_0.smv_k80.dimacs,UNSAT,1431.27
BSaLTic-DHf,persistence,krebs.4_recurrence_0.smv_k400.dimacs,wall clock limit exceeded,7200.0
BSaLTic-EHf,persistence,krebs.4_recurrence_0.smv_k400.dimacs,wall clock limit exceeded,7200.0
Kissat,persistence,krebs.4_recurrence_0.smv_k400.dimacs,wall clock limit exceeded,7200.0
MapleCOMSPS,persistence,krebs.4_recurrence_0.smv_k400.dimacs,wall clock limit exceeded,7200.0
BSaLTic-DHf,persistence,krebs.4_recurrence_0.smv_k80.dimacs,UNSAT,5188.58
BSaLTic-EHf,persistence,krebs.4_recurrence_0.smv_k80.dimacs,UNSAT,3967.19
Kissat,persistence,krebs.4_recurrence_0.smv_k80.dimacs,UNSAT,631.353
MapleCOMSPS,persistence,krebs.4_recurrence_0.smv_k80.dimacs,wall clock limit exceeded,7200.0
BSaLTic-EHf,guarantee,krebs.4_safety_0.smv_k1000.dimacs,wall clock limit exceeded,7200.0
BSaLTic-DHf,guarantee,krebs.4_safety_0.smv_k1000.dimacs,wall clock limit exceeded,7200.0
Kissat,guarantee,krebs.4_safety_0.smv_k1000.dimacs,wall clock limit exceeded,7200.02
MapleCOMSPS,guarantee,krebs.4_safety_0.smv_k1000.dimacs,wall clock limit exceeded,7200.0
BSaLTic-EHf,guarantee,krebs.4_safety_0.smv_k200.dimacs,wall clock limit exceeded,7200.0
BSaLTic-DHf,guarantee,krebs.4_safety_0.smv_k200.dimacs,wall clock limit exceeded,7200.0
Kissat,guarantee,krebs.4_safety_0.smv_k200.dimacs,wall clock limit exceeded,7200.01
MapleCOMSPS,guarantee,krebs.4_safety_0.smv_k200.dimacs,wall clock limit exceeded,7200.0
BSaLTic-EHf,guarantee,krebs.4_safety_0.smv_k80.dimacs,SAT,10.93
BSaLTic-DHf,guarantee,krebs.4_safety_0.smv_k80.dimacs,SAT,10.16
Kissat,guarantee,krebs.4_safety_0.smv_k80.dimacs,SAT,6.63073
MapleCOMSPS,guarantee,krebs.4_safety_0.smv_k80.dimacs,SAT,15.23
BSaLTic-DHf,recurrence,lamport_nonatomic.4_persistence_0.smv_k200.dimacs,wall clock limit exceeded,7200.0
BSaLTic-EHf,recurrence,lamport_nonatomic.4_persistence_0.smv_k200.dimacs,wall clock limit exceeded,7200.0
Kissat,recurrence,lamport_nonatomic.4_persistence_0.smv_k200.dimacs,UNSAT,4287.4
MapleCOMSPS,recurrence,lamport_nonatomic.4_persistence_0.smv_k200.dimacs,wall clock limit exceeded,7200.0
BSaLTic-DHf,recurrence,lamport_nonatomic.4_persistence_0.smv_k40.dimacs,wall clock limit exceeded,7200.0
BSaLTic-EHf,recurrence,lamport_nonatomic.4_persistence_0.smv_k40.dimacs,wall clock limit exceeded,7200.0
Kissat,recurrence,lamport_nonatomic.4_persistence_0.smv_k40.dimacs,UNSAT,146.299
MapleCOMSPS,recurrence,lamport_nonatomic.4_persistence_0.smv_k40.dimacs,wall clock limit exceeded,7200.0
BSaLTic-DHf,recurrence,lamport_nonatomic.4_persistence_0.smv_k400.dimacs,wall clock limit exceeded,7200.0
BSaLTic-EHf,recurrence,lamport_nonatomic.4_persistence_0.smv_k400.dimacs,wall clock limit exceeded,7200.0
Kissat,recurrence,lamport_nonatomic.4_persistence_0.smv_k400.dimacs,wall clock limit exceeded,7200.0
MapleCOMSPS,recurrence,lamport_nonatomic.4_persistence_0.smv_k400.dimacs,wall clock limit exceeded,7200.0
BSaLTic-DHf,recurrence,lamport_nonatomic.4_persistence_0.smv_k600.dimacs,wall clock limit exceeded,7200.0
BSaLTic-EHf,recurrence,lamport_nonatomic.4_persistence_0.smv_k600.dimacs,wall clock limit exceeded,7200.0
Kissat,recurrence,lamport_nonatomic.4_persistence_0.smv_k600.dimacs,wall clock limit exceeded,7200.0
MapleCOMSPS,recurrence,lamport_nonatomic.4_persistence_0.smv_k600.dimacs,wall clock limit exceeded,7200.0
BSaLTic-DHf,recurrence,lamport_nonatomic.4_persistence_0.smv_k80.dimacs,wall clock limit exceeded,7200.0
BSaLTic-EHf,recurrence,lamport_nonatomic.4_persistence_0.smv_k80.dimacs,wall clock limit exceeded,7200.0
Kissat,recurrence,lamport_nonatomic.4_persistence_0.smv_k80.dimacs,UNSAT,3751.75
MapleCOMSPS,recurrence,lamport_nonatomic.4_persistence_0.smv_k80.dimacs,wall clock limit exceeded,7200.0
BSaLTic-DHf,recurrence,lamport_nonatomic.4_persistence_0.smv_k800.dimacs,wall clock limit exceeded,7200.0
BSaLTic-EHf,recurrence,lamport_nonatomic.4_persistence_0.smv_k800.dimacs,wall clock limit exceeded,7200.0
Kissat,recurrence,lamport_nonatomic.4_persistence_0.smv_k800.dimacs,wall clock limit exceeded,7200.0
MapleCOMSPS,recurrence,lamport_nonatomic.4_persistence_0.smv_k800.dimacs,wall clock limit exceeded,7200.0
BSaLTic-EHf,guarantee,lann.1_safety_0.smv_k1000.dimacs,wall clock limit exceeded,7200.0
BSaLTic-DHf,guarantee,lann.1_safety_0.smv_k1000.dimacs,wall clock limit exceeded,7200.0
Kissat,guarantee,lann.1_safety_0.smv_k1000.dimacs,wall clock limit exceeded,7200.02
MapleCOMSPS,guarantee,lann.1_safety_0.smv_k1000.dimacs,wall clock limit exceeded,7200.0
BSaLTic-EHf,guarantee,lann.1_safety_0.smv_k4000.dimacs,wall clock limit exceeded,7200.0
BSaLTic-DHf,guarantee,lann.1_safety_0.smv_k4000.dimacs,wall clock limit exceeded,7200.0
Kissat,guarantee,lann.1_safety_0.smv_k4000.dimacs,wall clock limit exceeded,7200.02
MapleCOMSPS,guarantee,lann.1_safety_0.smv_k4000.dimacs,wall clock limit exceeded,7200.0
BSaLTic-DHf,persistence,lann.2_recurrence_0.smv_k100.dimacs,wall clock limit exceeded,7200.0
BSaLTic-EHf,persistence,lann.2_recurrence_0.smv_k100.dimacs,wall clock limit exceeded,7200.0
Kissat,persistence,lann.2_recurrence_0.smv_k100.dimacs,UNSAT,2225.26
MapleCOMSPS,persistence,lann.2_recurrence_0.smv_k100.dimacs,wall clock limit exceeded,7200.0
BSaLTic-DHf,persistence,lann.2_recurrence_0.smv_k200.dimacs,wall clock limit exceeded,7200.0
BSaLTic-EHf,persistence,lann.2_recurrence_0.smv_k200.dimacs,wall clock limit exceeded,7200.0
Kissat,persistence,lann.2_recurrence_0.smv_k200.dimacs,wall clock limit exceeded,7200.0
MapleCOMSPS,persistence,lann.2_recurrence_0.smv_k200.dimacs,wall clock limit exceeded,7200.0
BSaLTic-DHf,persistence,lann.2_recurrence_0.smv_k400.dimacs,wall clock limit exceeded,7200.0
BSaLTic-EHf,persistence,lann.2_recurrence_0.smv_k400.dimacs,wall clock limit exceeded,7200.0
Kissat,persistence,lann.2_recurrence_0.smv_k400.dimacs,wall clock limit exceeded,7200.0
MapleCOMSPS,persistence,lann.2_recurrence_0.smv_k400.dimacs,wall clock limit exceeded,7200.0
BSaLTic-DHf,persistence,lann.2_recurrence_0.smv_k600.dimacs,wall clock limit exceeded,7200.0
BSaLTic-EHf,persistence,lann.2_recurrence_0.smv_k600.dimacs,wall clock limit exceeded,7200.0
Kissat,persistence,lann.2_recurrence_0.smv_k600.dimacs,wall clock limit exceeded,7200.0
MapleCOMSPS,persistence,lann.2_recurrence_0.smv_k600.dimacs,wall clock limit exceeded,7200.0
BSaLTic-DHf,persistence,lann.2_recurrence_0.smv_k80.dimacs,wall clock limit exceeded,7200.0
BSaLTic-EHf,persistence,lann.2_recurrence_0.smv_k80.dimacs,wall clock limit exceeded,7200.0
Kissat,persistence,lann.2_recurrence_0.smv_k80.dimacs,UNSAT,770.38
MapleCOMSPS,persistence,lann.2_recurrence_0.smv_k80.dimacs,wall clock limit exceeded,7200.0
BSaLTic-DHf,persistence,lann.2_recurrence_0.smv_k800.dimacs,wall clock limit exceeded,7200.0
BSaLTic-EHf,persistence,lann.2_recurrence_0.smv_k800.dimacs,wall clock limit exceeded,7200.0
Kissat,persistence,lann.2_recurrence_0.smv_k800.dimacs,wall clock limit exceeded,7200.0
MapleCOMSPS,persistence,lann.2_recurrence_0.smv_k800.dimacs,wall clock limit exceeded,7200.0
BSaLTic-EHf,guarantee,lann.3_safety_0.smv_k2000.dimacs,wall clock limit exceeded,7200.0
BSaLTic-DHf,guarantee,lann.3_safety_0.smv_k2000.dimacs,wall clock limit exceeded,7200.0
Kissat,guarantee,lann.3_safety_0.smv_k2000.dimacs,wall clock limit exceeded,7200.02
MapleCOMSPS,guarantee,lann.3_safety_0.smv_k2000.dimacs,wall clock limit exceeded,7200.0
BSaLTic-DHf,recurrence,lann.4_persistence_0.smv_k100.dimacs,wall clock limit exceeded,7200.0
BSaLTic-EHf,recurrence,lann.4_persistence_0.smv_k100.dimacs,wall clock limit exceeded,7200.0
Kissat,recurrence,lann.4_persistence_0.smv_k100.dimacs,wall clock limit exceeded,7200.0
MapleCOMSPS,recurrence,lann.4_persistence_0.smv_k100.dimacs,wall clock limit exceeded,7200.0
BSaLTic-DHf,recurrence,lann.4_persistence_0.smv_k1000.dimacs,wall clock limit exceeded,7200.0
BSaLTic-EHf,recurrence,lann.4_persistence_0.smv_k1000.dimacs,wall clock limit exceeded,7200.0
Kissat,recurrence,lann.4_persistence_0.smv_k1000.dimacs,wall clock limit exceeded,7200.0
MapleCOMSPS,recurrence,lann.4_persistence_0.smv_k1000.dimacs,wall clock limit exceeded,7200.0
BSaLTic-DHf,recurrence,lann.4_persistence_0.smv_k200.dimacs,wall clock limit exceeded,7200.0
BSaLTic-EHf,recurrence,lann.4_persistence_0.smv_k200.dimacs,wall clock limit exceeded,7200.0
Kissat,recurrence,lann.4_persistence_0.smv_k200.dimacs,wall clock limit exceeded,7200.0
MapleCOMSPS,recurrence,lann.4_persistence_0.smv_k200.dimacs,wall clock limit exceeded,7200.0
BSaLTic-DHf,recurrence,lann.4_persistence_0.smv_k40.dimacs,UNSAT,4320.02
BSaLTic-EHf,recurrence,lann.4_persistence_0.smv_k40.dimacs,UNSAT,2612.23
Kissat,recurrence,lann.4_persistence_0.smv_k40.dimacs,UNSAT,214.177
MapleCOMSPS,recurrence,lann.4_persistence_0.smv_k40.dimacs,UNSAT,6175.59
BSaLTic-DHf,recurrence,lann.4_persistence_0.smv_k400.dimacs,wall clock limit exceeded,7200.0
BSaLTic-EHf,recurrence,lann.4_persistence_0.smv_k400.dimacs,wall clock limit exceeded,7200.0
Kissat,recurrence,lann.4_persistence_0.smv_k400.dimacs,wall clock limit exceeded,7200.0
MapleCOMSPS,recurrence,lann.4_persistence_0.smv_k400.dimacs,wall clock limit exceeded,7200.0
BSaLTic-DHf,recurrence,lann.4_persistence_0.smv_k600.dimacs,wall clock limit exceeded,7200.0
BSaLTic-EHf,recurrence,lann.4_persistence_0.smv_k600.dimacs,wall clock limit exceeded,7200.0
Kissat,recurrence,lann.4_persistence_0.smv_k600.dimacs,wall clock limit exceeded,7200.0
MapleCOMSPS,recurrence,lann.4_persistence_0.smv_k600.dimacs,wall clock limit exceeded,7200.0
BSaLTic-DHf,recurrence,lann.4_persistence_0.smv_k80.dimacs,wall clock limit exceeded,7200.0
BSaLTic-EHf,recurrence,lann.4_persistence_0.smv_k80.dimacs,wall clock limit exceeded,7200.0
Kissat,recurrence,lann.4_persistence_0.smv_k80.dimacs,UNSAT,3268.81
MapleCOMSPS,recurrence,lann.4_persistence_0.smv_k80.dimacs,wall clock limit exceeded,7200.0
BSaLTic-DHf,safety,lann.5_guarantee_0.smv_k100.dimacs,wall clock limit exceeded,7200.0
BSaLTic-EHf,safety,lann.5_guarantee_0.smv_k100.dimacs,wall clock limit exceeded,7200.0
Kissat,safety,lann.5_guarantee_0.smv_k100.dimacs,UNSAT,5032.47
MapleCOMSPS,safety,lann.5_guarantee_0.smv_k100.dimacs,wall clock limit exceeded,7200.0
BSaLTic-DHf,safety,lann.5_guarantee_0.smv_k200.dimacs,wall clock limit exceeded,7200.0
BSaLTic-EHf,safety,lann.5_guarantee_0.smv_k200.dimacs,wall clock limit exceeded,7200.0
Kissat,safety,lann.5_guarantee_0.smv_k200.dimacs,wall clock limit exceeded,7200.02
MapleCOMSPS,safety,lann.5_guarantee_0.smv_k200.dimacs,wall clock limit exceeded,7200.0
BSaLTic-DHf,safety,lann.5_guarantee_0.smv_k2000.dimacs,wall clock limit exceeded,7200.0
BSaLTic-EHf,safety,lann.5_guarantee_0.smv_k2000.dimacs,wall clock limit exceeded,7200.0
Kissat,safety,lann.5_guarantee_0.smv_k2000.dimacs,wall clock limit exceeded,7200.02
MapleCOMSPS,safety,lann.5_guarantee_0.smv_k2000.dimacs,wall clock limit exceeded,7200.0
BSaLTic-DHf,safety,lann.5_guarantee_0.smv_k600.dimacs,SAT,3536.45
BSaLTic-EHf,safety,lann.5_guarantee_0.smv_k600.dimacs,wall clock limit exceeded,7200.0
Kissat,safety,lann.5_guarantee_0.smv_k600.dimacs,wall clock limit exceeded,7200.02
MapleCOMSPS,safety,lann.5_guarantee_0.smv_k600.dimacs,wall clock limit exceeded,7200.0
BSaLTic-DHf,safety,lann.5_guarantee_0.smv_k80.dimacs,wall clock limit exceeded,7200.0
BSaLTic-EHf,safety,lann.5_guarantee_0.smv_k80.dimacs,wall clock limit exceeded,7200.0
Kissat,safety,lann.5_guarantee_0.smv_k80.dimacs,UNSAT,2322.14
MapleCOMSPS,safety,lann.5_guarantee_0.smv_k80.dimacs,wall clock limit exceeded,7200.0
BSaLTic-DHf,safety,lann.5_guarantee_0.smv_k800.dimacs,wall clock limit exceeded,7200.0
BSaLTic-EHf,safety,lann.5_guarantee_0.smv_k800.dimacs,SAT,789.9
Kissat,safety,lann.5_guarantee_0.smv_k800.dimacs,wall clock limit exceeded,7200.02
MapleCOMSPS,safety,lann.5_guarantee_0.smv_k800.dimacs,wall clock limit exceeded,7200.0
BSaLTic-DHf,recurrence,lann.7_persistence_0.smv_k1000.dimacs,wall clock limit exceeded,7200.0
BSaLTic-EHf,recurrence,lann.7_persistence_0.smv_k1000.dimacs,wall clock limit exceeded,7200.0
Kissat,recurrence,lann.7_persistence_0.smv_k1000.dimacs,wall clock limit exceeded,7200.0
MapleCOMSPS,recurrence,lann.7_persistence_0.smv_k1000.dimacs,wall clock limit exceeded,7200.0
BSaLTic-DHf,recurrence,lann.7_persistence_0.smv_k200.dimacs,wall clock limit exceeded,7200.0
BSaLTic-EHf,recurrence,lann.7_persistence_0.smv_k200.dimacs,wall clock limit exceeded,7200.0
Kissat,recurrence,lann.7_persistence_0.smv_k200.dimacs,wall clock limit exceeded,7200.0
MapleCOMSPS,recurrence,lann.7_persistence_0.smv_k200.dimacs,wall clock limit exceeded,7200.0
BSaLTic-DHf,recurrence,lann.7_persistence_0.smv_k40.dimacs,UNSAT,4608.07
BSaLTic-EHf,recurrence,lann.7_persistence_0.smv_k40.dimacs,UNSAT,6258.4
Kissat,recurrence,lann.7_persistence_0.smv_k40.dimacs,UNSAT,178.086
MapleCOMSPS,recurrence,lann.7_persistence_0.smv_k40.dimacs,UNSAT,7054.02
BSaLTic-DHf,recurrence,lann.7_persistence_0.smv_k400.dimacs,wall clock limit exceeded,7200.0
BSaLTic-EHf,recurrence,lann.7_persistence_0.smv_k400.dimacs,wall clock limit exceeded,7200.0
Kissat,recurrence,lann.7_persistence_0.smv_k400.dimacs,wall clock limit exceeded,7200.0
MapleCOMSPS,recurrence,lann.7_persistence_0.smv_k400.dimacs,wall clock limit exceeded,7200.0
BSaLTic-DHf,recurrence,lann.7_persistence_0.smv_k600.dimacs,wall clock limit exceeded,7200.0
BSaLTic-EHf,recurrence,lann.7_persistence_0.smv_k600.dimacs,wall clock limit exceeded,7200.0
Kissat,recurrence,lann.7_persistence_0.smv_k600.dimacs,wall clock limit exceeded,7200.0
MapleCOMSPS,recurrence,lann.7_persistence_0.smv_k600.dimacs,wall clock limit exceeded,7200.0
BSaLTic-DHf,recurrence,lann.7_persistence_0.smv_k80.dimacs,wall clock limit exceeded,7200.0
BSaLTic-EHf,recurrence,lann.7_persistence_0.smv_k80.dimacs,wall clock limit exceeded,7200.0
Kissat,recurrence,lann.7_persistence_0.smv_k80.dimacs,UNSAT,3242.89
MapleCOMSPS,recurrence,lann.7_persistence_0.smv_k80.dimacs,wall clock limit exceeded,7200.0
BSaLTic-DHf,recurrence,lann.7_persistence_0.smv_k800.dimacs,wall clock limit exceeded,7200.0
BSaLTic-EHf,recurrence,lann.7_persistence_0.smv_k800.dimacs,wall clock limit exceeded,7200.0
Kissat,recurrence,lann.7_persistence_0.smv_k800.dimacs,wall clock limit exceeded,7200.0
MapleCOMSPS,recurrence,lann.7_persistence_0.smv_k800.dimacs,wall clock limit exceeded,7200.0
BSaLTic-DHf,recurrence,lann.8_persistence_0.smv_k100.dimacs,wall clock limit exceeded,7200.0
BSaLTic-EHf,recurrence,lann.8_persistence_0.smv_k100.dimacs,wall clock limit exceeded,7200.0
Kissat,recurrence,lann.8_persistence_0.smv_k100.dimacs,wall clock limit exceeded,7200.0
MapleCOMSPS,recurrence,lann.8_persistence_0.smv_k100.dimacs,wall clock limit exceeded,7200.0
BSaLTic-DHf,recurrence,lann.8_persistence_0.smv_k1000.dimacs,wall clock limit exceeded,7200.0
BSaLTic-EHf,recurrence,lann.8_persistence_0.smv_k1000.dimacs,wall clock limit exceeded,7200.0
Kissat,recurrence,lann.8_persistence_0.smv_k1000.dimacs,wall clock limit exceeded,7200.0
MapleCOMSPS,recurrence,lann.8_persistence_0.smv_k1000.dimacs,wall clock limit exceeded,7200.0
BSaLTic-DHf,recurrence,lann.8_persistence_0.smv_k200.dimacs,wall clock limit exceeded,7200.0
BSaLTic-EHf,recurrence,lann.8_persistence_0.smv_k200.dimacs,wall clock limit exceeded,7200.0
Kissat,recurrence,lann.8_persistence_0.smv_k200.dimacs,wall clock limit exceeded,7200.0
MapleCOMSPS,recurrence,lann.8_persistence_0.smv_k200.dimacs,wall clock limit exceeded,7200.0
BSaLTic-DHf,recurrence,lann.8_persistence_0.smv_k40.dimacs,wall clock limit exceeded,7200.0
BSaLTic-EHf,recurrence,lann.8_persistence_0.smv_k40.dimacs,wall clock limit exceeded,7200.0
Kissat,recurrence,lann.8_persistence_0.smv_k40.dimacs,UNSAT,221.888
MapleCOMSPS,recurrence,lann.8_persistence_0.smv_k40.dimacs,wall clock limit exceeded,7200.0
BSaLTic-DHf,recurrence,lann.8_persistence_0.smv_k400.dimacs,wall clock limit exceeded,7200.0
BSaLTic-EHf,recurrence,lann.8_persistence_0.smv_k400.dimacs,SAT,5579.82
Kissat,recurrence,lann.8_persistence_0.smv_k400.dimacs,wall clock limit exceeded,7200.0
MapleCOMSPS,recurrence,lann.8_persistence_0.smv_k400.dimacs,wall clock limit exceeded,7200.0
BSaLTic-DHf,recurrence,lann.8_persistence_0.smv_k600.dimacs,wall clock limit exceeded,7200.0
BSaLTic-EHf,recurrence,lann.8_persistence_0.smv_k600.dimacs,wall clock limit exceeded,7200.0
Kissat,recurrence,lann.8_persistence_0.smv_k600.dimacs,wall clock limit exceeded,7200.0
MapleCOMSPS,recurrence,lann.8_persistence_0.smv_k600.dimacs,wall clock limit exceeded,7200.0
BSaLTic-DHf,reactivity,mmgt20_reactivity_0.smv_k100.dimacs,SAT,36.59
BSaLTic-EHf,reactivity,mmgt20_reactivity_0.smv_k100.dimacs,SAT,32.73
Kissat,reactivity,mmgt20_reactivity_0.smv_k100.dimacs,SAT,334.817
MapleCOMSPS,reactivity,mmgt20_reactivity_0.smv_k100.dimacs,SAT,56.39
BSaLTic-DHf,reactivity,mmgt20_reactivity_0.smv_k200.dimacs,SAT,112.62
BSaLTic-EHf,reactivity,mmgt20_reactivity_0.smv_k200.dimacs,SAT,139.26
Kissat,reactivity,mmgt20_reactivity_0.smv_k200.dimacs,SAT,168.995
MapleCOMSPS,reactivity,mmgt20_reactivity_0.smv_k200.dimacs,SAT,340.11
BSaLTic-DHf,reactivity,mmgt20_reactivity_0.smv_k40.dimacs,SAT,4.47
BSaLTic-EHf,reactivity,mmgt20_reactivity_0.smv_k40.dimacs,SAT,6.3
Kissat,reactivity,mmgt20_reactivity_0.smv_k40.dimacs,SAT,106.539
MapleCOMSPS,reactivity,mmgt20_reactivity_0.smv_k40.dimacs,SAT,4.3
BSaLTic-DHf,reactivity,mmgt20_reactivity_0.smv_k400.dimacs,SAT,417.22
BSaLTic-EHf,reactivity,mmgt20_reactivity_0.smv_k400.dimacs,SAT,271.18
Kissat,reactivity,mmgt20_reactivity_0.smv_k400.dimacs,SAT,906.199
MapleCOMSPS,reactivity,mmgt20_reactivity_0.smv_k400.dimacs,SAT,709.09
BSaLTic-DHf,reactivity,mmgt20_reactivity_0.smv_k600.dimacs,SAT,1180.83
BSaLTic-EHf,reactivity,mmgt20_reactivity_0.smv_k600.dimacs,SAT,3263.79
Kissat,reactivity,mmgt20_reactivity_0.smv_k600.dimacs,SAT,301.876
MapleCOMSPS,reactivity,mmgt20_reactivity_0.smv_k600.dimacs,SAT,678.2
BSaLTic-DHf,persistence,mmgt20_recurrence_0.smv_k100.dimacs,SAT,39.48
BSaLTic-EHf,persistence,mmgt20_recurrence_0.smv_k100.dimacs,SAT,34.71
Kissat,persistence,mmgt20_recurrence_0.smv_k100.dimacs,SAT,848.682
MapleCOMSPS,persistence,mmgt20_recurrence_0.smv_k100.dimacs,SAT,191.79
BSaLTic-DHf,persistence,mmgt20_recurrence_0.smv_k200.dimacs,SAT,874.75
BSaLTic-EHf,persistence,mmgt20_recurrence_0.smv_k200.dimacs,SAT,300.61
Kissat,persistence,mmgt20_recurrence_0.smv_k200.dimacs,SAT,3227.2
MapleCOMSPS,persistence,mmgt20_recurrence_0.smv_k200.dimacs,SAT,223.91
BSaLTic-EHf,guarantee,mmgt20_safety_0.smv_k200.dimacs,SAT,36.32
BSaLTic-DHf,guarantee,mmgt20_safety_0.smv_k200.dimacs,SAT,108.77
Kissat,guarantee,mmgt20_safety_0.smv_k200.dimacs,SAT,356.291
MapleCOMSPS,guarantee,mmgt20_safety_0.smv_k200.dimacs,SAT,36.1
BSaLTic-EHf,guarantee,mmgt20_safety_0.smv_k400.dimacs,SAT,269.3
BSaLTic-DHf,guarantee,mmgt20_safety_0.smv_k400.dimacs,SAT,254.4
Kissat,guarantee,mmgt20_safety_0.smv_k400.dimacs,SAT,198.006
MapleCOMSPS,guarantee,mmgt20_safety_0.smv_k400.dimacs,SAT,256.7
BSaLTic-DHf,safety,msi_wtrans_guarantee_0.smv_k6000.dimacs,SAT,6411.49
BSaLTic-EHf,safety,msi_wtrans_guarantee_0.smv_k6000.dimacs,SAT,5836.9
Kissat,safety,msi_wtrans_guarantee_0.smv_k6000.dimacs,SAT,1608.52
MapleCOMSPS,safety,msi_wtrans_guarantee_0.smv_k6000.dimacs,wall clock limit exceeded,7200.0
BSaLTic-EHf,guarantee,msi_wtrans_k1000.dimacs,UNSAT,462.87
BSaLTic-DHf,guarantee,msi_wtrans_k1000.dimacs,UNSAT,633.21
Kissat,guarantee,msi_wtrans_k1000.dimacs,UNSAT,244.877
MapleCOMSPS,guarantee,msi_wtrans_k1000.dimacs,UNSAT,502.34
BSaLTic-EHf,guarantee,msi_wtrans_k1600.dimacs,UNSAT,1474.87
BSaLTic-DHf,guarantee,msi_wtrans_k1600.dimacs,UNSAT,1457.92
Kissat,guarantee,msi_wtrans_k1600.dimacs,UNSAT,807.988
MapleCOMSPS,guarantee,msi_wtrans_k1600.dimacs,UNSAT,1451.05
BSaLTic-EHf,guarantee,msi_wtrans_k200.dimacs,UNSAT,19.93
BSaLTic-DHf,guarantee,msi_wtrans_k200.dimacs,UNSAT,28.26
Kissat,guarantee,msi_wtrans_k200.dimacs,UNSAT,20.3304
MapleCOMSPS,guarantee,msi_wtrans_k200.dimacs,UNSAT,20.64
BSaLTic-EHf,guarantee,msi_wtrans_k4000.dimacs,wall clock limit exceeded,7200.0
BSaLTic-DHf,guarantee,msi_wtrans_k4000.dimacs,wall clock limit exceeded,7200.0
Kissat,guarantee,msi_wtrans_k4000.dimacs,UNSAT,4421.95
MapleCOMSPS,guarantee,msi_wtrans_k4000.dimacs,wall clock limit exceeded,7200.0
BSaLTic-DHf,obligation,msi_wtrans_obligation_0.smv_k100.dimacs,SAT,2.15
BSaLTic-EHf,obligation,msi_wtrans_obligation_0.smv_k100.dimacs,SAT,1.63
Kissat,obligation,msi_wtrans_obligation_0.smv_k100.dimacs,SAT,1.47622
MapleCOMSPS,obligation,msi_wtrans_obligation_0.smv_k100.dimacs,SAT,2.87
BSaLTic-DHf,obligation,msi_wtrans_obligation_0.smv_k1000.dimacs,SAT,95.24
BSaLTic-EHf,obligation,msi_wtrans_obligation_0.smv_k1000.dimacs,SAT,85.93
Kissat,obligation,msi_wtrans_obligation_0.smv_k1000.dimacs,SAT,82.3981
MapleCOMSPS,obligation,msi_wtrans_obligation_0.smv_k1000.dimacs,SAT,143.05
BSaLTic-DHf,obligation,msi_wtrans_obligation_0.smv_k200.dimacs,SAT,5.68
BSaLTic-EHf,obligation,msi_wtrans_obligation_0.smv_k200.dimacs,SAT,8.62
Kissat,obligation,msi_wtrans_obligation_0.smv_k200.dimacs,SAT,3.06367
MapleCOMSPS,obligation,msi_wtrans_obligation_0.smv_k200.dimacs,SAT,8.63
BSaLTic-DHf,obligation,msi_wtrans_obligation_0.smv_k80.dimacs,SAT,1.21
BSaLTic-EHf,obligation,msi_wtrans_obligation_0.smv_k80.dimacs,SAT,1.16
Kissat,obligation,msi_wtrans_obligation_0.smv_k80.dimacs,SAT,0.759344
MapleCOMSPS,obligation,msi_wtrans_obligation_0.smv_k80.dimacs,SAT,1.31
BSaLTic-DHf,obligation,msi_wtrans_obligation_0.smv_k800.dimacs,SAT,72.54
BSaLTic-EHf,obligation,msi_wtrans_obligation_0.smv_k800.dimacs,SAT,108.14
Kissat,obligation,msi_wtrans_obligation_0.smv_k800.dimacs,SAT,88.2022
MapleCOMSPS,obligation,msi_wtrans_obligation_0.smv_k800.dimacs,SAT,105.19
BSaLTic-DHf,recurrence,msi_wtrans_persistence_0.smv_k100.dimacs,SAT,55.35
BSaLTic-EHf,recurrence,msi_wtrans_persistence_0.smv_k100.dimacs,SAT,55.1
Kissat,recurrence,msi_wtrans_persistence_0.smv_k100.dimacs,SAT,4.68952
MapleCOMSPS,recurrence,msi_wtrans_persistence_0.smv_k100.dimacs,SAT,83.88
BSaLTic-DHf,reactivity,msi_wtrans_reactivity_0.smv_k40.dimacs,SAT,1.09
BSaLTic-EHf,reactivity,msi_wtrans_reactivity_0.smv_k40.dimacs,SAT,1.16
Kissat,reactivity,msi_wtrans_reactivity_0.smv_k40.dimacs,SAT,0.458091
MapleCOMSPS,reactivity,msi_wtrans_reactivity_0.smv_k40.dimacs,SAT,1.63
BSaLTic-EHf,guarantee,msi_wtrans_safety_0.smv_k400.dimacs,SAT,17.02
BSaLTic-DHf,guarantee,msi_wtrans_safety_0.smv_k400.dimacs,SAT,14.93
Kissat,guarantee,msi_wtrans_safety_0.smv_k400.dimacs,SAT,14.2193
MapleCOMSPS,guarantee,msi_wtrans_safety_0.smv_k400.dimacs,SAT,16.56
BSaLTic-EHf,guarantee,msi_wtrans_safety_0.smv_k600.dimacs,SAT,35.29
BSaLTic-DHf,guarantee,msi_wtrans_safety_0.smv_k600.dimacs,SAT,40.65
Kissat,guarantee,msi_wtrans_safety_0.smv_k600.dimacs,SAT,22.6093
MapleCOMSPS,guarantee,msi_wtrans_safety_0.smv_k600.dimacs,SAT,34.23
BSaLTic-DHf,safety,msmie.3_guarantee_0.smv_k1000.dimacs,wall clock limit exceeded,7200.0
BSaLTic-EHf,safety,msmie.3_guarantee_0.smv_k1000.dimacs,wall clock limit exceeded,7200.0
Kissat,safety,msmie.3_guarantee_0.smv_k1000.dimacs,wall clock limit exceeded,7200.02
MapleCOMSPS,safety,msmie.3_guarantee_0.smv_k1000.dimacs,wall clock limit exceeded,7200.0
BSaLTic-DHf,safety,msmie.3_guarantee_0.smv_k800.dimacs,wall clock limit exceeded,7200.0
BSaLTic-EHf,safety,msmie.3_guarantee_0.smv_k800.dimacs,wall clock limit exceeded,7200.0
Kissat,safety,msmie.3_guarantee_0.smv_k800.dimacs,wall clock limit exceeded,7200.02
MapleCOMSPS,safety,msmie.3_guarantee_0.smv_k800.dimacs,wall clock limit exceeded,7200.0
BSaLTic-DHf,reactivity,msmie.3_reactivity_0.smv_k100.dimacs,SAT,64.02
BSaLTic-EHf,reactivity,msmie.3_reactivity_0.smv_k100.dimacs,SAT,31.16
Kissat,reactivity,msmie.3_reactivity_0.smv_k100.dimacs,SAT,98.4621
MapleCOMSPS,reactivity,msmie.3_reactivity_0.smv_k100.dimacs,SAT,44.84
BSaLTic-DHf,reactivity,msmie.3_reactivity_0.smv_k200.dimacs,SAT,594.76
BSaLTic-EHf,reactivity,msmie.3_reactivity_0.smv_k200.dimacs,SAT,219.28
Kissat,reactivity,msmie.3_reactivity_0.smv_k200.dimacs,SAT,5356.46
MapleCOMSPS,reactivity,msmie.3_reactivity_0.smv_k200.dimacs,SAT,155.73
BSaLTic-DHf,reactivity,msmie.3_reactivity_0.smv_k400.dimacs,SAT,3659.6
BSaLTic-EHf,reactivity,msmie.3_reactivity_0.smv_k400.dimacs,SAT,4024.87
Kissat,reactivity,msmie.3_reactivity_0.smv_k400.dimacs,wall clock limit exceeded,7200.02
MapleCOMSPS,reactivity,msmie.3_reactivity_0.smv_k400.dimacs,SAT,3877.43
BSaLTic-DHf,reactivity,msmie.3_reactivity_0.smv_k80.dimacs,SAT,19.35
BSaLTic-EHf,reactivity,msmie.3_reactivity_0.smv_k80.dimacs,SAT,59.82
Kissat,reactivity,msmie.3_reactivity_0.smv_k80.dimacs,SAT,22.2428
MapleCOMSPS,reactivity,msmie.3_reactivity_0.smv_k80.dimacs,SAT,85.45
BSaLTic-DHf,recurrence,msmie.4_persistence_0.smv_k100.dimacs,SAT,197.97
BSaLTic-EHf,recurrence,msmie.4_persistence_0.smv_k100.dimacs,SAT,84.39
Kissat,recurrence,msmie.4_persistence_0.smv_k100.dimacs,SAT,241.242
MapleCOMSPS,recurrence,msmie.4_persistence_0.smv_k100.dimacs,SAT,105.45
BSaLTic-DHf,recurrence,msmie.4_persistence_0.smv_k400.dimacs,wall clock limit exceeded,7200.0
BSaLTic-EHf,recurrence,msmie.4_persistence_0.smv_k400.dimacs,wall clock limit exceeded,7200.0
Kissat,recurrence,msmie.4_persistence_0.smv_k400.dimacs,wall clock limit exceeded,7200.0
MapleCOMSPS,recurrence,msmie.4_persistence_0.smv_k400.dimacs,wall clock limit exceeded,7200.0
BSaLTic-DHf,recurrence,msmie.4_persistence_0.smv_k600.dimacs,wall clock limit exceeded,7200.0
BSaLTic-EHf,recurrence,msmie.4_persistence_0.smv_k600.dimacs,wall clock limit exceeded,7200.0
Kissat,recurrence,msmie.4_persistence_0.smv_k600.dimacs,wall clock limit exceeded,7200.0
MapleCOMSPS,recurrence,msmie.4_persistence_0.smv_k600.dimacs,wall clock limit exceeded,7200.0
BSaLTic-DHf,obligation,mutex_obligation_0.smv_k1000.dimacs,SAT,0.12
BSaLTic-EHf,obligation,mutex_obligation_0.smv_k1000.dimacs,SAT,0.11
Kissat,obligation,mutex_obligation_0.smv_k1000.dimacs,SAT,0.070799
MapleCOMSPS,obligation,mutex_obligation_0.smv_k1000.dimacs,SAT,0.11
BSaLTic-DHf,obligation,mutex_obligation_0.smv_k200.dimacs,SAT,0.02
BSaLTic-EHf,obligation,mutex_obligation_0.smv_k200.dimacs,SAT,0.02
Kissat,obligation,mutex_obligation_0.smv_k200.dimacs,SAT,0.021763
MapleCOMSPS,obligation,mutex_obligation_0.smv_k200.dimacs,SAT,0.02
BSaLTic-DHf,obligation,mutex_obligation_0.smv_k2000.dimacs,SAT,0.2
BSaLTic-EHf,obligation,mutex_obligation_0.smv_k2000.dimacs,SAT,0.24
Kissat,obligation,mutex_obligation_0.smv_k2000.dimacs,SAT,0.132968
MapleCOMSPS,obligation,mutex_obligation_0.smv_k2000.dimacs,SAT,0.21
BSaLTic-DHf,obligation,mutex_obligation_0.smv_k400.dimacs,SAT,0.05
BSaLTic-EHf,obligation,mutex_obligation_0.smv_k400.dimacs,SAT,0.05
Kissat,obligation,mutex_obligation_0.smv_k400.dimacs,SAT,0.032834
MapleCOMSPS,obligation,mutex_obligation_0.smv_k400.dimacs,SAT,0.05
BSaLTic-DHf,obligation,mutex_obligation_0.smv_k4000.dimacs,SAT,0.51
BSaLTic-EHf,obligation,mutex_obligation_0.smv_k4000.dimacs,SAT,0.5
Kissat,obligation,mutex_obligation_0.smv_k4000.dimacs,SAT,0.239486
MapleCOMSPS,obligation,mutex_obligation_0.smv_k4000.dimacs,SAT,0.51
BSaLTic-DHf,reactivity,mutex_reactivity_0.smv_k1000.dimacs,SAT,0.88
BSaLTic-EHf,reactivity,mutex_reactivity_0.smv_k1000.dimacs,SAT,0.89
Kissat,reactivity,mutex_reactivity_0.smv_k1000.dimacs,SAT,0.201147
MapleCOMSPS,reactivity,mutex_reactivity_0.smv_k1000.dimacs,SAT,1.3
BSaLTic-DHf,reactivity,mutex_reactivity_0.smv_k800.dimacs,SAT,0.81
BSaLTic-EHf,reactivity,mutex_reactivity_0.smv_k800.dimacs,SAT,0.8
Kissat,reactivity,mutex_reactivity_0.smv_k800.dimacs,SAT,0.207921
MapleCOMSPS,reactivity,mutex_reactivity_0.smv_k800.dimacs,SAT,1.21
BSaLTic-DHf,persistence,mutex1_k100.dimacs,UNSAT,0.94
BSaLTic-EHf,persistence,mutex1_k100.dimacs,UNSAT,0.85
Kissat,persistence,mutex1_k100.dimacs,UNSAT,1.93092
MapleCOMSPS,persistence,mutex1_k100.dimacs,UNSAT,0.95
BSaLTic-DHf,persistence,mutex1_k200.dimacs,UNSAT,5.13
BSaLTic-EHf,persistence,mutex1_k200.dimacs,UNSAT,7.0
Kissat,persistence,mutex1_k200.dimacs,UNSAT,5.51718
MapleCOMSPS,persistence,mutex1_k200.dimacs,UNSAT,5.32
BSaLTic-DHf,persistence,mutex1_k400.dimacs,UNSAT,19.22
BSaLTic-EHf,persistence,mutex1_k400.dimacs,UNSAT,17.14
Kissat,persistence,mutex1_k400.dimacs,UNSAT,27.3959
MapleCOMSPS,persistence,mutex1_k400.dimacs,UNSAT,32.02
BSaLTic-DHf,persistence,mutex1_k60.dimacs,UNSAT,0.33
BSaLTic-EHf,persistence,mutex1_k60.dimacs,UNSAT,0.41
Kissat,persistence,mutex1_k60.dimacs,UNSAT,0.238525
MapleCOMSPS,persistence,mutex1_k60.dimacs,UNSAT,0.36
BSaLTic-DHf,persistence,mutex1_k600.dimacs,UNSAT,58.95
BSaLTic-EHf,persistence,mutex1_k600.dimacs,UNSAT,49.92
Kissat,persistence,mutex1_k600.dimacs,UNSAT,71.4328
MapleCOMSPS,persistence,mutex1_k600.dimacs,UNSAT,86.26
BSaLTic-DHf,reactivity,over12_reactivity_0.smv_k100.dimacs,SAT,16.39
BSaLTic-EHf,reactivity,over12_reactivity_0.smv_k100.dimacs,SAT,26.09
Kissat,reactivity,over12_reactivity_0.smv_k100.dimacs,SAT,253.191
MapleCOMSPS,reactivity,over12_reactivity_0.smv_k100.dimacs,SAT,17.37
BSaLTic-DHf,reactivity,over12_reactivity_0.smv_k80.dimacs,SAT,10.02
BSaLTic-EHf,reactivity,over12_reactivity_0.smv_k80.dimacs,SAT,9.49
Kissat,reactivity,over12_reactivity_0.smv_k80.dimacs,SAT,68.2982
MapleCOMSPS,reactivity,over12_reactivity_0.smv_k80.dimacs,SAT,7.01
BSaLTic-EHf,guarantee,p-queue_k1600.dimacs,UNSAT,305.93
BSaLTic-DHf,guarantee,p-queue_k1600.dimacs,UNSAT,381.9
Kissat,guarantee,p-queue_k1600.dimacs,UNSAT,362.268
MapleCOMSPS,guarantee,p-queue_k1600.dimacs,UNSAT,451.42
BSaLTic-EHf,guarantee,p-queue_k2000.dimacs,UNSAT,588.22
BSaLTic-DHf,guarantee,p-queue_k2000.dimacs,UNSAT,703.74
Kissat,guarantee,p-queue_k2000.dimacs,UNSAT,832.017
MapleCOMSPS,guarantee,p-queue_k2000.dimacs,UNSAT,790.15
BSaLTic-EHf,guarantee,p-queue_k400.dimacs,UNSAT,35.07
BSaLTic-DHf,guarantee,p-queue_k400.dimacs,UNSAT,25.8
Kissat,guarantee,p-queue_k400.dimacs,UNSAT,36.9401
MapleCOMSPS,guarantee,p-queue_k400.dimacs,UNSAT,36.14
BSaLTic-DHf,recurrence,p-queue_persistence_0.smv_k800.dimacs,SAT,58.39
BSaLTic-EHf,recurrence,p-queue_persistence_0.smv_k800.dimacs,SAT,73.66
Kissat,recurrence,p-queue_persistence_0.smv_k800.dimacs,SAT,68.9666
MapleCOMSPS,recurrence,p-queue_persistence_0.smv_k800.dimacs,SAT,75.06
BSaLTic-DHf,persistence,pci_k200.dimacs,UNSAT,200.51
BSaLTic-EHf,persistence,pci_k200.dimacs,UNSAT,153.41
Kissat,persistence,pci_k200.dimacs,UNSAT,102.688
MapleCOMSPS,persistence,pci_k200.dimacs,UNSAT,209.88
BSaLTic-DHf,persistence,pci_k400.dimacs,UNSAT,1368.62
BSaLTic-EHf,persistence,pci_k400.dimacs,UNSAT,826.17
Kissat,persistence,pci_k400.dimacs,UNSAT,313.229
MapleCOMSPS,persistence,pci_k400.dimacs,UNSAT,1436.22
BSaLTic-DHf,recurrence,pci_neg.smv_k100.dimacs,SAT,0.85
BSaLTic-EHf,recurrence,pci_neg.smv_k100.dimacs,SAT,0.86
Kissat,recurrence,pci_neg.smv_k100.dimacs,SAT,1.15376
MapleCOMSPS,recurrence,pci_neg.smv_k100.dimacs,SAT,0.96
BSaLTic-DHf,recurrence,pci_neg.smv_k1000.dimacs,SAT,379.24
BSaLTic-EHf,recurrence,pci_neg.smv_k1000.dimacs,SAT,256.56
Kissat,recurrence,pci_neg.smv_k1000.dimacs,SAT,292.949
MapleCOMSPS,recurrence,pci_neg.smv_k1000.dimacs,SAT,432.4
BSaLTic-DHf,recurrence,pci_neg.smv_k1400.dimacs,SAT,606.1
BSaLTic-EHf,recurrence,pci_neg.smv_k1400.dimacs,SAT,530.55
Kissat,recurrence,pci_neg.smv_k1400.dimacs,SAT,299.339
MapleCOMSPS,recurrence,pci_neg.smv_k1400.dimacs,SAT,1081.35
BSaLTic-DHf,recurrence,pci_neg.smv_k200.dimacs,SAT,2.92
BSaLTic-EHf,recurrence,pci_neg.smv_k200.dimacs,SAT,3.95
Kissat,recurrence,pci_neg.smv_k200.dimacs,SAT,1.90899
MapleCOMSPS,recurrence,pci_neg.smv_k200.dimacs,SAT,3.94
BSaLTic-DHf,recurrence,pci_neg.smv_k40.dimacs,SAT,0.28
BSaLTic-EHf,recurrence,pci_neg.smv_k40.dimacs,SAT,0.31
Kissat,recurrence,pci_neg.smv_k40.dimacs,SAT,0.2309
MapleCOMSPS,recurrence,pci_neg.smv_k40.dimacs,SAT,0.26
BSaLTic-DHf,recurrence,pci_neg.smv_k60.dimacs,SAT,0.31
BSaLTic-EHf,recurrence,pci_neg.smv_k60.dimacs,SAT,0.3
Kissat,recurrence,pci_neg.smv_k60.dimacs,SAT,0.161173
MapleCOMSPS,recurrence,pci_neg.smv_k60.dimacs,SAT,0.3
BSaLTic-DHf,recurrence,pci_neg.smv_k600.dimacs,SAT,76.5
BSaLTic-EHf,recurrence,pci_neg.smv_k600.dimacs,SAT,126.54
Kissat,recurrence,pci_neg.smv_k600.dimacs,SAT,94.0592
MapleCOMSPS,recurrence,pci_neg.smv_k600.dimacs,SAT,117.16
BSaLTic-DHf,recurrence,pci_neg.smv_k800.dimacs,SAT,249.57
BSaLTic-EHf,recurrence,pci_neg.smv_k800.dimacs,SAT,148.32
Kissat,recurrence,pci_neg.smv_k800.dimacs,SAT,236.202
MapleCOMSPS,recurrence,pci_neg.smv_k800.dimacs,SAT,172.66
BSaLTic-DHf,obligation,pci3p_obligation_0.smv_k40.dimacs,SAT,0.32
BSaLTic-EHf,obligation,pci3p_obligation_0.smv_k40.dimacs,SAT,0.31
Kissat,obligation,pci3p_obligation_0.smv_k40.dimacs,SAT,0.19783
MapleCOMSPS,obligation,pci3p_obligation_0.smv_k40.dimacs,SAT,0.29
BSaLTic-DHf,obligation,pci3p_obligation_0.smv_k80.dimacs,SAT,4.38
BSaLTic-EHf,obligation,pci3p_obligation_0.smv_k80.dimacs,SAT,4.41
Kissat,obligation,pci3p_obligation_0.smv_k80.dimacs,SAT,1.12432
MapleCOMSPS,obligation,pci3p_obligation_0.smv_k80.dimacs,SAT,6.32
BSaLTic-DHf,reactivity,pci3p_reactivity_0.smv_k600.dimacs,SAT,5.23
BSaLTic-EHf,reactivity,pci3p_reactivity_0.smv_k600.dimacs,SAT,5.53
Kissat,reactivity,pci3p_reactivity_0.smv_k600.dimacs,SAT,103.207
MapleCOMSPS,reactivity,pci3p_reactivity_0.smv_k600.dimacs,SAT,5.38
BSaLTic-DHf,reactivity,pci3p_reactivity_0.smv_k800.dimacs,SAT,9.92
BSaLTic-EHf,reactivity,pci3p_reactivity_0.smv_k800.dimacs,SAT,10.18
Kissat,reactivity,pci3p_reactivity_0.smv_k800.dimacs,SAT,185.137
MapleCOMSPS,reactivity,pci3p_reactivity_0.smv_k800.dimacs,SAT,15.23
BSaLTic-DHf,obligation,periodic_obligation_0.smv_k100.dimacs,SAT,0.7
BSaLTic-EHf,obligation,periodic_obligation_0.smv_k100.dimacs,SAT,0.9
Kissat,obligation,periodic_obligation_0.smv_k100.dimacs,SAT,0.356185
MapleCOMSPS,obligation,periodic_obligation_0.smv_k100.dimacs,SAT,1.04
BSaLTic-DHf,obligation,periodic_obligation_0.smv_k200.dimacs,SAT,6.73
BSaLTic-EHf,obligation,periodic_obligation_0.smv_k200.dimacs,SAT,6.61
Kissat,obligation,periodic_obligation_0.smv_k200.dimacs,SAT,2.33338
MapleCOMSPS,obligation,periodic_obligation_0.smv_k200.dimacs,SAT,10.88
BSaLTic-DHf,obligation,periodic_obligation_0.smv_k40.dimacs,SAT,0.06
BSaLTic-EHf,obligation,periodic_obligation_0.smv_k40.dimacs,SAT,0.09
Kissat,obligation,periodic_obligation_0.smv_k40.dimacs,SAT,0.047774
MapleCOMSPS,obligation,periodic_obligation_0.smv_k40.dimacs,SAT,0.09
BSaLTic-DHf,reactivity,periodic_reactivity_0.smv_k600.dimacs,SAT,1.73
BSaLTic-EHf,reactivity,periodic_reactivity_0.smv_k600.dimacs,SAT,2.76
Kissat,reactivity,periodic_reactivity_0.smv_k600.dimacs,SAT,0.894618
MapleCOMSPS,reactivity,periodic_reactivity_0.smv_k600.dimacs,SAT,2.69
BSaLTic-DHf,reactivity,periodic_reactivity_0.smv_k800.dimacs,SAT,3.15
BSaLTic-EHf,reactivity,periodic_reactivity_0.smv_k800.dimacs,SAT,3.28
Kissat,reactivity,periodic_reactivity_0.smv_k800.dimacs,SAT,1.53562
MapleCOMSPS,reactivity,periodic_reactivity_0.smv_k800.dimacs,SAT,3.26
BSaLTic-DHf,recurrence,phils.3_persistence_0.smv_k1000.dimacs,SAT,309.16
BSaLTic-EHf,recurrence,phils.3_persistence_0.smv_k1000.dimacs,SAT,4877.61
Kissat,recurrence,phils.3_persistence_0.smv_k1000.dimacs,SAT,3453.92
MapleCOMSPS,recurrence,phils.3_persistence_0.smv_k1000.dimacs,SAT,414.57
BSaLTic-DHf,recurrence,phils.3_persistence_0.smv_k800.dimacs,SAT,801.79
BSaLTic-EHf,recurrence,phils.3_persistence_0.smv_k800.dimacs,SAT,343.82
Kissat,recurrence,phils.3_persistence_0.smv_k800.dimacs,SAT,2528.45
MapleCOMSPS,recurrence,phils.3_persistence_0.smv_k800.dimacs,SAT,298.29
BSaLTic-DHf,persistence,phils.3_recurrence_0.smv_k600.dimacs,SAT,226.75
BSaLTic-EHf,persistence,phils.3_recurrence_0.smv_k600.dimacs,SAT,137.98
Kissat,persistence,phils.3_recurrence_0.smv_k600.dimacs,SAT,2087.83
MapleCOMSPS,persistence,phils.3_recurrence_0.smv_k600.dimacs,SAT,85.69
BSaLTic-DHf,persistence,phils.3_recurrence_0.smv_k800.dimacs,SAT,537.23
BSaLTic-EHf,persistence,phils.3_recurrence_0.smv_k800.dimacs,SAT,1979.72
Kissat,persistence,phils.3_recurrence_0.smv_k800.dimacs,SAT,2258.61
MapleCOMSPS,persistence,phils.3_recurrence_0.smv_k800.dimacs,SAT,1049.52
BSaLTic-DHf,safety,phils.5_guarantee_0.smv_k600.dimacs,SAT,251.71
BSaLTic-EHf,safety,phils.5_guarantee_0.smv_k600.dimacs,SAT,556.24
Kissat,safety,phils.5_guarantee_0.smv_k600.dimacs,wall clock limit exceeded,7200.02
MapleCOMSPS,safety,phils.5_guarantee_0.smv_k600.dimacs,SAT,640.55
BSaLTic-DHf,safety,phils.5_guarantee_0.smv_k800.dimacs,SAT,908.55
BSaLTic-EHf,safety,phils.5_guarantee_0.smv_k800.dimacs,SAT,2239.77
Kissat,safety,phils.5_guarantee_0.smv_k800.dimacs,wall clock limit exceeded,7200.02
MapleCOMSPS,safety,phils.5_guarantee_0.smv_k800.dimacs,SAT,916.02
BSaLTic-DHf,reactivity,phils.5_reactivity_0.smv_k200.dimacs,SAT,136.29
BSaLTic-EHf,reactivity,phils.5_reactivity_0.smv_k200.dimacs,SAT,106.92
Kissat,reactivity,phils.5_reactivity_0.smv_k200.dimacs,SAT,452.319
MapleCOMSPS,reactivity,phils.5_reactivity_0.smv_k200.dimacs,SAT,38.96
BSaLTic-DHf,reactivity,phils.5_reactivity_0.smv_k40.dimacs,SAT,1.38
BSaLTic-EHf,reactivity,phils.5_reactivity_0.smv_k40.dimacs,SAT,7.72
Kissat,reactivity,phils.5_reactivity_0.smv_k40.dimacs,SAT,12.4067
MapleCOMSPS,reactivity,phils.5_reactivity_0.smv_k40.dimacs,SAT,13.03
BSaLTic-DHf,reactivity,phils.5_reactivity_0.smv_k80.dimacs,SAT,8.06
BSaLTic-EHf,reactivity,phils.5_reactivity_0.smv_k80.dimacs,SAT,5.1
Kissat,reactivity,phils.5_reactivity_0.smv_k80.dimacs,SAT,25.3069
MapleCOMSPS,reactivity,phils.5_reactivity_0.smv_k80.dimacs,SAT,16.78
BSaLTic-DHf,persistence,phils.5_recurrence_0.smv_k800.dimacs,SAT,2805.59
BSaLTic-EHf,persistence,phils.5_recurrence_0.smv_k800.dimacs,SAT,4301.85
Kissat,persistence,phils.5_recurrence_0.smv_k800.dimacs,wall clock limit exceeded,7200.0
MapleCOMSPS,persistence,phils.5_recurrence_0.smv_k800.dimacs,SAT,1202.96
BSaLTic-EHf,guarantee,phils.5_safety_0.smv_k4000.dimacs,SAT,29.46
BSaLTic-DHf,guarantee,phils.5_safety_0.smv_k4000.dimacs,SAT,29.29
Kissat,guarantee,phils.5_safety_0.smv_k4000.dimacs,wall clock limit exceeded,7200.02
MapleCOMSPS,guarantee,phils.5_safety_0.smv_k4000.dimacs,SAT,29.87
BSaLTic-EHf,guarantee,phils.5_safety_0.smv_k6000.dimacs,SAT,45.43
BSaLTic-DHf,guarantee,phils.5_safety_0.smv_k6000.dimacs,SAT,45.59
Kissat,guarantee,phils.5_safety_0.smv_k6000.dimacs,wall clock limit exceeded,7200.02
MapleCOMSPS,guarantee,phils.5_safety_0.smv_k6000.dimacs,SAT,46.52
BSaLTic-DHf,safety,phils.6_guarantee_0.smv_k1000.dimacs,wall clock limit exceeded,7200.0
BSaLTic-EHf,safety,phils.6_guarantee_0.smv_k1000.dimacs,SAT,3525.76
Kissat,safety,phils.6_guarantee_0.smv_k1000.dimacs,wall clock limit exceeded,7200.02
MapleCOMSPS,safety,phils.6_guarantee_0.smv_k1000.dimacs,SAT,3365.77
BSaLTic-DHf,safety,phils.6_guarantee_0.smv_k600.dimacs,SAT,969.68
BSaLTic-EHf,safety,phils.6_guarantee_0.smv_k600.dimacs,SAT,1439.96
Kissat,safety,phils.6_guarantee_0.smv_k600.dimacs,wall clock limit exceeded,7200.01
MapleCOMSPS,safety,phils.6_guarantee_0.smv_k600.dimacs,SAT,1499.5
BSaLTic-DHf,persistence,phils.6_recurrence_0.smv_k1000.dimacs,SAT,4484.08
BSaLTic-EHf,persistence,phils.6_recurrence_0.smv_k1000.dimacs,SAT,6325.93
Kissat,persistence,phils.6_recurrence_0.smv_k1000.dimacs,wall clock limit exceeded,7200.0
MapleCOMSPS,persistence,phils.6_recurrence_0.smv_k1000.dimacs,SAT,4050.81
BSaLTic-DHf,persistence,phils.6_recurrence_0.smv_k600.dimacs,SAT,1870.59
BSaLTic-EHf,persistence,phils.6_recurrence_0.smv_k600.dimacs,SAT,2349.67
Kissat,persistence,phils.6_recurrence_0.smv_k600.dimacs,wall clock limit exceeded,7200.0
MapleCOMSPS,persistence,phils.6_recurrence_0.smv_k600.dimacs,SAT,1974.08
BSaLTic-DHf,persistence,phils.6_recurrence_0.smv_k800.dimacs,SAT,1388.85
BSaLTic-EHf,persistence,phils.6_recurrence_0.smv_k800.dimacs,SAT,2789.41
Kissat,persistence,phils.6_recurrence_0.smv_k800.dimacs,wall clock limit exceeded,7200.0
MapleCOMSPS,persistence,phils.6_recurrence_0.smv_k800.dimacs,SAT,2107.25
BSaLTic-DHf,persistence,Problem1_0_k100.dimacs,SAT,15.53
BSaLTic-EHf,persistence,Problem1_0_k100.dimacs,SAT,24.45
Kissat,persistence,Problem1_0_k100.dimacs,SAT,3.42826
MapleCOMSPS,persistence,Problem1_0_k100.dimacs,SAT,24.84
BSaLTic-DHf,persistence,Problem1_0_k200.dimacs,SAT,748.13
BSaLTic-EHf,persistence,Problem1_0_k200.dimacs,SAT,1235.54
Kissat,persistence,Problem1_0_k200.dimacs,SAT,62.9788
MapleCOMSPS,persistence,Problem1_0_k200.dimacs,SAT,1267.12
BSaLTic-EHf,guarantee,Problem1_14_k200.dimacs,UNSAT,332.54
BSaLTic-DHf,guarantee,Problem1_14_k200.dimacs,UNSAT,492.22
Kissat,guarantee,Problem1_14_k200.dimacs,UNSAT,18.9139
MapleCOMSPS,guarantee,Problem1_14_k200.dimacs,UNSAT,522.41
BSaLTic-DHf,recurrence,Problem1_19_k100.dimacs,UNSAT,93.58
BSaLTic-EHf,recurrence,Problem1_19_k100.dimacs,UNSAT,58.21
Kissat,recurrence,Problem1_19_k100.dimacs,UNSAT,1.96473
MapleCOMSPS,recurrence,Problem1_19_k100.dimacs,UNSAT,88.16
BSaLTic-DHf,recurrence,Problem1_19_k40.dimacs,UNSAT,0.63
BSaLTic-EHf,recurrence,Problem1_19_k40.dimacs,UNSAT,0.64
Kissat,recurrence,Problem1_19_k40.dimacs,UNSAT,0.284413
MapleCOMSPS,recurrence,Problem1_19_k40.dimacs,UNSAT,0.63
BSaLTic-DHf,recurrence,Problem1_19_k60.dimacs,UNSAT,3.75
BSaLTic-EHf,recurrence,Problem1_19_k60.dimacs,UNSAT,3.72
Kissat,recurrence,Problem1_19_k60.dimacs,UNSAT,0.904273
MapleCOMSPS,recurrence,Problem1_19_k60.dimacs,UNSAT,5.35
BSaLTic-EHf,guarantee,Problem1_2_k200.dimacs,UNSAT,1825.09
BSaLTic-DHf,guarantee,Problem1_2_k200.dimacs,UNSAT,2675.81
Kissat,guarantee,Problem1_2_k200.dimacs,UNSAT,182.376
MapleCOMSPS,guarantee,Problem1_2_k200.dimacs,UNSAT,1855.36
BSaLTic-EHf,guarantee,Problem1_20_k1000.dimacs,UNSAT,57.46
BSaLTic-DHf,guarantee,Problem1_20_k1000.dimacs,UNSAT,44.4
Kissat,guarantee,Problem1_20_k1000.dimacs,UNSAT,49.7476
MapleCOMSPS,guarantee,Problem1_20_k1000.dimacs,UNSAT,56.26
BSaLTic-EHf,guarantee,Problem1_20_k4000.dimacs,UNSAT,685.6
BSaLTic-DHf,guarantee,Problem1_20_k4000.dimacs,UNSAT,973.82
Kissat,guarantee,Problem1_20_k4000.dimacs,UNSAT,519.905
MapleCOMSPS,guarantee,Problem1_20_k4000.dimacs,UNSAT,687.68
BSaLTic-DHf,obligation,Problem1_21_neg.smv_k60.dimacs,SAT,4.41
BSaLTic-EHf,obligation,Problem1_21_neg.smv_k60.dimacs,SAT,2.83
Kissat,obligation,Problem1_21_neg.smv_k60.dimacs,SAT,1.37317
MapleCOMSPS,obligation,Problem1_21_neg.smv_k60.dimacs,SAT,4.0
BSaLTic-DHf,persistence,Problem1_24_k100.dimacs,SAT,6.91
BSaLTic-EHf,persistence,Problem1_24_k100.dimacs,SAT,4.28
Kissat,persistence,Problem1_24_k100.dimacs,SAT,8.8953
MapleCOMSPS,persistence,Problem1_24_k100.dimacs,SAT,6.69
BSaLTic-DHf,persistence,Problem1_25_k200.dimacs,UNSAT,162.68
BSaLTic-EHf,persistence,Problem1_25_k200.dimacs,UNSAT,102.67
Kissat,persistence,Problem1_25_k200.dimacs,UNSAT,119.201
MapleCOMSPS,persistence,Problem1_25_k200.dimacs,UNSAT,160.39
BSaLTic-DHf,persistence,Problem1_25_k60.dimacs,UNSAT,1.8
BSaLTic-EHf,persistence,Problem1_25_k60.dimacs,UNSAT,1.9
Kissat,persistence,Problem1_25_k60.dimacs,UNSAT,1.55084
MapleCOMSPS,persistence,Problem1_25_k60.dimacs,UNSAT,2.32
BSaLTic-DHf,recurrence,Problem1_28_neg.smv_k100.dimacs,SAT,4.75
BSaLTic-EHf,recurrence,Problem1_28_neg.smv_k100.dimacs,SAT,4.75
Kissat,recurrence,Problem1_28_neg.smv_k100.dimacs,SAT,2.34327
MapleCOMSPS,recurrence,Problem1_28_neg.smv_k100.dimacs,SAT,7.33
BSaLTic-DHf,recurrence,Problem1_28_neg.smv_k20.dimacs,SAT,0.07
BSaLTic-EHf,recurrence,Problem1_28_neg.smv_k20.dimacs,SAT,0.08
Kissat,recurrence,Problem1_28_neg.smv_k20.dimacs,SAT,0.03483
MapleCOMSPS,recurrence,Problem1_28_neg.smv_k20.dimacs,SAT,0.08
BSaLTic-EHf,guarantee,Problem1_29_k800.dimacs,UNSAT,26.64
BSaLTic-DHf,guarantee,Problem1_29_k800.dimacs,UNSAT,28.71
Kissat,guarantee,Problem1_29_k800.dimacs,UNSAT,61.6698
MapleCOMSPS,guarantee,Problem1_29_k800.dimacs,UNSAT,36.38
BSaLTic-DHf,safety,Problem1_29_neg.smv_k6000.dimacs,SAT,1096.71
BSaLTic-EHf,safety,Problem1_29_neg.smv_k6000.dimacs,SAT,704.78
Kissat,safety,Problem1_29_neg.smv_k6000.dimacs,SAT,280.511
MapleCOMSPS,safety,Problem1_29_neg.smv_k6000.dimacs,SAT,1001.44
BSaLTic-EHf,guarantee,Problem1_30_k1000.dimacs,SAT,36.07
BSaLTic-DHf,guarantee,Problem1_30_k1000.dimacs,SAT,33.48
Kissat,guarantee,Problem1_30_k1000.dimacs,SAT,23.8562
MapleCOMSPS,guarantee,Problem1_30_k1000.dimacs,SAT,24.42
BSaLTic-EHf,guarantee,Problem1_30_k1600.dimacs,SAT,56.75
BSaLTic-DHf,guarantee,Problem1_30_k1600.dimacs,SAT,68.58
Kissat,guarantee,Problem1_30_k1600.dimacs,SAT,91.9712
MapleCOMSPS,guarantee,Problem1_30_k1600.dimacs,SAT,57.08
BSaLTic-EHf,guarantee,Problem1_30_k4000.dimacs,SAT,349.28
BSaLTic-DHf,guarantee,Problem1_30_k4000.dimacs,SAT,247.09
Kissat,guarantee,Problem1_30_k4000.dimacs,SAT,462.833
MapleCOMSPS,guarantee,Problem1_30_k4000.dimacs,SAT,346.72
BSaLTic-EHf,guarantee,Problem1_30_k6000.dimacs,SAT,624.71
BSaLTic-DHf,guarantee,Problem1_30_k6000.dimacs,SAT,1220.1
Kissat,guarantee,Problem1_30_k6000.dimacs,SAT,1193.82
MapleCOMSPS,guarantee,Problem1_30_k6000.dimacs,SAT,621.68
BSaLTic-EHf,guarantee,Problem1_30_k800.dimacs,SAT,21.65
BSaLTic-DHf,guarantee,Problem1_30_k800.dimacs,SAT,13.67
Kissat,guarantee,Problem1_30_k800.dimacs,SAT,23.2159
MapleCOMSPS,guarantee,Problem1_30_k800.dimacs,SAT,13.77
BSaLTic-DHf,safety,Problem1_30_neg.smv_k6000.dimacs,SAT,956.97
BSaLTic-EHf,safety,Problem1_30_neg.smv_k6000.dimacs,SAT,753.84
Kissat,safety,Problem1_30_neg.smv_k6000.dimacs,SAT,254.016
MapleCOMSPS,safety,Problem1_30_neg.smv_k6000.dimacs,SAT,995.46
BSaLTic-EHf,guarantee,Problem1_31_k100.dimacs,SAT,1424.05
BSaLTic-DHf,guarantee,Problem1_31_k100.dimacs,SAT,1211.61
Kissat,guarantee,Problem1_31_k100.dimacs,SAT,4.26294
MapleCOMSPS,guarantee,Problem1_31_k100.dimacs,SAT,2213.55
BSaLTic-EHf,guarantee,Problem1_31_k60.dimacs,SAT,38.24
BSaLTic-DHf,guarantee,Problem1_31_k60.dimacs,SAT,50.56
Kissat,guarantee,Problem1_31_k60.dimacs,SAT,1.12501
MapleCOMSPS,guarantee,Problem1_31_k60.dimacs,SAT,37.06
BSaLTic-DHf,persistence,Problem1_32_k100.dimacs,UNSAT,1.0
BSaLTic-EHf,persistence,Problem1_32_k100.dimacs,UNSAT,1.12
Kissat,persistence,Problem1_32_k100.dimacs,UNSAT,0.927031
MapleCOMSPS,persistence,Problem1_32_k100.dimacs,UNSAT,1.39
BSaLTic-DHf,persistence,Problem1_32_k600.dimacs,UNSAT,352.42
BSaLTic-EHf,persistence,Problem1_32_k600.dimacs,UNSAT,542.41
Kissat,persistence,Problem1_32_k600.dimacs,UNSAT,385.363
MapleCOMSPS,persistence,Problem1_32_k600.dimacs,UNSAT,476.58
BSaLTic-DHf,persistence,Problem1_33_k100.dimacs,SAT,1.64
BSaLTic-EHf,persistence,Problem1_33_k100.dimacs,SAT,1.71
Kissat,persistence,Problem1_33_k100.dimacs,SAT,0.621424
MapleCOMSPS,persistence,Problem1_33_k100.dimacs,SAT,2.03
BSaLTic-DHf,persistence,Problem1_33_k600.dimacs,SAT,1110.72
BSaLTic-EHf,persistence,Problem1_33_k600.dimacs,SAT,1874.3
Kissat,persistence,Problem1_33_k600.dimacs,SAT,157.927
MapleCOMSPS,persistence,Problem1_33_k600.dimacs,SAT,1805.9
BSaLTic-EHf,guarantee,Problem1_40_k100.dimacs,UNSAT,47.0
BSaLTic-DHf,guarantee,Problem1_40_k100.dimacs,UNSAT,32.24
Kissat,guarantee,Problem1_40_k100.dimacs,UNSAT,25.1471
MapleCOMSPS,guarantee,Problem1_40_k100.dimacs,UNSAT,49.36
BSaLTic-EHf,guarantee,Problem1_40_k200.dimacs,UNSAT,2054.03
BSaLTic-DHf,guarantee,Problem1_40_k200.dimacs,UNSAT,1990.86
Kissat,guarantee,Problem1_40_k200.dimacs,UNSAT,315.845
MapleCOMSPS,guarantee,Problem1_40_k200.dimacs,UNSAT,2008.37
BSaLTic-EHf,guarantee,Problem1_47_k1600.dimacs,UNSAT,21.81
BSaLTic-DHf,guarantee,Problem1_47_k1600.dimacs,UNSAT,14.83
Kissat,guarantee,Problem1_47_k1600.dimacs,UNSAT,1.91145
MapleCOMSPS,guarantee,Problem1_47_k1600.dimacs,UNSAT,15.43
BSaLTic-EHf,guarantee,Problem1_47_k6000.dimacs,UNSAT,372.93
BSaLTic-DHf,guarantee,Problem1_47_k6000.dimacs,UNSAT,375.38
Kissat,guarantee,Problem1_47_k6000.dimacs,UNSAT,5.66804
MapleCOMSPS,guarantee,Problem1_47_k6000.dimacs,UNSAT,381.85
BSaLTic-EHf,guarantee,Problem1_50_k100.dimacs,SAT,1235.83
BSaLTic-DHf,guarantee,Problem1_50_k100.dimacs,SAT,1263.89
Kissat,guarantee,Problem1_50_k100.dimacs,SAT,4.50371
MapleCOMSPS,guarantee,Problem1_50_k100.dimacs,SAT,1729.92
BSaLTic-EHf,guarantee,Problem1_51_k100.dimacs,SAT,458.16
BSaLTic-DHf,guarantee,Problem1_51_k100.dimacs,SAT,670.15
Kissat,guarantee,Problem1_51_k100.dimacs,SAT,3.62078
MapleCOMSPS,guarantee,Problem1_51_k100.dimacs,SAT,623.58
BSaLTic-EHf,guarantee,Problem1_51_k60.dimacs,SAT,13.9
BSaLTic-DHf,guarantee,Problem1_51_k60.dimacs,SAT,13.75
Kissat,guarantee,Problem1_51_k60.dimacs,SAT,0.486115
MapleCOMSPS,guarantee,Problem1_51_k60.dimacs,SAT,14.2
BSaLTic-EHf,guarantee,Problem1_52_k600.dimacs,UNSAT,100.94
BSaLTic-DHf,guarantee,Problem1_52_k600.dimacs,UNSAT,72.81
Kissat,guarantee,Problem1_52_k600.dimacs,UNSAT,40.1079
MapleCOMSPS,guarantee,Problem1_52_k600.dimacs,UNSAT,110.65
BSaLTic-EHf,guarantee,Problem1_6_k2000.dimacs,SAT,106.21
BSaLTic-DHf,guarantee,Problem1_6_k2000.dimacs,SAT,79.33
Kissat,guarantee,Problem1_6_k2000.dimacs,SAT,224.12
MapleCOMSPS,guarantee,Problem1_6_k2000.dimacs,SAT,80.06
BSaLTic-EHf,guarantee,Problem1_6_k6000.dimacs,SAT,204.84
BSaLTic-DHf,guarantee,Problem1_6_k6000.dimacs,SAT,189.97
Kissat,guarantee,Problem1_6_k6000.dimacs,SAT,685.252
MapleCOMSPS,guarantee,Problem1_6_k6000.dimacs,SAT,297.9
BSaLTic-DHf,persistence,Problem1_63_k100.dimacs,SAT,108.56
BSaLTic-EHf,persistence,Problem1_63_k100.dimacs,SAT,108.84
Kissat,persistence,Problem1_63_k100.dimacs,SAT,20.6972
MapleCOMSPS,persistence,Problem1_63_k100.dimacs,SAT,174.63
BSaLTic-DHf,persistence,Problem1_63_k60.dimacs,SAT,9.61
BSaLTic-EHf,persistence,Problem1_63_k60.dimacs,SAT,9.38
Kissat,persistence,Problem1_63_k60.dimacs,SAT,2.49963
MapleCOMSPS,persistence,Problem1_63_k60.dimacs,SAT,9.64
BSaLTic-DHf,obligation,Problem1_75_k100.dimacs,UNSAT,32.67
BSaLTic-EHf,obligation,Problem1_75_k100.dimacs,UNSAT,32.57
Kissat,obligation,Problem1_75_k100.dimacs,UNSAT,10.6853
MapleCOMSPS,obligation,Problem1_75_k100.dimacs,UNSAT,51.75
BSaLTic-DHf,obligation,Problem1_75_k40.dimacs,UNSAT,0.72
BSaLTic-EHf,obligation,Problem1_75_k40.dimacs,UNSAT,0.71
Kissat,obligation,Problem1_75_k40.dimacs,UNSAT,0.539933
MapleCOMSPS,obligation,Problem1_75_k40.dimacs,UNSAT,0.7
BSaLTic-DHf,obligation,Problem1_75_k60.dimacs,UNSAT,2.79
BSaLTic-EHf,obligation,Problem1_75_k60.dimacs,UNSAT,2.83
Kissat,obligation,Problem1_75_k60.dimacs,UNSAT,1.57816
MapleCOMSPS,obligation,Problem1_75_k60.dimacs,UNSAT,4.01
BSaLTic-DHf,persistence,Problem1_76_k100.dimacs,SAT,7.23
BSaLTic-EHf,persistence,Problem1_76_k100.dimacs,SAT,4.92
Kissat,persistence,Problem1_76_k100.dimacs,SAT,3.19941
MapleCOMSPS,persistence,Problem1_76_k100.dimacs,SAT,7.18
BSaLTic-DHf,reactivity,Problem1_77_k100.dimacs,UNSAT,49.35
BSaLTic-EHf,reactivity,Problem1_77_k100.dimacs,UNSAT,73.98
Kissat,reactivity,Problem1_77_k100.dimacs,UNSAT,36.9266
MapleCOMSPS,reactivity,Problem1_77_k100.dimacs,UNSAT,51.62
BSaLTic-DHf,reactivity,Problem1_77_k40.dimacs,UNSAT,1.12
BSaLTic-EHf,reactivity,Problem1_77_k40.dimacs,UNSAT,1.55
Kissat,reactivity,Problem1_77_k40.dimacs,UNSAT,0.78786
MapleCOMSPS,reactivity,Problem1_77_k40.dimacs,UNSAT,1.76
BSaLTic-DHf,reactivity,Problem1_77_k60.dimacs,UNSAT,3.95
BSaLTic-EHf,reactivity,Problem1_77_k60.dimacs,UNSAT,6.02
Kissat,reactivity,Problem1_77_k60.dimacs,UNSAT,3.78457
MapleCOMSPS,reactivity,Problem1_77_k60.dimacs,UNSAT,6.07
BSaLTic-EHf,guarantee,Problem1_78_k4000.dimacs,UNSAT,170.28
BSaLTic-DHf,guarantee,Problem1_78_k4000.dimacs,UNSAT,161.23
Kissat,guarantee,Problem1_78_k4000.dimacs,UNSAT,5.91984
MapleCOMSPS,guarantee,Problem1_78_k4000.dimacs,UNSAT,252.53
BSaLTic-EHf,guarantee,Problem1_78_k6000.dimacs,UNSAT,516.02
BSaLTic-DHf,guarantee,Problem1_78_k6000.dimacs,UNSAT,503.0
Kissat,guarantee,Problem1_78_k6000.dimacs,UNSAT,6.14319
MapleCOMSPS,guarantee,Problem1_78_k6000.dimacs,UNSAT,521.77
BSaLTic-EHf,guarantee,Problem1_80_k100.dimacs,UNSAT,39.94
BSaLTic-DHf,guarantee,Problem1_80_k100.dimacs,UNSAT,38.2
Kissat,guarantee,Problem1_80_k100.dimacs,UNSAT,36.7792
MapleCOMSPS,guarantee,Problem1_80_k100.dimacs,UNSAT,39.56
BSaLTic-EHf,guarantee,Problem1_81_k100.dimacs,UNSAT,8.22
BSaLTic-DHf,guarantee,Problem1_81_k100.dimacs,UNSAT,8.14
Kissat,guarantee,Problem1_81_k100.dimacs,UNSAT,3.08876
MapleCOMSPS,guarantee,Problem1_81_k100.dimacs,UNSAT,8.38
BSaLTic-DHf,persistence,Problem1_85_k100.dimacs,SAT,1.59
BSaLTic-EHf,persistence,Problem1_85_k100.dimacs,SAT,1.71
Kissat,persistence,Problem1_85_k100.dimacs,SAT,0.671365
MapleCOMSPS,persistence,Problem1_85_k100.dimacs,SAT,1.99
BSaLTic-EHf,guarantee,Problem1_91_k100.dimacs,SAT,293.07
BSaLTic-DHf,guarantee,Problem1_91_k100.dimacs,SAT,431.32
Kissat,guarantee,Problem1_91_k100.dimacs,SAT,3.25288
MapleCOMSPS,guarantee,Problem1_91_k100.dimacs,SAT,427.63
BSaLTic-DHf,persistence,Problem1_96_k100.dimacs,SAT,11.15
BSaLTic-EHf,persistence,Problem1_96_k100.dimacs,SAT,11.13
Kissat,persistence,Problem1_96_k100.dimacs,SAT,3.14642
MapleCOMSPS,persistence,Problem1_96_k100.dimacs,SAT,17.63
BSaLTic-DHf,persistence,Problem1_96_k200.dimacs,SAT,687.99
BSaLTic-EHf,persistence,Problem1_96_k200.dimacs,SAT,447.82
Kissat,persistence,Problem1_96_k200.dimacs,SAT,41.7477
MapleCOMSPS,persistence,Problem1_96_k200.dimacs,SAT,672.44
BSaLTic-EHf,guarantee,Problem1-Full-1_safety_0.smv_k100.dimacs,SAT,21.46
BSaLTic-DHf,guarantee,Problem1-Full-1_safety_0.smv_k100.dimacs,SAT,20.68
Kissat,guarantee,Problem1-Full-1_safety_0.smv_k100.dimacs,SAT,6.97204
MapleCOMSPS,guarantee,Problem1-Full-1_safety_0.smv_k100.dimacs,SAT,22.24
BSaLTic-EHf,guarantee,Problem1-Full-6_k200.dimacs,UNSAT,56.08
BSaLTic-DHf,guarantee,Problem1-Full-6_k200.dimacs,UNSAT,55.86
Kissat,guarantee,Problem1-Full-6_k200.dimacs,UNSAT,15.1901
MapleCOMSPS,guarantee,Problem1-Full-6_k200.dimacs,UNSAT,85.23
BSaLTic-DHf,recurrence,Problem2_0_persistence_0.smv_k400.dimacs,SAT,2809.49
BSaLTic-EHf,recurrence,Problem2_0_persistence_0.smv_k400.dimacs,SAT,2808.68
Kissat,recurrence,Problem2_0_persistence_0.smv_k400.dimacs,SAT,18.9651
MapleCOMSPS,recurrence,Problem2_0_persistence_0.smv_k400.dimacs,SAT,4498.94
BSaLTic-EHf,guarantee,Problem2_1_k200.dimacs,wall clock limit exceeded,7200.0
BSaLTic-DHf,guarantee,Problem2_1_k200.dimacs,wall clock limit exceeded,7200.0
Kissat,guarantee,Problem2_1_k200.dimacs,wall clock limit exceeded,7200.0
MapleCOMSPS,guarantee,Problem2_1_k200.dimacs,wall clock limit exceeded,7200.0
BSaLTic-EHf,guarantee,Problem2_1_k60.dimacs,UNSAT,49.58
BSaLTic-DHf,guarantee,Problem2_1_k60.dimacs,UNSAT,48.51
Kissat,guarantee,Problem2_1_k60.dimacs,UNSAT,48.51
MapleCOMSPS,guarantee,Problem2_1_k60.dimacs,UNSAT,50.51
BSaLTic-EHf,guarantee,Problem2_13_k1000.dimacs,UNSAT,48.98
BSaLTic-DHf,guarantee,Problem2_13_k1000.dimacs,UNSAT,59.83
Kissat,guarantee,Problem2_13_k1000.dimacs,UNSAT,33.9233
MapleCOMSPS,guarantee,Problem2_13_k1000.dimacs,UNSAT,51.3
BSaLTic-EHf,guarantee,Problem2_13_k4000.dimacs,UNSAT,1167.91
BSaLTic-DHf,guarantee,Problem2_13_k4000.dimacs,UNSAT,1446.14
Kissat,guarantee,Problem2_13_k4000.dimacs,UNSAT,1129.29
MapleCOMSPS,guarantee,Problem2_13_k4000.dimacs,UNSAT,1165.2
BSaLTic-DHf,persistence,Problem2_15_k100.dimacs,SAT,2.59
BSaLTic-EHf,persistence,Problem2_15_k100.dimacs,SAT,2.59
Kissat,persistence,Problem2_15_k100.dimacs,SAT,1.62478
MapleCOMSPS,persistence,Problem2_15_k100.dimacs,SAT,3.45
BSaLTic-DHf,persistence,Problem2_15_k200.dimacs,SAT,23.44
BSaLTic-EHf,persistence,Problem2_15_k200.dimacs,SAT,12.58
Kissat,persistence,Problem2_15_k200.dimacs,SAT,31.3154
MapleCOMSPS,persistence,Problem2_15_k200.dimacs,SAT,24.83
BSaLTic-DHf,persistence,Problem2_15_k60.dimacs,SAT,1.7
BSaLTic-EHf,persistence,Problem2_15_k60.dimacs,SAT,1.51
Kissat,persistence,Problem2_15_k60.dimacs,SAT,0.893172
MapleCOMSPS,persistence,Problem2_15_k60.dimacs,SAT,1.6
BSaLTic-DHf,persistence,Problem2_2_k100.dimacs,UNSAT,10.03
BSaLTic-EHf,persistence,Problem2_2_k100.dimacs,UNSAT,16.31
Kissat,persistence,Problem2_2_k100.dimacs,UNSAT,1.57819
MapleCOMSPS,persistence,Problem2_2_k100.dimacs,UNSAT,15.85
BSaLTic-EHf,guarantee,Problem2_31_k1600.dimacs,SAT,14.82
BSaLTic-DHf,guarantee,Problem2_31_k1600.dimacs,SAT,22.07
Kissat,guarantee,Problem2_31_k1600.dimacs,SAT,55.6364
MapleCOMSPS,guarantee,Problem2_31_k1600.dimacs,SAT,14.9
BSaLTic-EHf,guarantee,Problem2_31_k2000.dimacs,SAT,23.95
BSaLTic-DHf,guarantee,Problem2_31_k2000.dimacs,SAT,20.37
Kissat,guarantee,Problem2_31_k2000.dimacs,SAT,89.158
MapleCOMSPS,guarantee,Problem2_31_k2000.dimacs,SAT,37.06
BSaLTic-EHf,guarantee,Problem2_31_k4000.dimacs,SAT,34.26
BSaLTic-DHf,guarantee,Problem2_31_k4000.dimacs,SAT,33.93
Kissat,guarantee,Problem2_31_k4000.dimacs,SAT,406.906
MapleCOMSPS,guarantee,Problem2_31_k4000.dimacs,SAT,51.78
BSaLTic-EHf,guarantee,Problem2_31_k6000.dimacs,SAT,48.82
BSaLTic-DHf,guarantee,Problem2_31_k6000.dimacs,SAT,46.95
Kissat,guarantee,Problem2_31_k6000.dimacs,SAT,862.585
MapleCOMSPS,guarantee,Problem2_31_k6000.dimacs,SAT,71.52
BSaLTic-EHf,guarantee,Problem2_32_k600.dimacs,SAT,143.03
BSaLTic-DHf,guarantee,Problem2_32_k600.dimacs,SAT,142.72
Kissat,guarantee,Problem2_32_k600.dimacs,SAT,20.0512
MapleCOMSPS,guarantee,Problem2_32_k600.dimacs,SAT,149.6
BSaLTic-DHf,recurrence,Problem2_35_k100.dimacs,SAT,41.68
BSaLTic-EHf,recurrence,Problem2_35_k100.dimacs,SAT,65.87
Kissat,recurrence,Problem2_35_k100.dimacs,SAT,4.19988
MapleCOMSPS,recurrence,Problem2_35_k100.dimacs,SAT,66.65
BSaLTic-DHf,recurrence,Problem2_35_k20.dimacs,SAT,0.29
BSaLTic-EHf,recurrence,Problem2_35_k20.dimacs,SAT,0.28
Kissat,recurrence,Problem2_35_k20.dimacs,SAT,0.091478
MapleCOMSPS,recurrence,Problem2_35_k20.dimacs,SAT,0.29
BSaLTic-DHf,recurrence,Problem2_35_k40.dimacs,SAT,1.02
BSaLTic-EHf,recurrence,Problem2_35_k40.dimacs,SAT,0.95
Kissat,recurrence,Problem2_35_k40.dimacs,SAT,0.165546
MapleCOMSPS,recurrence,Problem2_35_k40.dimacs,SAT,0.97
BSaLTic-DHf,persistence,Problem2_36_k60.dimacs,SAT,1.93
BSaLTic-EHf,persistence,Problem2_36_k60.dimacs,SAT,2.08
Kissat,persistence,Problem2_36_k60.dimacs,SAT,0.427821
MapleCOMSPS,persistence,Problem2_36_k60.dimacs,SAT,2.74
BSaLTic-EHf,guarantee,Problem2_40_k60.dimacs,SAT,10.27
BSaLTic-DHf,guarantee,Problem2_40_k60.dimacs,SAT,9.92
Kissat,guarantee,Problem2_40_k60.dimacs,SAT,0.362164
MapleCOMSPS,guarantee,Problem2_40_k60.dimacs,SAT,14.58
BSaLTic-EHf,guarantee,Problem2_41_k60.dimacs,UNSAT,10.25
BSaLTic-DHf,guarantee,Problem2_41_k60.dimacs,UNSAT,10.11
Kissat,guarantee,Problem2_41_k60.dimacs,UNSAT,1.68177
MapleCOMSPS,guarantee,Problem2_41_k60.dimacs,UNSAT,10.42
BSaLTic-DHf,recurrence,Problem2_42_k20.dimacs,UNSAT,0.39
BSaLTic-EHf,recurrence,Problem2_42_k20.dimacs,UNSAT,0.3
Kissat,recurrence,Problem2_42_k20.dimacs,UNSAT,0.162425
MapleCOMSPS,recurrence,Problem2_42_k20.dimacs,UNSAT,0.39
BSaLTic-DHf,recurrence,Problem2_42_k40.dimacs,UNSAT,1.28
BSaLTic-EHf,recurrence,Problem2_42_k40.dimacs,UNSAT,1.58
Kissat,recurrence,Problem2_42_k40.dimacs,UNSAT,1.20523
MapleCOMSPS,recurrence,Problem2_42_k40.dimacs,UNSAT,1.48
BSaLTic-DHf,recurrence,Problem2_42_k60.dimacs,UNSAT,4.77
BSaLTic-EHf,recurrence,Problem2_42_k60.dimacs,UNSAT,4.69
Kissat,recurrence,Problem2_42_k60.dimacs,UNSAT,3.6059
MapleCOMSPS,recurrence,Problem2_42_k60.dimacs,UNSAT,6.98
BSaLTic-EHf,guarantee,Problem2_43_k100.dimacs,SAT,67.85
BSaLTic-DHf,guarantee,Problem2_43_k100.dimacs,SAT,65.04
Kissat,guarantee,Problem2_43_k100.dimacs,SAT,6.40659
MapleCOMSPS,guarantee,Problem2_43_k100.dimacs,SAT,69.75
BSaLTic-DHf,obligation,Problem2_5_k100.dimacs,SAT,33.42
BSaLTic-EHf,obligation,Problem2_5_k100.dimacs,SAT,21.46
Kissat,obligation,Problem2_5_k100.dimacs,SAT,5.65717
MapleCOMSPS,obligation,Problem2_5_k100.dimacs,SAT,35.27
BSaLTic-DHf,obligation,Problem2_5_k20.dimacs,SAT,0.28
BSaLTic-EHf,obligation,Problem2_5_k20.dimacs,SAT,0.28
Kissat,obligation,Problem2_5_k20.dimacs,SAT,0.068287
MapleCOMSPS,obligation,Problem2_5_k20.dimacs,SAT,0.27
BSaLTic-DHf,persistence,Problem2_50_k100.dimacs,SAT,121.37
BSaLTic-EHf,persistence,Problem2_50_k100.dimacs,SAT,121.07
Kissat,persistence,Problem2_50_k100.dimacs,SAT,5.31865
MapleCOMSPS,persistence,Problem2_50_k100.dimacs,SAT,190.99
BSaLTic-DHf,persistence,Problem2_50_k60.dimacs,SAT,5.47
BSaLTic-EHf,persistence,Problem2_50_k60.dimacs,SAT,5.63
Kissat,persistence,Problem2_50_k60.dimacs,SAT,0.710118
MapleCOMSPS,persistence,Problem2_50_k60.dimacs,SAT,8.46
BSaLTic-DHf,persistence,Problem2-Full-1_k100.dimacs,SAT,1.52
BSaLTic-EHf,persistence,Problem2-Full-1_k100.dimacs,SAT,2.04
Kissat,persistence,Problem2-Full-1_k100.dimacs,SAT,0.697283
MapleCOMSPS,persistence,Problem2-Full-1_k100.dimacs,SAT,2.06
BSaLTic-DHf,recurrence,Problem2-Full-1_persistence_0.smv_k200.dimacs,SAT,98.18
BSaLTic-EHf,recurrence,Problem2-Full-1_persistence_0.smv_k200.dimacs,SAT,153.76
Kissat,recurrence,Problem2-Full-1_persistence_0.smv_k200.dimacs,SAT,3.11153
MapleCOMSPS,recurrence,Problem2-Full-1_persistence_0.smv_k200.dimacs,SAT,148.72
BSaLTic-DHf,safety,Problem3_0_guarantee_0.smv_k1000.dimacs,SAT,459.67
BSaLTic-EHf,safety,Problem3_0_guarantee_0.smv_k1000.dimacs,SAT,447.67
Kissat,safety,Problem3_0_guarantee_0.smv_k1000.dimacs,SAT,361.932
MapleCOMSPS,safety,Problem3_0_guarantee_0.smv_k1000.dimacs,SAT,337.7
BSaLTic-DHf,obligation,Problem3_0_obligation_0.smv_k40.dimacs,SAT,1.49
BSaLTic-EHf,obligation,Problem3_0_obligation_0.smv_k40.dimacs,SAT,1.65
Kissat,obligation,Problem3_0_obligation_0.smv_k40.dimacs,SAT,1.17898
MapleCOMSPS,obligation,Problem3_0_obligation_0.smv_k40.dimacs,SAT,1.96
BSaLTic-DHf,obligation,Problem3_0_obligation_0.smv_k80.dimacs,SAT,7.9
BSaLTic-EHf,obligation,Problem3_0_obligation_0.smv_k80.dimacs,SAT,5.16
Kissat,obligation,Problem3_0_obligation_0.smv_k80.dimacs,SAT,4.66082
MapleCOMSPS,obligation,Problem3_0_obligation_0.smv_k80.dimacs,SAT,7.74
BSaLTic-EHf,guarantee,Problem3_2_k4000.dimacs,SAT,4025.63
BSaLTic-DHf,guarantee,Problem3_2_k4000.dimacs,SAT,3748.56
Kissat,guarantee,Problem3_2_k4000.dimacs,SAT,2121.79
MapleCOMSPS,guarantee,Problem3_2_k4000.dimacs,SAT,5943.29
BSaLTic-EHf,guarantee,Problem3_2_k600.dimacs,SAT,90.04
BSaLTic-DHf,guarantee,Problem3_2_k600.dimacs,SAT,121.06
Kissat,guarantee,Problem3_2_k600.dimacs,SAT,39.6244
MapleCOMSPS,guarantee,Problem3_2_k600.dimacs,SAT,90.87
BSaLTic-EHf,guarantee,Problem3_2_k6000.dimacs,wall clock limit exceeded,7200.0
BSaLTic-DHf,guarantee,Problem3_2_k6000.dimacs,wall clock limit exceeded,7200.0
Kissat,guarantee,Problem3_2_k6000.dimacs,wall clock limit exceeded,7200.0
MapleCOMSPS,guarantee,Problem3_2_k6000.dimacs,wall clock limit exceeded,7200.0
BSaLTic-DHf,recurrence,Problem3_39_k100.dimacs,SAT,32.98
BSaLTic-EHf,recurrence,Problem3_39_k100.dimacs,SAT,31.0
Kissat,recurrence,Problem3_39_k100.dimacs,SAT,3.77898
MapleCOMSPS,recurrence,Problem3_39_k100.dimacs,SAT,48.58
BSaLTic-DHf,recurrence,Problem3_39_k20.dimacs,SAT,1.0
BSaLTic-EHf,recurrence,Problem3_39_k20.dimacs,SAT,1.12
Kissat,recurrence,Problem3_39_k20.dimacs,SAT,0.244517
MapleCOMSPS,recurrence,Problem3_39_k20.dimacs,SAT,1.25
BSaLTic-DHf,recurrence,Problem3_39_k40.dimacs,SAT,2.1
BSaLTic-EHf,recurrence,Problem3_39_k40.dimacs,SAT,2.19
Kissat,recurrence,Problem3_39_k40.dimacs,SAT,1.18247
MapleCOMSPS,recurrence,Problem3_39_k40.dimacs,SAT,2.82
BSaLTic-DHf,recurrence,Problem3_39_k60.dimacs,SAT,11.83
BSaLTic-EHf,recurrence,Problem3_39_k60.dimacs,SAT,7.82
Kissat,recurrence,Problem3_39_k60.dimacs,SAT,5.39171
MapleCOMSPS,recurrence,Problem3_39_k60.dimacs,SAT,12.2
BSaLTic-DHf,persistence,Problem3_6_k100.dimacs,SAT,16.01
BSaLTic-EHf,persistence,Problem3_6_k100.dimacs,SAT,7.75
Kissat,persistence,Problem3_6_k100.dimacs,SAT,3.47305
MapleCOMSPS,persistence,Problem3_6_k100.dimacs,SAT,14.13
BSaLTic-DHf,persistence,Problem3_6_k200.dimacs,SAT,60.41
BSaLTic-EHf,persistence,Problem3_6_k200.dimacs,SAT,85.74
Kissat,persistence,Problem3_6_k200.dimacs,SAT,9.53319
MapleCOMSPS,persistence,Problem3_6_k200.dimacs,SAT,90.62
BSaLTic-EHf,guarantee,Problem3_62_k600.dimacs,UNSAT,88.9
BSaLTic-DHf,guarantee,Problem3_62_k600.dimacs,UNSAT,75.97
Kissat,guarantee,Problem3_62_k600.dimacs,UNSAT,83.9864
MapleCOMSPS,guarantee,Problem3_62_k600.dimacs,UNSAT,86.69
BSaLTic-EHf,guarantee,Problem3_70_k100.dimacs,UNSAT,49.21
BSaLTic-DHf,guarantee,Problem3_70_k100.dimacs,UNSAT,49.96
Kissat,guarantee,Problem3_70_k100.dimacs,UNSAT,25.4706
MapleCOMSPS,guarantee,Problem3_70_k100.dimacs,UNSAT,74.58
BSaLTic-EHf,guarantee,Problem3_70_k200.dimacs,UNSAT,1902.42
BSaLTic-DHf,guarantee,Problem3_70_k200.dimacs,UNSAT,1969.16
Kissat,guarantee,Problem3_70_k200.dimacs,UNSAT,465.511
MapleCOMSPS,guarantee,Problem3_70_k200.dimacs,UNSAT,2691.92
BSaLTic-EHf,guarantee,Problem3_80_k60.dimacs,UNSAT,12.53
BSaLTic-DHf,guarantee,Problem3_80_k60.dimacs,UNSAT,12.85
Kissat,guarantee,Problem3_80_k60.dimacs,UNSAT,3.36957
MapleCOMSPS,guarantee,Problem3_80_k60.dimacs,UNSAT,13.03
BSaLTic-EHf,guarantee,Problem3_90_k100.dimacs,UNSAT,2600.2
BSaLTic-DHf,guarantee,Problem3_90_k100.dimacs,UNSAT,2590.13
Kissat,guarantee,Problem3_90_k100.dimacs,UNSAT,31.2491
MapleCOMSPS,guarantee,Problem3_90_k100.dimacs,UNSAT,2602.97
BSaLTic-DHf,reactivity,Problem3-Full_reactivity_0.smv_k200.dimacs,UNSAT,72.97
BSaLTic-EHf,reactivity,Problem3-Full_reactivity_0.smv_k200.dimacs,UNSAT,72.8
Kissat,reactivity,Problem3-Full_reactivity_0.smv_k200.dimacs,UNSAT,29.8702
MapleCOMSPS,reactivity,Problem3-Full_reactivity_0.smv_k200.dimacs,UNSAT,73.01
BSaLTic-DHf,reactivity,Problem3-Full_reactivity_0.smv_k80.dimacs,UNSAT,3.06
BSaLTic-EHf,reactivity,Problem3-Full_reactivity_0.smv_k80.dimacs,UNSAT,3.2
Kissat,reactivity,Problem3-Full_reactivity_0.smv_k80.dimacs,UNSAT,1.89156
MapleCOMSPS,reactivity,Problem3-Full_reactivity_0.smv_k80.dimacs,UNSAT,3.23
BSaLTic-DHf,obligation,Problem3-Full-1_obligation_0.smv_k100.dimacs,SAT,11.94
BSaLTic-EHf,obligation,Problem3-Full-1_obligation_0.smv_k100.dimacs,SAT,11.94
Kissat,obligation,Problem3-Full-1_obligation_0.smv_k100.dimacs,SAT,1.48848
MapleCOMSPS,obligation,Problem3-Full-1_obligation_0.smv_k100.dimacs,SAT,19.31
BSaLTic-DHf,obligation,Problem3-Full-1_obligation_0.smv_k200.dimacs,SAT,411.76
BSaLTic-EHf,obligation,Problem3-Full-1_obligation_0.smv_k200.dimacs,SAT,251.19
Kissat,obligation,Problem3-Full-1_obligation_0.smv_k200.dimacs,SAT,22.0965
MapleCOMSPS,obligation,Problem3-Full-1_obligation_0.smv_k200.dimacs,SAT,410.62
BSaLTic-DHf,obligation,Problem3-Full-1_obligation_0.smv_k40.dimacs,SAT,1.49
BSaLTic-EHf,obligation,Problem3-Full-1_obligation_0.smv_k40.dimacs,SAT,1.54
Kissat,obligation,Problem3-Full-1_obligation_0.smv_k40.dimacs,SAT,1.12047
MapleCOMSPS,obligation,Problem3-Full-1_obligation_0.smv_k40.dimacs,SAT,1.94
BSaLTic-DHf,obligation,Problem3-Full-1_obligation_0.smv_k400.dimacs,SAT,7037.6
BSaLTic-EHf,obligation,Problem3-Full-1_obligation_0.smv_k400.dimacs,SAT,7018.38
Kissat,obligation,Problem3-Full-1_obligation_0.smv_k400.dimacs,SAT,125.406
MapleCOMSPS,obligation,Problem3-Full-1_obligation_0.smv_k400.dimacs,wall clock limit exceeded,7200.0
BSaLTic-DHf,obligation,Problem3-Full-1_obligation_0.smv_k80.dimacs,SAT,4.9
BSaLTic-EHf,obligation,Problem3-Full-1_obligation_0.smv_k80.dimacs,SAT,5.04
Kissat,obligation,Problem3-Full-1_obligation_0.smv_k80.dimacs,SAT,1.73371
MapleCOMSPS,obligation,Problem3-Full-1_obligation_0.smv_k80.dimacs,SAT,7.61
BSaLTic-DHf,recurrence,Problem3-Full-1_persistence_0.smv_k400.dimacs,SAT,67.15
BSaLTic-EHf,recurrence,Problem3-Full-1_persistence_0.smv_k400.dimacs,SAT,67.3
Kissat,recurrence,Problem3-Full-1_persistence_0.smv_k400.dimacs,SAT,21.3396
MapleCOMSPS,recurrence,Problem3-Full-1_persistence_0.smv_k400.dimacs,SAT,122.18
BSaLTic-DHf,reactivity,Problem4-Full_reactivity_0.smv_k40.dimacs,wall clock limit exceeded,7200.0
BSaLTic-EHf,reactivity,Problem4-Full_reactivity_0.smv_k40.dimacs,wall clock limit exceeded,7200.0
Kissat,reactivity,Problem4-Full_reactivity_0.smv_k40.dimacs,SAT,83.7414
MapleCOMSPS,reactivity,Problem4-Full_reactivity_0.smv_k40.dimacs,wall clock limit exceeded,7200.0
BSaLTic-DHf,safety,Problem4-Full-1_guarantee_0.smv_k40.dimacs,wall clock limit exceeded,7200.0
BSaLTic-EHf,safety,Problem4-Full-1_guarantee_0.smv_k40.dimacs,wall clock limit exceeded,7200.0
Kissat,safety,Problem4-Full-1_guarantee_0.smv_k40.dimacs,SAT,31.7818
MapleCOMSPS,safety,Problem4-Full-1_guarantee_0.smv_k40.dimacs,wall clock limit exceeded,7200.0
BSaLTic-DHf,obligation,Problem4-Full-1_obligation_0.smv_k40.dimacs,wall clock limit exceeded,7200.0
BSaLTic-EHf,obligation,Problem4-Full-1_obligation_0.smv_k40.dimacs,wall clock limit exceeded,7200.0
Kissat,obligation,Problem4-Full-1_obligation_0.smv_k40.dimacs,SAT,8.55263
MapleCOMSPS,obligation,Problem4-Full-1_obligation_0.smv_k40.dimacs,wall clock limit exceeded,7200.0
BSaLTic-DHf,obligation,Problem4-Full-1_obligation_0.smv_k80.dimacs,wall clock limit exceeded,7200.0
BSaLTic-EHf,obligation,Problem4-Full-1_obligation_0.smv_k80.dimacs,wall clock limit exceeded,7200.0
Kissat,obligation,Problem4-Full-1_obligation_0.smv_k80.dimacs,SAT,43.829
MapleCOMSPS,obligation,Problem4-Full-1_obligation_0.smv_k80.dimacs,wall clock limit exceeded,7200.0
BSaLTic-DHf,recurrence,prod-cons_neg.smv_k1000.dimacs,SAT,99.55
BSaLTic-EHf,recurrence,prod-cons_neg.smv_k1000.dimacs,SAT,74.32
Kissat,recurrence,prod-cons_neg.smv_k1000.dimacs,SAT,83.3217
MapleCOMSPS,recurrence,prod-cons_neg.smv_k1000.dimacs,SAT,111.87
BSaLTic-DHf,recurrence,prod-cons_neg.smv_k1200.dimacs,SAT,95.27
BSaLTic-EHf,recurrence,prod-cons_neg.smv_k1200.dimacs,SAT,152.62
Kissat,recurrence,prod-cons_neg.smv_k1200.dimacs,SAT,90.33
MapleCOMSPS,recurrence,prod-cons_neg.smv_k1200.dimacs,SAT,215.44
BSaLTic-DHf,recurrence,prod-cons_neg.smv_k600.dimacs,SAT,22.1
BSaLTic-EHf,recurrence,prod-cons_neg.smv_k600.dimacs,SAT,21.8
Kissat,recurrence,prod-cons_neg.smv_k600.dimacs,SAT,14.4293
MapleCOMSPS,recurrence,prod-cons_neg.smv_k600.dimacs,SAT,25.23
BSaLTic-DHf,recurrence,prod-cons_neg.smv_k800.dimacs,SAT,39.25
BSaLTic-EHf,recurrence,prod-cons_neg.smv_k800.dimacs,SAT,43.24
Kissat,recurrence,prod-cons_neg.smv_k800.dimacs,SAT,28.9176
MapleCOMSPS,recurrence,prod-cons_neg.smv_k800.dimacs,SAT,84.22
BSaLTic-EHf,guarantee,production-cell_safety_0.smv_k6000.dimacs,SAT,5.68
BSaLTic-DHf,guarantee,production-cell_safety_0.smv_k6000.dimacs,SAT,5.95
Kissat,guarantee,production-cell_safety_0.smv_k6000.dimacs,SAT,3.10378
MapleCOMSPS,guarantee,production-cell_safety_0.smv_k6000.dimacs,SAT,5.66
BSaLTic-EHf,guarantee,queue_k100.dimacs,UNSAT,1447.02
BSaLTic-DHf,guarantee,queue_k100.dimacs,UNSAT,1943.97
Kissat,guarantee,queue_k100.dimacs,UNSAT,378.609
MapleCOMSPS,guarantee,queue_k100.dimacs,UNSAT,2045.73
BSaLTic-EHf,guarantee,queue_k200.dimacs,UNSAT,5625.97
BSaLTic-DHf,guarantee,queue_k200.dimacs,UNSAT,5558.57
Kissat,guarantee,queue_k200.dimacs,UNSAT,589.202
MapleCOMSPS,guarantee,queue_k200.dimacs,UNSAT,5102.6
BSaLTic-EHf,guarantee,queue_k60.dimacs,UNSAT,745.27
BSaLTic-DHf,guarantee,queue_k60.dimacs,UNSAT,656.05
Kissat,guarantee,queue_k60.dimacs,UNSAT,169.935
MapleCOMSPS,guarantee,queue_k60.dimacs,UNSAT,713.86
BSaLTic-DHf,safety,queue_neg.smv_k1600.dimacs,SAT,6365.94
BSaLTic-EHf,safety,queue_neg.smv_k1600.dimacs,wall clock limit exceeded,7200.0
Kissat,safety,queue_neg.smv_k1600.dimacs,SAT,4529.77
MapleCOMSPS,safety,queue_neg.smv_k1600.dimacs,SAT,4461.69
BSaLTic-DHf,safety,queue_neg.smv_k4000.dimacs,wall clock limit exceeded,7200.0
BSaLTic-EHf,safety,queue_neg.smv_k4000.dimacs,wall clock limit exceeded,7200.0
Kissat,safety,queue_neg.smv_k4000.dimacs,SAT,6096.08
MapleCOMSPS,safety,queue_neg.smv_k4000.dimacs,wall clock limit exceeded,7200.0
BSaLTic-DHf,obligation,queue_obligation_0.smv_k40.dimacs,SAT,0.26
BSaLTic-EHf,obligation,queue_obligation_0.smv_k40.dimacs,SAT,0.23
Kissat,obligation,queue_obligation_0.smv_k40.dimacs,SAT,0.08502
MapleCOMSPS,obligation,queue_obligation_0.smv_k40.dimacs,SAT,0.27
BSaLTic-DHf,obligation,queue_obligation_0.smv_k400.dimacs,SAT,74.96
BSaLTic-EHf,obligation,queue_obligation_0.smv_k400.dimacs,SAT,109.05
Kissat,obligation,queue_obligation_0.smv_k400.dimacs,SAT,3.52812
MapleCOMSPS,obligation,queue_obligation_0.smv_k400.dimacs,SAT,34.41
BSaLTic-DHf,obligation,queue_obligation_0.smv_k80.dimacs,SAT,1.69
BSaLTic-EHf,obligation,queue_obligation_0.smv_k80.dimacs,SAT,2.16
Kissat,obligation,queue_obligation_0.smv_k80.dimacs,SAT,0.291282
MapleCOMSPS,obligation,queue_obligation_0.smv_k80.dimacs,SAT,2.25
BSaLTic-DHf,recurrence,queue_persistence_0.smv_k1000.dimacs,SAT,1352.66
BSaLTic-EHf,recurrence,queue_persistence_0.smv_k1000.dimacs,SAT,1486.52
Kissat,recurrence,queue_persistence_0.smv_k1000.dimacs,SAT,1255.97
MapleCOMSPS,recurrence,queue_persistence_0.smv_k1000.dimacs,SAT,1817.79
BSaLTic-DHf,recurrence,queue_persistence_0.smv_k2000.dimacs,wall clock limit exceeded,7200.0
BSaLTic-EHf,recurrence,queue_persistence_0.smv_k2000.dimacs,wall clock limit exceeded,7200.0
Kissat,recurrence,queue_persistence_0.smv_k2000.dimacs,SAT,2881.45
MapleCOMSPS,recurrence,queue_persistence_0.smv_k2000.dimacs,wall clock limit exceeded,7200.0
BSaLTic-DHf,recurrence,queue_persistence_0.smv_k600.dimacs,SAT,434.51
BSaLTic-EHf,recurrence,queue_persistence_0.smv_k600.dimacs,SAT,257.92
Kissat,recurrence,queue_persistence_0.smv_k600.dimacs,SAT,10.7821
MapleCOMSPS,recurrence,queue_persistence_0.smv_k600.dimacs,SAT,58.09
BSaLTic-DHf,reactivity,queue_reactivity_0.smv_k100.dimacs,SAT,4.93
BSaLTic-EHf,reactivity,queue_reactivity_0.smv_k100.dimacs,SAT,3.18
Kissat,reactivity,queue_reactivity_0.smv_k100.dimacs,SAT,0.558277
MapleCOMSPS,reactivity,queue_reactivity_0.smv_k100.dimacs,SAT,3.32
BSaLTic-DHf,reactivity,queue_reactivity_0.smv_k200.dimacs,SAT,32.69
BSaLTic-EHf,reactivity,queue_reactivity_0.smv_k200.dimacs,SAT,33.12
Kissat,reactivity,queue_reactivity_0.smv_k200.dimacs,SAT,5.35449
MapleCOMSPS,reactivity,queue_reactivity_0.smv_k200.dimacs,SAT,33.52
BSaLTic-EHf,guarantee,queue_safety_0.smv_k1000.dimacs,SAT,1416.5
BSaLTic-DHf,guarantee,queue_safety_0.smv_k1000.dimacs,SAT,425.3
Kissat,guarantee,queue_safety_0.smv_k1000.dimacs,SAT,624.608
MapleCOMSPS,guarantee,queue_safety_0.smv_k1000.dimacs,SAT,1308.6
BSaLTic-EHf,guarantee,queue_safety_0.smv_k2000.dimacs,wall clock limit exceeded,7200.0
BSaLTic-DHf,guarantee,queue_safety_0.smv_k2000.dimacs,wall clock limit exceeded,7200.0
Kissat,guarantee,queue_safety_0.smv_k2000.dimacs,SAT,461.484
MapleCOMSPS,guarantee,queue_safety_0.smv_k2000.dimacs,wall clock limit exceeded,7200.0
BSaLTic-EHf,guarantee,queue_safety_0.smv_k600.dimacs,SAT,192.59
BSaLTic-DHf,guarantee,queue_safety_0.smv_k600.dimacs,SAT,186.47
Kissat,guarantee,queue_safety_0.smv_k600.dimacs,SAT,15.1452
MapleCOMSPS,guarantee,queue_safety_0.smv_k600.dimacs,SAT,184.3
BSaLTic-DHf,persistence,ring_neg.smv_k1200.dimacs,UNSAT,132.19
BSaLTic-EHf,persistence,ring_neg.smv_k1200.dimacs,UNSAT,74.85
Kissat,persistence,ring_neg.smv_k1200.dimacs,UNSAT,80.8478
MapleCOMSPS,persistence,ring_neg.smv_k1200.dimacs,UNSAT,105.42
BSaLTic-DHf,persistence,ring_neg.smv_k60.dimacs,UNSAT,0.19
BSaLTic-EHf,persistence,ring_neg.smv_k60.dimacs,UNSAT,0.19
Kissat,persistence,ring_neg.smv_k60.dimacs,UNSAT,0.078799
MapleCOMSPS,persistence,ring_neg.smv_k60.dimacs,UNSAT,0.19
BSaLTic-DHf,obligation,robot_obligation_0.smv_k100.dimacs,UNSAT,0.22
BSaLTic-EHf,obligation,robot_obligation_0.smv_k100.dimacs,UNSAT,0.2
Kissat,obligation,robot_obligation_0.smv_k100.dimacs,UNSAT,0.105323
MapleCOMSPS,obligation,robot_obligation_0.smv_k100.dimacs,UNSAT,0.22
BSaLTic-DHf,obligation,robot_obligation_0.smv_k1000.dimacs,UNSAT,1.68
BSaLTic-EHf,obligation,robot_obligation_0.smv_k1000.dimacs,UNSAT,2.07
Kissat,obligation,robot_obligation_0.smv_k1000.dimacs,UNSAT,0.897552
MapleCOMSPS,obligation,robot_obligation_0.smv_k1000.dimacs,UNSAT,2.25
BSaLTic-DHf,obligation,robot_obligation_0.smv_k200.dimacs,UNSAT,0.4
BSaLTic-EHf,obligation,robot_obligation_0.smv_k200.dimacs,UNSAT,0.4
Kissat,obligation,robot_obligation_0.smv_k200.dimacs,UNSAT,0.188787
MapleCOMSPS,obligation,robot_obligation_0.smv_k200.dimacs,UNSAT,0.44
BSaLTic-DHf,obligation,robot_obligation_0.smv_k40.dimacs,UNSAT,0.09
BSaLTic-EHf,obligation,robot_obligation_0.smv_k40.dimacs,UNSAT,0.06
Kissat,obligation,robot_obligation_0.smv_k40.dimacs,UNSAT,0.04074
MapleCOMSPS,obligation,robot_obligation_0.smv_k40.dimacs,UNSAT,0.08
BSaLTic-DHf,obligation,robot_obligation_0.smv_k800.dimacs,UNSAT,1.39
BSaLTic-EHf,obligation,robot_obligation_0.smv_k800.dimacs,UNSAT,1.62
Kissat,obligation,robot_obligation_0.smv_k800.dimacs,UNSAT,0.784173
MapleCOMSPS,obligation,robot_obligation_0.smv_k800.dimacs,UNSAT,1.83
BSaLTic-DHf,reactivity,robot_reactivity_0.smv_k400.dimacs,UNSAT,1.06
BSaLTic-EHf,reactivity,robot_reactivity_0.smv_k400.dimacs,UNSAT,0.22
Kissat,reactivity,robot_reactivity_0.smv_k400.dimacs,UNSAT,0.185447
MapleCOMSPS,reactivity,robot_reactivity_0.smv_k400.dimacs,UNSAT,1.12
BSaLTic-EHf,guarantee,schedule_world.1_neg.smv_k1000.dimacs,SAT,2135.66
BSaLTic-DHf,guarantee,schedule_world.1_neg.smv_k1000.dimacs,SAT,2478.96
Kissat,guarantee,schedule_world.1_neg.smv_k1000.dimacs,SAT,3608.28
MapleCOMSPS,guarantee,schedule_world.1_neg.smv_k1000.dimacs,SAT,2894.12
BSaLTic-EHf,guarantee,schedule_world.1_neg.smv_k1600.dimacs,wall clock limit exceeded,7200.0
BSaLTic-DHf,guarantee,schedule_world.1_neg.smv_k1600.dimacs,SAT,6329.07
Kissat,guarantee,schedule_world.1_neg.smv_k1600.dimacs,SAT,6407.74
MapleCOMSPS,guarantee,schedule_world.1_neg.smv_k1600.dimacs,wall clock limit exceeded,7200.0
BSaLTic-EHf,guarantee,schedule_world.1_neg.smv_k200.dimacs,SAT,70.04
BSaLTic-DHf,guarantee,schedule_world.1_neg.smv_k200.dimacs,SAT,168.02
Kissat,guarantee,schedule_world.1_neg.smv_k200.dimacs,SAT,241.422
MapleCOMSPS,guarantee,schedule_world.1_neg.smv_k200.dimacs,SAT,68.93
BSaLTic-DHf,recurrence,schedule_world.2_persistence_0.smv_k600.dimacs,SAT,1786.82
BSaLTic-EHf,recurrence,schedule_world.2_persistence_0.smv_k600.dimacs,SAT,2440.56
Kissat,recurrence,schedule_world.2_persistence_0.smv_k600.dimacs,SAT,4903.66
MapleCOMSPS,recurrence,schedule_world.2_persistence_0.smv_k600.dimacs,SAT,90.05
BSaLTic-DHf,recurrence,schedule_world.2_persistence_0.smv_k800.dimacs,SAT,4312.73
BSaLTic-EHf,recurrence,schedule_world.2_persistence_0.smv_k800.dimacs,SAT,4206.78
Kissat,recurrence,schedule_world.2_persistence_0.smv_k800.dimacs,SAT,4691.69
MapleCOMSPS,recurrence,schedule_world.2_persistence_0.smv_k800.dimacs,wall clock limit exceeded,7200.0
BSaLTic-DHf,reactivity,schedule_world.2_reactivity_0.smv_k100.dimacs,SAT,8.39
BSaLTic-EHf,reactivity,schedule_world.2_reactivity_0.smv_k100.dimacs,SAT,12.26
Kissat,reactivity,schedule_world.2_reactivity_0.smv_k100.dimacs,SAT,20.6167
MapleCOMSPS,reactivity,schedule_world.2_reactivity_0.smv_k100.dimacs,SAT,18.71
BSaLTic-DHf,reactivity,schedule_world.2_reactivity_0.smv_k200.dimacs,SAT,67.3
BSaLTic-EHf,reactivity,schedule_world.2_reactivity_0.smv_k200.dimacs,SAT,107.86
Kissat,reactivity,schedule_world.2_reactivity_0.smv_k200.dimacs,SAT,20.8694
MapleCOMSPS,reactivity,schedule_world.2_reactivity_0.smv_k200.dimacs,SAT,123.78
BSaLTic-DHf,reactivity,schedule_world.2_reactivity_0.smv_k40.dimacs,UNSAT,3.04
BSaLTic-EHf,reactivity,schedule_world.2_reactivity_0.smv_k40.dimacs,UNSAT,2.17
Kissat,reactivity,schedule_world.2_reactivity_0.smv_k40.dimacs,UNSAT,0.848951
MapleCOMSPS,reactivity,schedule_world.2_reactivity_0.smv_k40.dimacs,UNSAT,3.03
BSaLTic-EHf,guarantee,schedule_world.2_safety_0.smv_k1000.dimacs,SAT,28.2
BSaLTic-DHf,guarantee,schedule_world.2_safety_0.smv_k1000.dimacs,SAT,27.3
Kissat,guarantee,schedule_world.2_safety_0.smv_k1000.dimacs,SAT,5196.85
MapleCOMSPS,guarantee,schedule_world.2_safety_0.smv_k1000.dimacs,SAT,27.91
BSaLTic-EHf,guarantee,schedule_world.2_safety_0.smv_k2000.dimacs,wall clock limit exceeded,7200.0
BSaLTic-DHf,guarantee,schedule_world.2_safety_0.smv_k2000.dimacs,wall clock limit exceeded,7200.0
Kissat,guarantee,schedule_world.2_safety_0.smv_k2000.dimacs,wall clock limit exceeded,7200.02
MapleCOMSPS,guarantee,schedule_world.2_safety_0.smv_k2000.dimacs,wall clock limit exceeded,7200.0
BSaLTic-EHf,guarantee,schedule_world.2_safety_0.smv_k400.dimacs,SAT,347.56
BSaLTic-DHf,guarantee,schedule_world.2_safety_0.smv_k400.dimacs,SAT,92.38
Kissat,guarantee,schedule_world.2_safety_0.smv_k400.dimacs,SAT,845.393
MapleCOMSPS,guarantee,schedule_world.2_safety_0.smv_k400.dimacs,SAT,335.9
BSaLTic-DHf,safety,schedule_world.3_guarantee_0.smv_k1000.dimacs,wall clock limit exceeded,7200.0
BSaLTic-EHf,safety,schedule_world.3_guarantee_0.smv_k1000.dimacs,wall clock limit exceeded,7200.0
Kissat,safety,schedule_world.3_guarantee_0.smv_k1000.dimacs,wall clock limit exceeded,7200.02
MapleCOMSPS,safety,schedule_world.3_guarantee_0.smv_k1000.dimacs,wall clock limit exceeded,7200.0
BSaLTic-DHf,safety,schedule_world.3_guarantee_0.smv_k400.dimacs,SAT,1407.32
BSaLTic-EHf,safety,schedule_world.3_guarantee_0.smv_k400.dimacs,SAT,4347.17
Kissat,safety,schedule_world.3_guarantee_0.smv_k400.dimacs,SAT,2607.07
MapleCOMSPS,safety,schedule_world.3_guarantee_0.smv_k400.dimacs,SAT,167.24
BSaLTic-DHf,safety,schedule_world.3_guarantee_0.smv_k600.dimacs,SAT,395.04
BSaLTic-EHf,safety,schedule_world.3_guarantee_0.smv_k600.dimacs,SAT,4684.15
Kissat,safety,schedule_world.3_guarantee_0.smv_k600.dimacs,wall clock limit exceeded,7200.02
MapleCOMSPS,safety,schedule_world.3_guarantee_0.smv_k600.dimacs,SAT,5258.87
BSaLTic-DHf,safety,schedule_world.3_guarantee_0.smv_k800.dimacs,wall clock limit exceeded,7200.0
BSaLTic-EHf,safety,schedule_world.3_guarantee_0.smv_k800.dimacs,wall clock limit exceeded,7200.0
Kissat,safety,schedule_world.3_guarantee_0.smv_k800.dimacs,wall clock limit exceeded,7200.02
MapleCOMSPS,safety,schedule_world.3_guarantee_0.smv_k800.dimacs,wall clock limit exceeded,7200.0
BSaLTic-EHf,guarantee,schedule_world.3_neg.smv_k1600.dimacs,wall clock limit exceeded,7200.0
BSaLTic-DHf,guarantee,schedule_world.3_neg.smv_k1600.dimacs,wall clock limit exceeded,7200.0
Kissat,guarantee,schedule_world.3_neg.smv_k1600.dimacs,wall clock limit exceeded,7200.02
MapleCOMSPS,guarantee,schedule_world.3_neg.smv_k1600.dimacs,wall clock limit exceeded,7200.0
BSaLTic-EHf,guarantee,schedule_world.3_neg.smv_k600.dimacs,SAT,21.09
BSaLTic-DHf,guarantee,schedule_world.3_neg.smv_k600.dimacs,SAT,30.51
Kissat,guarantee,schedule_world.3_neg.smv_k600.dimacs,SAT,5590.15
MapleCOMSPS,guarantee,schedule_world.3_neg.smv_k600.dimacs,SAT,20.0
BSaLTic-EHf,guarantee,schedule_world.3_neg.smv_k800.dimacs,SAT,27.74
BSaLTic-DHf,guarantee,schedule_world.3_neg.smv_k800.dimacs,SAT,27.95
Kissat,guarantee,schedule_world.3_neg.smv_k800.dimacs,SAT,5205.94
MapleCOMSPS,guarantee,schedule_world.3_neg.smv_k800.dimacs,SAT,27.95
BSaLTic-DHf,recurrence,schedule_world.3_persistence_0.smv_k400.dimacs,SAT,822.92
BSaLTic-EHf,recurrence,schedule_world.3_persistence_0.smv_k400.dimacs,SAT,417.64
Kissat,recurrence,schedule_world.3_persistence_0.smv_k400.dimacs,SAT,2655.8
MapleCOMSPS,recurrence,schedule_world.3_persistence_0.smv_k400.dimacs,SAT,2604.44
BSaLTic-DHf,recurrence,schedule_world.3_persistence_0.smv_k600.dimacs,SAT,6486.6
BSaLTic-EHf,recurrence,schedule_world.3_persistence_0.smv_k600.dimacs,SAT,3990.01
Kissat,recurrence,schedule_world.3_persistence_0.smv_k600.dimacs,SAT,5591.48
MapleCOMSPS,recurrence,schedule_world.3_persistence_0.smv_k600.dimacs,SAT,133.93
BSaLTic-DHf,recurrence,schedule_world.3_persistence_0.smv_k800.dimacs,wall clock limit exceeded,7200.0
BSaLTic-EHf,recurrence,schedule_world.3_persistence_0.smv_k800.dimacs,SAT,65.36
Kissat,recurrence,schedule_world.3_persistence_0.smv_k800.dimacs,wall clock limit exceeded,7200.0
MapleCOMSPS,recurrence,schedule_world.3_persistence_0.smv_k800.dimacs,wall clock limit exceeded,7200.0
BSaLTic-DHf,reactivity,schedule_world.3_reactivity_0.smv_k100.dimacs,SAT,13.7
BSaLTic-EHf,reactivity,schedule_world.3_reactivity_0.smv_k100.dimacs,SAT,12.71
Kissat,reactivity,schedule_world.3_reactivity_0.smv_k100.dimacs,SAT,0.4567
MapleCOMSPS,reactivity,schedule_world.3_reactivity_0.smv_k100.dimacs,SAT,12.42
BSaLTic-DHf,reactivity,schedule_world.3_reactivity_0.smv_k200.dimacs,SAT,48.7
BSaLTic-EHf,reactivity,schedule_world.3_reactivity_0.smv_k200.dimacs,SAT,153.95
Kissat,reactivity,schedule_world.3_reactivity_0.smv_k200.dimacs,SAT,1122.77
MapleCOMSPS,reactivity,schedule_world.3_reactivity_0.smv_k200.dimacs,SAT,238.88
BSaLTic-DHf,reactivity,schedule_world.3_reactivity_0.smv_k80.dimacs,SAT,2.36
BSaLTic-EHf,reactivity,schedule_world.3_reactivity_0.smv_k80.dimacs,SAT,1.58
Kissat,reactivity,schedule_world.3_reactivity_0.smv_k80.dimacs,SAT,119.833
MapleCOMSPS,reactivity,schedule_world.3_reactivity_0.smv_k80.dimacs,SAT,1.6
BSaLTic-DHf,persistence,semaphore_k1000.dimacs,SAT,10.81
BSaLTic-EHf,persistence,semaphore_k1000.dimacs,SAT,10.93
Kissat,persistence,semaphore_k1000.dimacs,SAT,7.41008
MapleCOMSPS,persistence,semaphore_k1000.dimacs,SAT,15.48
BSaLTic-DHf,persistence,semaphore_k1400.dimacs,SAT,19.63
BSaLTic-EHf,persistence,semaphore_k1400.dimacs,SAT,29.36
Kissat,persistence,semaphore_k1400.dimacs,SAT,368.689
MapleCOMSPS,persistence,semaphore_k1400.dimacs,SAT,32.23
BSaLTic-DHf,persistence,semaphore_k200.dimacs,SAT,0.36
BSaLTic-EHf,persistence,semaphore_k200.dimacs,SAT,0.25
Kissat,persistence,semaphore_k200.dimacs,SAT,0.344656
MapleCOMSPS,persistence,semaphore_k200.dimacs,SAT,0.29
BSaLTic-DHf,persistence,semaphore_k400.dimacs,SAT,1.79
BSaLTic-EHf,persistence,semaphore_k400.dimacs,SAT,1.7
Kissat,persistence,semaphore_k400.dimacs,SAT,15.7045
MapleCOMSPS,persistence,semaphore_k400.dimacs,SAT,2.27
BSaLTic-DHf,recurrence,semaphore_neg.smv_k1200.dimacs,SAT,147.22
BSaLTic-EHf,recurrence,semaphore_neg.smv_k1200.dimacs,SAT,220.96
Kissat,recurrence,semaphore_neg.smv_k1200.dimacs,SAT,1.31936
MapleCOMSPS,recurrence,semaphore_neg.smv_k1200.dimacs,SAT,217.04
BSaLTic-DHf,recurrence,semaphore_neg.smv_k1600.dimacs,SAT,355.86
BSaLTic-EHf,recurrence,semaphore_neg.smv_k1600.dimacs,SAT,339.46
Kissat,recurrence,semaphore_neg.smv_k1600.dimacs,SAT,41.7243
MapleCOMSPS,recurrence,semaphore_neg.smv_k1600.dimacs,SAT,539.79
BSaLTic-DHf,recurrence,semaphore_neg.smv_k20.dimacs,SAT,0.01
BSaLTic-EHf,recurrence,semaphore_neg.smv_k20.dimacs,SAT,0.01
Kissat,recurrence,semaphore_neg.smv_k20.dimacs,SAT,0.013094
MapleCOMSPS,recurrence,semaphore_neg.smv_k20.dimacs,SAT,0.01
BSaLTic-DHf,recurrence,semaphore_neg.smv_k600.dimacs,SAT,18.48
BSaLTic-EHf,recurrence,semaphore_neg.smv_k600.dimacs,SAT,17.51
Kissat,recurrence,semaphore_neg.smv_k600.dimacs,SAT,0.57044
MapleCOMSPS,recurrence,semaphore_neg.smv_k600.dimacs,SAT,28.14
BSaLTic-DHf,recurrence,semaphore_neg.smv_k800.dimacs,SAT,41.27
BSaLTic-EHf,recurrence,semaphore_neg.smv_k800.dimacs,SAT,62.04
Kissat,recurrence,semaphore_neg.smv_k800.dimacs,SAT,54.0116
MapleCOMSPS,recurrence,semaphore_neg.smv_k800.dimacs,SAT,61.89
BSaLTic-DHf,persistence,short_k1000.dimacs,UNSAT,17.59
BSaLTic-EHf,persistence,short_k1000.dimacs,UNSAT,17.64
Kissat,persistence,short_k1000.dimacs,UNSAT,69.5842
MapleCOMSPS,persistence,short_k1000.dimacs,UNSAT,30.68
BSaLTic-DHf,persistence,short_k400.dimacs,UNSAT,1.3
BSaLTic-EHf,persistence,short_k400.dimacs,UNSAT,1.04
Kissat,persistence,short_k400.dimacs,UNSAT,3.02154
MapleCOMSPS,persistence,short_k400.dimacs,UNSAT,1.28
BSaLTic-DHf,recurrence,short_neg.smv_k100.dimacs,SAT,0.03
BSaLTic-EHf,recurrence,short_neg.smv_k100.dimacs,SAT,0.06
Kissat,recurrence,short_neg.smv_k100.dimacs,SAT,0.015342
MapleCOMSPS,recurrence,short_neg.smv_k100.dimacs,SAT,0.05
BSaLTic-DHf,recurrence,short_neg.smv_k1000.dimacs,SAT,20.01
BSaLTic-EHf,recurrence,short_neg.smv_k1000.dimacs,SAT,19.91
Kissat,recurrence,short_neg.smv_k1000.dimacs,SAT,0.429112
MapleCOMSPS,recurrence,short_neg.smv_k1000.dimacs,SAT,31.68
BSaLTic-DHf,recurrence,short_neg.smv_k20.dimacs,SAT,0.001
BSaLTic-EHf,recurrence,short_neg.smv_k20.dimacs,SAT,1.01179
Kissat,recurrence,short_neg.smv_k20.dimacs,SAT,0.010805
MapleCOMSPS,recurrence,short_neg.smv_k20.dimacs,SAT,0.001
BSaLTic-DHf,recurrence,short_neg.smv_k60.dimacs,SAT,0.02
BSaLTic-EHf,recurrence,short_neg.smv_k60.dimacs,SAT,0.01
Kissat,recurrence,short_neg.smv_k60.dimacs,SAT,0.012739
MapleCOMSPS,recurrence,short_neg.smv_k60.dimacs,SAT,0.01
BSaLTic-DHf,recurrence,short_neg.smv_k600.dimacs,SAT,3.92
BSaLTic-EHf,recurrence,short_neg.smv_k600.dimacs,SAT,3.97
Kissat,recurrence,short_neg.smv_k600.dimacs,SAT,0.164853
MapleCOMSPS,recurrence,short_neg.smv_k600.dimacs,SAT,6.64
BSaLTic-DHf,recurrence,short_neg.smv_k800.dimacs,SAT,9.56
BSaLTic-EHf,recurrence,short_neg.smv_k800.dimacs,SAT,9.38
Kissat,recurrence,short_neg.smv_k800.dimacs,SAT,0.283676
MapleCOMSPS,recurrence,short_neg.smv_k800.dimacs,SAT,14.55
BSaLTic-DHf,obligation,short_obligation_0.smv_k2000.dimacs,SAT,0.23
BSaLTic-EHf,obligation,short_obligation_0.smv_k2000.dimacs,SAT,0.22
Kissat,obligation,short_obligation_0.smv_k2000.dimacs,SAT,0.024491
MapleCOMSPS,obligation,short_obligation_0.smv_k2000.dimacs,SAT,0.21
BSaLTic-DHf,obligation,short_obligation_0.smv_k6000.dimacs,SAT,2.22
BSaLTic-EHf,obligation,short_obligation_0.smv_k6000.dimacs,SAT,1.57
Kissat,obligation,short_obligation_0.smv_k6000.dimacs,SAT,0.055062
MapleCOMSPS,obligation,short_obligation_0.smv_k6000.dimacs,SAT,1.94
BSaLTic-DHf,reactivity,short_reactivity_0.smv_k200.dimacs,SAT,35.33
BSaLTic-EHf,reactivity,short_reactivity_0.smv_k200.dimacs,SAT,54.06
Kissat,reactivity,short_reactivity_0.smv_k200.dimacs,SAT,7.10094
MapleCOMSPS,reactivity,short_reactivity_0.smv_k200.dimacs,SAT,55.68
BSaLTic-DHf,safety,sorter.1_guarantee_0.smv_k100.dimacs,UNSAT,1303.87
BSaLTic-EHf,safety,sorter.1_guarantee_0.smv_k100.dimacs,UNSAT,2455.04
Kissat,safety,sorter.1_guarantee_0.smv_k100.dimacs,UNSAT,277.402
MapleCOMSPS,safety,sorter.1_guarantee_0.smv_k100.dimacs,UNSAT,1058.64
BSaLTic-DHf,safety,sorter.1_guarantee_0.smv_k1000.dimacs,wall clock limit exceeded,7200.0
BSaLTic-EHf,safety,sorter.1_guarantee_0.smv_k1000.dimacs,SAT,3549.08
Kissat,safety,sorter.1_guarantee_0.smv_k1000.dimacs,wall clock limit exceeded,7200.02
MapleCOMSPS,safety,sorter.1_guarantee_0.smv_k1000.dimacs,SAT,3123.23
BSaLTic-DHf,safety,sorter.1_guarantee_0.smv_k200.dimacs,wall clock limit exceeded,7200.0
BSaLTic-EHf,safety,sorter.1_guarantee_0.smv_k200.dimacs,wall clock limit exceeded,7200.0
Kissat,safety,sorter.1_guarantee_0.smv_k200.dimacs,UNSAT,1450.12
MapleCOMSPS,safety,sorter.1_guarantee_0.smv_k200.dimacs,wall clock limit exceeded,7200.0
BSaLTic-DHf,safety,sorter.1_guarantee_0.smv_k600.dimacs,wall clock limit exceeded,7200.0
BSaLTic-EHf,safety,sorter.1_guarantee_0.smv_k600.dimacs,wall clock limit exceeded,7200.0
Kissat,safety,sorter.1_guarantee_0.smv_k600.dimacs,wall clock limit exceeded,7200.02
MapleCOMSPS,safety,sorter.1_guarantee_0.smv_k600.dimacs,SAT,6881.3
BSaLTic-DHf,persistence,sorter.1_recurrence_0.smv_k100.dimacs,UNSAT,2540.15
BSaLTic-EHf,persistence,sorter.1_recurrence_0.smv_k100.dimacs,UNSAT,1204.19
Kissat,persistence,sorter.1_recurrence_0.smv_k100.dimacs,UNSAT,231.864
MapleCOMSPS,persistence,sorter.1_recurrence_0.smv_k100.dimacs,UNSAT,2964.56
BSaLTic-DHf,persistence,sorter.1_recurrence_0.smv_k1000.dimacs,wall clock limit exceeded,7200.0
BSaLTic-EHf,persistence,sorter.1_recurrence_0.smv_k1000.dimacs,wall clock limit exceeded,7200.0
Kissat,persistence,sorter.1_recurrence_0.smv_k1000.dimacs,wall clock limit exceeded,7200.0
MapleCOMSPS,persistence,sorter.1_recurrence_0.smv_k1000.dimacs,wall clock limit exceeded,7200.0
BSaLTic-DHf,persistence,sorter.1_recurrence_0.smv_k200.dimacs,wall clock limit exceeded,7200.0
BSaLTic-EHf,persistence,sorter.1_recurrence_0.smv_k200.dimacs,wall clock limit exceeded,7200.0
Kissat,persistence,sorter.1_recurrence_0.smv_k200.dimacs,UNSAT,1199.49
MapleCOMSPS,persistence,sorter.1_recurrence_0.smv_k200.dimacs,wall clock limit exceeded,7200.0
BSaLTic-DHf,persistence,sorter.1_recurrence_0.smv_k40.dimacs,UNSAT,19.34
BSaLTic-EHf,persistence,sorter.1_recurrence_0.smv_k40.dimacs,UNSAT,17.09
Kissat,persistence,sorter.1_recurrence_0.smv_k40.dimacs,UNSAT,25.6161
MapleCOMSPS,persistence,sorter.1_recurrence_0.smv_k40.dimacs,UNSAT,25.66
BSaLTic-DHf,persistence,sorter.1_recurrence_0.smv_k400.dimacs,SAT,1537.48
BSaLTic-EHf,persistence,sorter.1_recurrence_0.smv_k400.dimacs,SAT,1360.11
Kissat,persistence,sorter.1_recurrence_0.smv_k400.dimacs,SAT,3686.86
MapleCOMSPS,persistence,sorter.1_recurrence_0.smv_k400.dimacs,SAT,5560.27
BSaLTic-DHf,persistence,sorter.1_recurrence_0.smv_k600.dimacs,wall clock limit exceeded,7200.0
BSaLTic-EHf,persistence,sorter.1_recurrence_0.smv_k600.dimacs,SAT,1370.9
Kissat,persistence,sorter.1_recurrence_0.smv_k600.dimacs,wall clock limit exceeded,7200.0
MapleCOMSPS,persistence,sorter.1_recurrence_0.smv_k600.dimacs,wall clock limit exceeded,7200.0
BSaLTic-DHf,safety,sorter.2_guarantee_0.smv_k100.dimacs,UNSAT,1430.64
BSaLTic-EHf,safety,sorter.2_guarantee_0.smv_k100.dimacs,UNSAT,1330.93
Kissat,safety,sorter.2_guarantee_0.smv_k100.dimacs,UNSAT,198.741
MapleCOMSPS,safety,sorter.2_guarantee_0.smv_k100.dimacs,UNSAT,863.41
BSaLTic-DHf,safety,sorter.2_guarantee_0.smv_k1000.dimacs,wall clock limit exceeded,7200.0
BSaLTic-EHf,safety,sorter.2_guarantee_0.smv_k1000.dimacs,wall clock limit exceeded,7200.0
Kissat,safety,sorter.2_guarantee_0.smv_k1000.dimacs,wall clock limit exceeded,7200.02
MapleCOMSPS,safety,sorter.2_guarantee_0.smv_k1000.dimacs,wall clock limit exceeded,7200.0
BSaLTic-DHf,safety,sorter.2_guarantee_0.smv_k200.dimacs,wall clock limit exceeded,7200.0
BSaLTic-EHf,safety,sorter.2_guarantee_0.smv_k200.dimacs,wall clock limit exceeded,7200.0
Kissat,safety,sorter.2_guarantee_0.smv_k200.dimacs,UNSAT,1575.03
MapleCOMSPS,safety,sorter.2_guarantee_0.smv_k200.dimacs,wall clock limit exceeded,7200.0
BSaLTic-DHf,safety,sorter.2_guarantee_0.smv_k400.dimacs,SAT,2889.05
BSaLTic-EHf,safety,sorter.2_guarantee_0.smv_k400.dimacs,SAT,444.62
Kissat,safety,sorter.2_guarantee_0.smv_k400.dimacs,SAT,2488.27
MapleCOMSPS,safety,sorter.2_guarantee_0.smv_k400.dimacs,SAT,1109.8
BSaLTic-DHf,persistence,sorter.2_recurrence_0.smv_k1000.dimacs,wall clock limit exceeded,7200.0
BSaLTic-EHf,persistence,sorter.2_recurrence_0.smv_k1000.dimacs,wall clock limit exceeded,7200.0
Kissat,persistence,sorter.2_recurrence_0.smv_k1000.dimacs,wall clock limit exceeded,7200.0
MapleCOMSPS,persistence,sorter.2_recurrence_0.smv_k1000.dimacs,wall clock limit exceeded,7200.0
BSaLTic-DHf,persistence,sorter.2_recurrence_0.smv_k200.dimacs,wall clock limit exceeded,7200.0
BSaLTic-EHf,persistence,sorter.2_recurrence_0.smv_k200.dimacs,wall clock limit exceeded,7200.0
Kissat,persistence,sorter.2_recurrence_0.smv_k200.dimacs,UNSAT,1213.19
MapleCOMSPS,persistence,sorter.2_recurrence_0.smv_k200.dimacs,wall clock limit exceeded,7200.0
BSaLTic-DHf,persistence,sorter.2_recurrence_0.smv_k40.dimacs,UNSAT,17.91
BSaLTic-EHf,persistence,sorter.2_recurrence_0.smv_k40.dimacs,UNSAT,14.42
Kissat,persistence,sorter.2_recurrence_0.smv_k40.dimacs,UNSAT,23.5678
MapleCOMSPS,persistence,sorter.2_recurrence_0.smv_k40.dimacs,UNSAT,29.25
BSaLTic-DHf,persistence,sorter.2_recurrence_0.smv_k400.dimacs,SAT,1452.3
BSaLTic-EHf,persistence,sorter.2_recurrence_0.smv_k400.dimacs,SAT,689.54
Kissat,persistence,sorter.2_recurrence_0.smv_k400.dimacs,SAT,3088.52
MapleCOMSPS,persistence,sorter.2_recurrence_0.smv_k400.dimacs,SAT,3581.96
BSaLTic-DHf,persistence,sorter.2_recurrence_0.smv_k600.dimacs,SAT,1164.11
BSaLTic-EHf,persistence,sorter.2_recurrence_0.smv_k600.dimacs,SAT,674.33
Kissat,persistence,sorter.2_recurrence_0.smv_k600.dimacs,SAT,3617.02
MapleCOMSPS,persistence,sorter.2_recurrence_0.smv_k600.dimacs,SAT,4624.75
BSaLTic-DHf,persistence,sorter.2_recurrence_0.smv_k80.dimacs,UNSAT,566.11
BSaLTic-EHf,persistence,sorter.2_recurrence_0.smv_k80.dimacs,UNSAT,490.45
Kissat,persistence,sorter.2_recurrence_0.smv_k80.dimacs,UNSAT,149.409
MapleCOMSPS,persistence,sorter.2_recurrence_0.smv_k80.dimacs,UNSAT,777.65
BSaLTic-DHf,persistence,sorter.2_recurrence_0.smv_k800.dimacs,SAT,3274.1
BSaLTic-EHf,persistence,sorter.2_recurrence_0.smv_k800.dimacs,SAT,3470.0
Kissat,persistence,sorter.2_recurrence_0.smv_k800.dimacs,wall clock limit exceeded,7200.0
MapleCOMSPS,persistence,sorter.2_recurrence_0.smv_k800.dimacs,SAT,3441.74
BSaLTic-DHf,reactivity,sorter.3_reactivity_0.smv_k100.dimacs,UNSAT,2228.27
BSaLTic-EHf,reactivity,sorter.3_reactivity_0.smv_k100.dimacs,UNSAT,2011.83
Kissat,reactivity,sorter.3_reactivity_0.smv_k100.dimacs,UNSAT,485.198
MapleCOMSPS,reactivity,sorter.3_reactivity_0.smv_k100.dimacs,UNSAT,3203.96
BSaLTic-DHf,reactivity,sorter.4_reactivity_0.smv_k100.dimacs,wall clock limit exceeded,7200.0
BSaLTic-EHf,reactivity,sorter.4_reactivity_0.smv_k100.dimacs,UNSAT,2536.69
Kissat,reactivity,sorter.4_reactivity_0.smv_k100.dimacs,UNSAT,492.42
MapleCOMSPS,reactivity,sorter.4_reactivity_0.smv_k100.dimacs,UNSAT,2064.15
BSaLTic-DHf,reactivity,sorter.4_reactivity_0.smv_k200.dimacs,wall clock limit exceeded,7200.0
BSaLTic-EHf,reactivity,sorter.4_reactivity_0.smv_k200.dimacs,wall clock limit exceeded,7200.0
Kissat,reactivity,sorter.4_reactivity_0.smv_k200.dimacs,UNSAT,1601.85
MapleCOMSPS,reactivity,sorter.4_reactivity_0.smv_k200.dimacs,wall clock limit exceeded,7200.0
BSaLTic-DHf,reactivity,sorter.4_reactivity_0.smv_k40.dimacs,UNSAT,22.4
BSaLTic-EHf,reactivity,sorter.4_reactivity_0.smv_k40.dimacs,UNSAT,31.84
Kissat,reactivity,sorter.4_reactivity_0.smv_k40.dimacs,UNSAT,98.4052
MapleCOMSPS,reactivity,sorter.4_reactivity_0.smv_k40.dimacs,UNSAT,27.88
BSaLTic-DHf,reactivity,sorter.5_reactivity_0.smv_k200.dimacs,wall clock limit exceeded,7200.0
BSaLTic-EHf,reactivity,sorter.5_reactivity_0.smv_k200.dimacs,wall clock limit exceeded,7200.0
Kissat,reactivity,sorter.5_reactivity_0.smv_k200.dimacs,UNSAT,3896.68
MapleCOMSPS,reactivity,sorter.5_reactivity_0.smv_k200.dimacs,wall clock limit exceeded,7200.0
BSaLTic-DHf,reactivity,sorter.5_reactivity_0.smv_k40.dimacs,UNSAT,18.55
BSaLTic-EHf,reactivity,sorter.5_reactivity_0.smv_k40.dimacs,UNSAT,19.35
Kissat,reactivity,sorter.5_reactivity_0.smv_k40.dimacs,UNSAT,28.8617
MapleCOMSPS,reactivity,sorter.5_reactivity_0.smv_k40.dimacs,UNSAT,16.72
BSaLTic-DHf,reactivity,sorter.5_reactivity_0.smv_k80.dimacs,UNSAT,1083.29
BSaLTic-EHf,reactivity,sorter.5_reactivity_0.smv_k80.dimacs,UNSAT,2129.01
Kissat,reactivity,sorter.5_reactivity_0.smv_k80.dimacs,UNSAT,266.796
MapleCOMSPS,reactivity,sorter.5_reactivity_0.smv_k80.dimacs,UNSAT,900.7
BSaLTic-DHf,obligation,srg5_obligation_0.smv_k1000.dimacs,SAT,0.24
BSaLTic-EHf,obligation,srg5_obligation_0.smv_k1000.dimacs,SAT,0.24
Kissat,obligation,srg5_obligation_0.smv_k1000.dimacs,SAT,0.056703
MapleCOMSPS,obligation,srg5_obligation_0.smv_k1000.dimacs,SAT,0.22
BSaLTic-DHf,obligation,srg5_obligation_0.smv_k2000.dimacs,SAT,0.74
BSaLTic-EHf,obligation,srg5_obligation_0.smv_k2000.dimacs,SAT,0.77
Kissat,obligation,srg5_obligation_0.smv_k2000.dimacs,SAT,0.111591
MapleCOMSPS,obligation,srg5_obligation_0.smv_k2000.dimacs,SAT,0.77
BSaLTic-DHf,obligation,srg5_obligation_0.smv_k800.dimacs,SAT,0.15
BSaLTic-EHf,obligation,srg5_obligation_0.smv_k800.dimacs,SAT,0.15
Kissat,obligation,srg5_obligation_0.smv_k800.dimacs,SAT,0.050958
MapleCOMSPS,obligation,srg5_obligation_0.smv_k800.dimacs,SAT,0.16
BSaLTic-DHf,obligation,syncarb10_obligation_0.smv_k1000.dimacs,SAT,0.21
BSaLTic-EHf,obligation,syncarb10_obligation_0.smv_k1000.dimacs,SAT,0.21
Kissat,obligation,syncarb10_obligation_0.smv_k1000.dimacs,SAT,0.092021
MapleCOMSPS,obligation,syncarb10_obligation_0.smv_k1000.dimacs,SAT,0.21
BSaLTic-DHf,obligation,syncarb10_obligation_0.smv_k200.dimacs,SAT,0.04
BSaLTic-EHf,obligation,syncarb10_obligation_0.smv_k200.dimacs,SAT,0.04
Kissat,obligation,syncarb10_obligation_0.smv_k200.dimacs,SAT,0.024973
MapleCOMSPS,obligation,syncarb10_obligation_0.smv_k200.dimacs,SAT,0.04
BSaLTic-DHf,obligation,syncarb10_obligation_0.smv_k400.dimacs,SAT,0.09
BSaLTic-EHf,obligation,syncarb10_obligation_0.smv_k400.dimacs,SAT,0.09
Kissat,obligation,syncarb10_obligation_0.smv_k400.dimacs,SAT,0.042999
MapleCOMSPS,obligation,syncarb10_obligation_0.smv_k400.dimacs,SAT,0.07
BSaLTic-DHf,recurrence,syncarb10_persistence_0.smv_k400.dimacs,SAT,61.14
BSaLTic-EHf,recurrence,syncarb10_persistence_0.smv_k400.dimacs,SAT,61.03
Kissat,recurrence,syncarb10_persistence_0.smv_k400.dimacs,SAT,2.74305
MapleCOMSPS,recurrence,syncarb10_persistence_0.smv_k400.dimacs,SAT,99.97
BSaLTic-DHf,recurrence,syncarb5_neg.smv_k100.dimacs,SAT,0.02
BSaLTic-EHf,recurrence,syncarb5_neg.smv_k100.dimacs,SAT,0.02
Kissat,recurrence,syncarb5_neg.smv_k100.dimacs,SAT,0.017734
MapleCOMSPS,recurrence,syncarb5_neg.smv_k100.dimacs,SAT,0.02
BSaLTic-DHf,recurrence,syncarb5_neg.smv_k1000.dimacs,SAT,0.44
BSaLTic-EHf,recurrence,syncarb5_neg.smv_k1000.dimacs,SAT,0.44
Kissat,recurrence,syncarb5_neg.smv_k1000.dimacs,SAT,0.152427
MapleCOMSPS,recurrence,syncarb5_neg.smv_k1000.dimacs,SAT,0.44
BSaLTic-DHf,recurrence,syncarb5_neg.smv_k1200.dimacs,SAT,0.6
BSaLTic-EHf,recurrence,syncarb5_neg.smv_k1200.dimacs,SAT,0.59
Kissat,recurrence,syncarb5_neg.smv_k1200.dimacs,SAT,0.212281
MapleCOMSPS,recurrence,syncarb5_neg.smv_k1200.dimacs,SAT,0.63
BSaLTic-DHf,recurrence,syncarb5_neg.smv_k1600.dimacs,SAT,0.9
BSaLTic-EHf,recurrence,syncarb5_neg.smv_k1600.dimacs,SAT,0.9
Kissat,recurrence,syncarb5_neg.smv_k1600.dimacs,SAT,0.326925
MapleCOMSPS,recurrence,syncarb5_neg.smv_k1600.dimacs,SAT,1.06
BSaLTic-DHf,recurrence,syncarb5_neg.smv_k400.dimacs,SAT,0.13
BSaLTic-EHf,recurrence,syncarb5_neg.smv_k400.dimacs,SAT,0.11
Kissat,recurrence,syncarb5_neg.smv_k400.dimacs,SAT,0.049475
MapleCOMSPS,recurrence,syncarb5_neg.smv_k400.dimacs,SAT,0.13
BSaLTic-DHf,recurrence,syncarb5_neg.smv_k600.dimacs,SAT,0.25
BSaLTic-EHf,recurrence,syncarb5_neg.smv_k600.dimacs,SAT,0.25
Kissat,recurrence,syncarb5_neg.smv_k600.dimacs,SAT,0.078983
MapleCOMSPS,recurrence,syncarb5_neg.smv_k600.dimacs,SAT,0.26
BSaLTic-EHf,guarantee,tcas_k400.dimacs,SAT,10.57
BSaLTic-DHf,guarantee,tcas_k400.dimacs,SAT,10.65
Kissat,guarantee,tcas_k400.dimacs,SAT,9.37615
MapleCOMSPS,guarantee,tcas_k400.dimacs,SAT,15.87
BSaLTic-EHf,guarantee,tcas_k600.dimacs,SAT,28.4
BSaLTic-DHf,guarantee,tcas_k600.dimacs,SAT,28.3
Kissat,guarantee,tcas_k600.dimacs,SAT,4.33432
MapleCOMSPS,guarantee,tcas_k600.dimacs,SAT,28.2
BSaLTic-DHf,safety,tcas_neg.smv_k4000.dimacs,SAT,5874.17
BSaLTic-EHf,safety,tcas_neg.smv_k4000.dimacs,SAT,1535.89
Kissat,safety,tcas_neg.smv_k4000.dimacs,SAT,460.784
MapleCOMSPS,safety,tcas_neg.smv_k4000.dimacs,SAT,3913.76
BSaLTic-DHf,safety,tcas_neg.smv_k6000.dimacs,wall clock limit exceeded,7200.0
BSaLTic-EHf,safety,tcas_neg.smv_k6000.dimacs,wall clock limit exceeded,7200.0
Kissat,safety,tcas_neg.smv_k6000.dimacs,SAT,550.771
MapleCOMSPS,safety,tcas_neg.smv_k6000.dimacs,wall clock limit exceeded,7200.0
BSaLTic-EHf,guarantee,tcas-t_k1000.dimacs,SAT,89.04
BSaLTic-DHf,guarantee,tcas-t_k1000.dimacs,SAT,81.54
Kissat,guarantee,tcas-t_k1000.dimacs,SAT,29.7891
MapleCOMSPS,guarantee,tcas-t_k1000.dimacs,SAT,91.87
BSaLTic-EHf,guarantee,tcas-t_k4000.dimacs,SAT,1047.7
BSaLTic-DHf,guarantee,tcas-t_k4000.dimacs,SAT,809.22
Kissat,guarantee,tcas-t_k4000.dimacs,SAT,1391.58
MapleCOMSPS,guarantee,tcas-t_k4000.dimacs,SAT,1529.42
BSaLTic-EHf,guarantee,tcas-t_k600.dimacs,SAT,30.74
BSaLTic-DHf,guarantee,tcas-t_k600.dimacs,SAT,44.13
Kissat,guarantee,tcas-t_k600.dimacs,SAT,14.8394
MapleCOMSPS,guarantee,tcas-t_k600.dimacs,SAT,30.64
BSaLTic-EHf,guarantee,tcas-t_k6000.dimacs,SAT,1694.6
BSaLTic-DHf,guarantee,tcas-t_k6000.dimacs,SAT,1957.34
Kissat,guarantee,tcas-t_k6000.dimacs,SAT,996.067
MapleCOMSPS,guarantee,tcas-t_k6000.dimacs,SAT,1677.36
BSaLTic-DHf,safety,tcas-t_neg.smv_k2000.dimacs,SAT,529.02
BSaLTic-EHf,safety,tcas-t_neg.smv_k2000.dimacs,SAT,532.99
Kissat,safety,tcas-t_neg.smv_k2000.dimacs,SAT,151.522
MapleCOMSPS,safety,tcas-t_neg.smv_k2000.dimacs,SAT,500.5
BSaLTic-EHf,guarantee,towerofhanoi_k600.dimacs,SAT,799.78
BSaLTic-DHf,guarantee,towerofhanoi_k600.dimacs,SAT,1706.19
Kissat,guarantee,towerofhanoi_k600.dimacs,SAT,533.499
MapleCOMSPS,guarantee,towerofhanoi_k600.dimacs,SAT,749.57
BSaLTic-DHf,safety,towerofhanoi_neg.smv_k6000.dimacs,wall clock limit exceeded,7200.0
BSaLTic-EHf,safety,towerofhanoi_neg.smv_k6000.dimacs,wall clock limit exceeded,7200.0
Kissat,safety,towerofhanoi_neg.smv_k6000.dimacs,wall clock limit exceeded,7200.02
MapleCOMSPS,safety,towerofhanoi_neg.smv_k6000.dimacs,wall clock limit exceeded,7200.0
BSaLTic-EHf,guarantee,traffic-lights0_k1000.dimacs,UNSAT,52.65
BSaLTic-DHf,guarantee,traffic-lights0_k1000.dimacs,UNSAT,59.83
Kissat,guarantee,traffic-lights0_k1000.dimacs,UNSAT,129.423
MapleCOMSPS,guarantee,traffic-lights0_k1000.dimacs,UNSAT,70.8
BSaLTic-EHf,guarantee,traffic-lights0_k4000.dimacs,UNSAT,516.9
BSaLTic-DHf,guarantee,traffic-lights0_k4000.dimacs,UNSAT,792.99
Kissat,guarantee,traffic-lights0_k4000.dimacs,UNSAT,587.498
MapleCOMSPS,guarantee,traffic-lights0_k4000.dimacs,UNSAT,515.78
BSaLTic-EHf,guarantee,traffic-lights0_k600.dimacs,UNSAT,25.46
BSaLTic-DHf,guarantee,traffic-lights0_k600.dimacs,UNSAT,34.15
Kissat,guarantee,traffic-lights0_k600.dimacs,UNSAT,46.4856
MapleCOMSPS,guarantee,traffic-lights0_k600.dimacs,UNSAT,25.27
BSaLTic-DHf,obligation,traffic-lights0_obligation_0.smv_k100.dimacs,SAT,0.1
BSaLTic-EHf,obligation,traffic-lights0_obligation_0.smv_k100.dimacs,SAT,0.1
Kissat,obligation,traffic-lights0_obligation_0.smv_k100.dimacs,SAT,0.288182
MapleCOMSPS,obligation,traffic-lights0_obligation_0.smv_k100.dimacs,SAT,0.1
BSaLTic-DHf,obligation,traffic-lights0_obligation_0.smv_k1000.dimacs,SAT,1.76
BSaLTic-EHf,obligation,traffic-lights0_obligation_0.smv_k1000.dimacs,SAT,1.7
Kissat,obligation,traffic-lights0_obligation_0.smv_k1000.dimacs,SAT,7.61893
MapleCOMSPS,obligation,traffic-lights0_obligation_0.smv_k1000.dimacs,SAT,2.39
BSaLTic-DHf,obligation,traffic-lights0_obligation_0.smv_k200.dimacs,SAT,0.21
BSaLTic-EHf,obligation,traffic-lights0_obligation_0.smv_k200.dimacs,SAT,0.15
Kissat,obligation,traffic-lights0_obligation_0.smv_k200.dimacs,SAT,0.879454
MapleCOMSPS,obligation,traffic-lights0_obligation_0.smv_k200.dimacs,SAT,0.21
BSaLTic-DHf,obligation,traffic-lights0_obligation_0.smv_k400.dimacs,SAT,1.03
BSaLTic-EHf,obligation,traffic-lights0_obligation_0.smv_k400.dimacs,SAT,1.06
Kissat,obligation,traffic-lights0_obligation_0.smv_k400.dimacs,SAT,0.791971
MapleCOMSPS,obligation,traffic-lights0_obligation_0.smv_k400.dimacs,SAT,0.96
BSaLTic-DHf,reactivity,traffic-lights0_reactivity_0.smv_k1000.dimacs,UNSAT,216.91
BSaLTic-EHf,reactivity,traffic-lights0_reactivity_0.smv_k1000.dimacs,UNSAT,216.43
Kissat,reactivity,traffic-lights0_reactivity_0.smv_k1000.dimacs,UNSAT,336.109
MapleCOMSPS,reactivity,traffic-lights0_reactivity_0.smv_k1000.dimacs,UNSAT,222.14
BSaLTic-DHf,reactivity,traffic-lights0_reactivity_0.smv_k600.dimacs,UNSAT,32.37
BSaLTic-EHf,reactivity,traffic-lights0_reactivity_0.smv_k600.dimacs,UNSAT,32.33
Kissat,reactivity,traffic-lights0_reactivity_0.smv_k600.dimacs,UNSAT,54.7632
MapleCOMSPS,reactivity,traffic-lights0_reactivity_0.smv_k600.dimacs,UNSAT,32.99
BSaLTic-DHf,reactivity,traffic-lights0_reactivity_0.smv_k800.dimacs,UNSAT,96.32
BSaLTic-EHf,reactivity,traffic-lights0_reactivity_0.smv_k800.dimacs,UNSAT,160.21
Kissat,reactivity,traffic-lights0_reactivity_0.smv_k800.dimacs,UNSAT,197.824
MapleCOMSPS,reactivity,traffic-lights0_reactivity_0.smv_k800.dimacs,UNSAT,157.92
BSaLTic-DHf,persistence,traffic-lights1_k100.dimacs,UNSAT,3.91
BSaLTic-EHf,persistence,traffic-lights1_k100.dimacs,UNSAT,5.69
Kissat,persistence,traffic-lights1_k100.dimacs,UNSAT,7.69129
MapleCOMSPS,persistence,traffic-lights1_k100.dimacs,UNSAT,7.37
BSaLTic-DHf,persistence,traffic-lights1_k400.dimacs,UNSAT,24.75
BSaLTic-EHf,persistence,traffic-lights1_k400.dimacs,UNSAT,16.06
Kissat,persistence,traffic-lights1_k400.dimacs,UNSAT,42.8639
MapleCOMSPS,persistence,traffic-lights1_k400.dimacs,UNSAT,21.86
BSaLTic-DHf,persistence,traffic-lights1_k60.dimacs,UNSAT,1.81
BSaLTic-EHf,persistence,traffic-lights1_k60.dimacs,UNSAT,1.88
Kissat,persistence,traffic-lights1_k60.dimacs,UNSAT,2.7967
MapleCOMSPS,persistence,traffic-lights1_k60.dimacs,UNSAT,1.98
BSaLTic-DHf,persistence,traffic-lights1_k600.dimacs,UNSAT,32.6
BSaLTic-EHf,persistence,traffic-lights1_k600.dimacs,UNSAT,58.71
Kissat,persistence,traffic-lights1_k600.dimacs,UNSAT,88.5926
MapleCOMSPS,persistence,traffic-lights1_k600.dimacs,UNSAT,51.84
BSaLTic-DHf,recurrence,traffic-lights1_neg.smv_k1000.dimacs,SAT,24.4
BSaLTic-EHf,recurrence,traffic-lights1_neg.smv_k1000.dimacs,SAT,23.89
Kissat,recurrence,traffic-lights1_neg.smv_k1000.dimacs,SAT,30.2208
MapleCOMSPS,recurrence,traffic-lights1_neg.smv_k1000.dimacs,SAT,39.88
BSaLTic-DHf,recurrence,traffic-lights1_neg.smv_k1200.dimacs,SAT,62.89
BSaLTic-EHf,recurrence,traffic-lights1_neg.smv_k1200.dimacs,SAT,58.09
Kissat,recurrence,traffic-lights1_neg.smv_k1200.dimacs,SAT,27.4956
MapleCOMSPS,recurrence,traffic-lights1_neg.smv_k1200.dimacs,SAT,53.95
BSaLTic-DHf,recurrence,traffic-lights1_neg.smv_k40.dimacs,SAT,0.07
BSaLTic-EHf,recurrence,traffic-lights1_neg.smv_k40.dimacs,SAT,0.07
Kissat,recurrence,traffic-lights1_neg.smv_k40.dimacs,SAT,0.095459
MapleCOMSPS,recurrence,traffic-lights1_neg.smv_k40.dimacs,SAT,0.07
BSaLTic-DHf,recurrence,traffic-lights1_neg.smv_k60.dimacs,SAT,0.1
BSaLTic-EHf,recurrence,traffic-lights1_neg.smv_k60.dimacs,SAT,0.1
Kissat,recurrence,traffic-lights1_neg.smv_k60.dimacs,SAT,0.133622
MapleCOMSPS,recurrence,traffic-lights1_neg.smv_k60.dimacs,SAT,0.1
BSaLTic-DHf,obligation,traffic-lights1_obligation_0.smv_k200.dimacs,SAT,0.2
BSaLTic-EHf,obligation,traffic-lights1_obligation_0.smv_k200.dimacs,SAT,0.2
Kissat,obligation,traffic-lights1_obligation_0.smv_k200.dimacs,SAT,0.312545
MapleCOMSPS,obligation,traffic-lights1_obligation_0.smv_k200.dimacs,SAT,0.2
BSaLTic-DHf,obligation,traffic-lights1_obligation_0.smv_k400.dimacs,SAT,0.83
BSaLTic-EHf,obligation,traffic-lights1_obligation_0.smv_k400.dimacs,SAT,0.82
Kissat,obligation,traffic-lights1_obligation_0.smv_k400.dimacs,SAT,1.72487
MapleCOMSPS,obligation,traffic-lights1_obligation_0.smv_k400.dimacs,SAT,0.66
BSaLTic-DHf,obligation,traffic-lights1_obligation_0.smv_k600.dimacs,SAT,1.14
BSaLTic-EHf,obligation,traffic-lights1_obligation_0.smv_k600.dimacs,SAT,0.97
Kissat,obligation,traffic-lights1_obligation_0.smv_k600.dimacs,SAT,4.95117
MapleCOMSPS,obligation,traffic-lights1_obligation_0.smv_k600.dimacs,SAT,1.29
BSaLTic-DHf,obligation,traffic-lights1_obligation_0.smv_k80.dimacs,SAT,0.07
BSaLTic-EHf,obligation,traffic-lights1_obligation_0.smv_k80.dimacs,SAT,0.07
Kissat,obligation,traffic-lights1_obligation_0.smv_k80.dimacs,SAT,0.255865
MapleCOMSPS,obligation,traffic-lights1_obligation_0.smv_k80.dimacs,SAT,0.06
BSaLTic-DHf,reactivity,traffic-lights1_reactivity_0.smv_k1000.dimacs,UNSAT,220.28
BSaLTic-EHf,reactivity,traffic-lights1_reactivity_0.smv_k1000.dimacs,UNSAT,221.27
Kissat,reactivity,traffic-lights1_reactivity_0.smv_k1000.dimacs,UNSAT,394.341
MapleCOMSPS,reactivity,traffic-lights1_reactivity_0.smv_k1000.dimacs,UNSAT,219.09
BSaLTic-DHf,reactivity,traffic-lights1_reactivity_0.smv_k200.dimacs,UNSAT,1.6
BSaLTic-EHf,reactivity,traffic-lights1_reactivity_0.smv_k200.dimacs,UNSAT,1.57
Kissat,reactivity,traffic-lights1_reactivity_0.smv_k200.dimacs,UNSAT,2.07025
MapleCOMSPS,reactivity,traffic-lights1_reactivity_0.smv_k200.dimacs,UNSAT,1.05
BSaLTic-DHf,reactivity,traffic-lights1_reactivity_0.smv_k400.dimacs,UNSAT,7.71
BSaLTic-EHf,reactivity,traffic-lights1_reactivity_0.smv_k400.dimacs,UNSAT,7.86
Kissat,reactivity,traffic-lights1_reactivity_0.smv_k400.dimacs,UNSAT,12.0667
MapleCOMSPS,reactivity,traffic-lights1_reactivity_0.smv_k400.dimacs,UNSAT,7.87
BSaLTic-DHf,reactivity,traffic-lights1_reactivity_0.smv_k600.dimacs,UNSAT,32.91
BSaLTic-EHf,reactivity,traffic-lights1_reactivity_0.smv_k600.dimacs,UNSAT,32.13
Kissat,reactivity,traffic-lights1_reactivity_0.smv_k600.dimacs,UNSAT,54.4186
MapleCOMSPS,reactivity,traffic-lights1_reactivity_0.smv_k600.dimacs,UNSAT,33.23
BSaLTic-DHf,safety,traffic-lights2_guarantee_0.smv_k400.dimacs,UNSAT,1668.75
BSaLTic-EHf,safety,traffic-lights2_guarantee_0.smv_k400.dimacs,UNSAT,1083.54
Kissat,safety,traffic-lights2_guarantee_0.smv_k400.dimacs,UNSAT,6.72714
MapleCOMSPS,safety,traffic-lights2_guarantee_0.smv_k400.dimacs,UNSAT,1004.65
BSaLTic-EHf,guarantee,traffic-lights2_k4000.dimacs,UNSAT,560.6
BSaLTic-DHf,guarantee,traffic-lights2_k4000.dimacs,UNSAT,563.44
Kissat,guarantee,traffic-lights2_k4000.dimacs,UNSAT,579.176
MapleCOMSPS,guarantee,traffic-lights2_k4000.dimacs,UNSAT,796.43
BSaLTic-EHf,guarantee,traffic-lights2_k600.dimacs,UNSAT,27.01
BSaLTic-DHf,guarantee,traffic-lights2_k600.dimacs,UNSAT,32.66
Kissat,guarantee,traffic-lights2_k600.dimacs,UNSAT,40.7576
MapleCOMSPS,guarantee,traffic-lights2_k600.dimacs,UNSAT,26.64
BSaLTic-DHf,obligation,traffic-lights2_obligation_0.smv_k400.dimacs,SAT,1.01
BSaLTic-EHf,obligation,traffic-lights2_obligation_0.smv_k400.dimacs,SAT,1.1
Kissat,obligation,traffic-lights2_obligation_0.smv_k400.dimacs,SAT,0.755159
MapleCOMSPS,obligation,traffic-lights2_obligation_0.smv_k400.dimacs,SAT,0.96
BSaLTic-DHf,obligation,traffic-lights2_obligation_0.smv_k600.dimacs,SAT,1.39
BSaLTic-EHf,obligation,traffic-lights2_obligation_0.smv_k600.dimacs,SAT,1.79
Kissat,obligation,traffic-lights2_obligation_0.smv_k600.dimacs,SAT,2.28298
MapleCOMSPS,obligation,traffic-lights2_obligation_0.smv_k600.dimacs,SAT,1.87
BSaLTic-DHf,obligation,traffic-lights2_obligation_0.smv_k800.dimacs,SAT,1.82
BSaLTic-EHf,obligation,traffic-lights2_obligation_0.smv_k800.dimacs,SAT,1.77
Kissat,obligation,traffic-lights2_obligation_0.smv_k800.dimacs,SAT,3.19026
MapleCOMSPS,obligation,traffic-lights2_obligation_0.smv_k800.dimacs,SAT,2.48
BSaLTic-DHf,reactivity,traffic-lights2_reactivity_0.smv_k600.dimacs,UNSAT,52.86
BSaLTic-EHf,reactivity,traffic-lights2_reactivity_0.smv_k600.dimacs,UNSAT,32.86
Kissat,reactivity,traffic-lights2_reactivity_0.smv_k600.dimacs,UNSAT,43.8505
MapleCOMSPS,reactivity,traffic-lights2_reactivity_0.smv_k600.dimacs,UNSAT,32.77
BSaLTic-DHf,reactivity,traffic-lights2_reactivity_0.smv_k800.dimacs,UNSAT,96.16
BSaLTic-EHf,reactivity,traffic-lights2_reactivity_0.smv_k800.dimacs,UNSAT,94.87
Kissat,reactivity,traffic-lights2_reactivity_0.smv_k800.dimacs,UNSAT,130.271
MapleCOMSPS,reactivity,traffic-lights2_reactivity_0.smv_k800.dimacs,UNSAT,95.91
