This file contains any messages produced by compilers while
running configure, to aid debugging if configure makes a mistake.

It was created by spot configure 2.10.4, which was
generated by GNU Autoconf 2.71.  Invocation command line was

  $ ./configure --disable-devel --no-create --no-recursion

## --------- ##
## Platform. ##
## --------- ##

hostname = nissa
uname -m = x86_64
uname -r = 5.15.0-134-generic
uname -s = Linux
uname -v = #145-Ubuntu SMP Wed Feb 12 20:08:39 UTC 2025

/usr/bin/uname -p = x86_64
/bin/uname -X     = unknown

/bin/arch              = x86_64
/usr/bin/arch -k       = unknown
/usr/convex/getsysinfo = unknown
/usr/bin/hostinfo      = unknown
/bin/machine           = unknown
/usr/bin/oslevel       = unknown
/bin/universe          = unknown

PATH: /usr/lib/ccache/
PATH: /home/nissa/Téléchargements/gurobi9.5.2_linux64/gurobi952/linux64/bin/
PATH: home/nissa/.local/bin/
PATH: /home/nissa/.local/bin/
PATH: /home/nissa/bin/
PATH: /usr/local/sbin/
PATH: /usr/local/bin/
PATH: /usr/sbin/
PATH: /usr/bin/
PATH: /sbin/
PATH: /bin/
PATH: /usr/games/
PATH: /usr/local/games/
PATH: /snap/bin/
PATH: /usr/lib/jvm/java-17-oracle/bin/
PATH: /usr/lib/jvm/java-17-oracle/db/bin/


## ----------- ##
## Core tests. ##
## ----------- ##

configure:4251: looking for aux files: ltmain.sh config.guess config.sub compile missing install-sh
configure:4264:  trying ./tools/
configure:4293:   ./tools/ltmain.sh found
configure:4293:   ./tools/config.guess found
configure:4293:   ./tools/config.sub found
configure:4293:   ./tools/compile found
configure:4293:   ./tools/missing found
configure:4275:   ./tools/install-sh found
configure:4424: checking for a BSD-compatible install
configure:4497: result: /usr/bin/install -c
configure:4508: checking whether build environment is sane
configure:4563: result: yes
configure:4722: checking for a race-free mkdir -p
configure:4766: result: /usr/bin/mkdir -p
configure:4773: checking for gawk
configure:4794: found /usr/bin/gawk
configure:4805: result: gawk
configure:4816: checking whether make sets $(MAKE)
configure:4839: result: yes
configure:4869: checking whether make supports nested variables
configure:4887: result: yes
configure:4972: checking whether UID '1000' is supported by ustar format
configure:4975: result: yes
configure:4982: checking whether GID '1000' is supported by ustar format
configure:4985: result: yes
configure:4993: checking how to create a ustar tar archive
configure:5004: tar --version
tar (GNU tar) 1.34
Copyright (C) 2021 Free Software Foundation, Inc.
License GPLv3+: GNU GPL version 3 or later <https://gnu.org/licenses/gpl.html>.
This is free software: you are free to change and redistribute it.
There is NO WARRANTY, to the extent permitted by law.

Written by John Gilmore and Jay Fenlason.
configure:5007: $? = 0
configure:5047: tardir=conftest.dir && eval tar --format=ustar -chf - "$tardir" >conftest.tar
configure:5050: $? = 0
configure:5054: tar -xf - <conftest.tar
configure:5057: $? = 0
configure:5059: cat conftest.dir/file
GrepMe
configure:5062: $? = 0
configure:5076: result: gnutar
configure:5243: checking for gcc
configure:5264: found /usr/lib/ccache/gcc
configure:5275: result: gcc
configure:5628: checking for C compiler version
configure:5637: gcc --version >&5
gcc (Ubuntu 11.4.0-1ubuntu1~22.04) 11.4.0
Copyright (C) 2021 Free Software Foundation, Inc.
This is free software; see the source for copying conditions.  There is NO
warranty; not even for MERCHANTABILITY or FITNESS FOR A PARTICULAR PURPOSE.

configure:5648: $? = 0
configure:5637: gcc -v >&5
Using built-in specs.
COLLECT_GCC=/usr/bin/gcc
COLLECT_LTO_WRAPPER=/usr/lib/gcc/x86_64-linux-gnu/11/lto-wrapper
OFFLOAD_TARGET_NAMES=nvptx-none:amdgcn-amdhsa
OFFLOAD_TARGET_DEFAULT=1
Target: x86_64-linux-gnu
Configured with: ../src/configure -v --with-pkgversion='Ubuntu 11.4.0-1ubuntu1~22.04' --with-bugurl=file:///usr/share/doc/gcc-11/README.Bugs --enable-languages=c,ada,c++,go,brig,d,fortran,objc,obj-c++,m2 --prefix=/usr --with-gcc-major-version-only --program-suffix=-11 --program-prefix=x86_64-linux-gnu- --enable-shared --enable-linker-build-id --libexecdir=/usr/lib --without-included-gettext --enable-threads=posix --libdir=/usr/lib --enable-nls --enable-bootstrap --enable-clocale=gnu --enable-libstdcxx-debug --enable-libstdcxx-time=yes --with-default-libstdcxx-abi=new --enable-gnu-unique-object --disable-vtable-verify --enable-plugin --enable-default-pie --with-system-zlib --enable-libphobos-checking=release --with-target-system-zlib=auto --enable-objc-gc=auto --enable-multiarch --disable-werror --enable-cet --with-arch-32=i686 --with-abi=m64 --with-multilib-list=m32,m64,mx32 --enable-multilib --with-tune=generic --enable-offload-targets=nvptx-none=/build/gcc-11-XeT9lY/gcc-11-11.4.0/debian/tmp-nvptx/usr,amdgcn-amdhsa=/build/gcc-11-XeT9lY/gcc-11-11.4.0/debian/tmp-gcn/usr --without-cuda-driver --enable-checking=release --build=x86_64-linux-gnu --host=x86_64-linux-gnu --target=x86_64-linux-gnu --with-build-config=bootstrap-lto-lean --enable-link-serialization=2
Thread model: posix
Supported LTO compression algorithms: zlib zstd
gcc version 11.4.0 (Ubuntu 11.4.0-1ubuntu1~22.04) 
... rest of stderr output deleted ...
configure:5648: $? = 0
configure:5637: gcc -V >&5
gcc: error: unrecognized command-line option '-V'
gcc: fatal error: no input files
compilation terminated.
configure:5648: $? = 1
configure:5637: gcc -qversion >&5
gcc: error: unrecognized command-line option '-qversion'; did you mean '--version'?
gcc: fatal error: no input files
compilation terminated.
configure:5648: $? = 1
configure:5637: gcc -version >&5
gcc: error: unrecognized command-line option '-version'
gcc: fatal error: no input files
compilation terminated.
configure:5648: $? = 1
configure:5668: checking whether the C compiler works
configure:5690: gcc    conftest.c  >&5
configure:5694: $? = 0
configure:5744: result: yes
configure:5747: checking for C compiler default output file name
configure:5749: result: a.out
configure:5755: checking for suffix of executables
configure:5762: gcc -o conftest    conftest.c  >&5
configure:5766: $? = 0
configure:5789: result: 
configure:5811: checking whether we are cross compiling
configure:5819: gcc -o conftest    conftest.c  >&5
configure:5823: $? = 0
configure:5830: ./conftest
configure:5834: $? = 0
configure:5849: result: no
configure:5854: checking for suffix of object files
configure:5877: gcc -c   conftest.c >&5
configure:5881: $? = 0
configure:5903: result: o
configure:5907: checking whether the compiler supports GNU C
configure:5927: gcc -c   conftest.c >&5
configure:5927: $? = 0
configure:5937: result: yes
configure:5948: checking whether gcc accepts -g
configure:5969: gcc -c -g  conftest.c >&5
configure:5969: $? = 0
configure:6013: result: yes
configure:6033: checking for gcc option to enable C11 features
configure:6048: gcc  -c   conftest.c >&5
configure:6048: $? = 0
configure:6066: result: none needed
configure:6182: checking whether gcc understands -c and -o together
configure:6205: gcc -c conftest.c -o conftest2.o
configure:6208: $? = 0
configure:6205: gcc -c conftest.c -o conftest2.o
configure:6208: $? = 0
configure:6220: result: yes
configure:6238: checking whether the compiler is clang
configure:6260: gcc -c   conftest.c >&5
configure:6260: $? = 0
configure:6269: result: no
configure:6273: checking for compiler option needed when checking for declarations
configure:6306: result: none
configure:6318: checking whether make supports the include directive
configure:6333: make -f confmf.GNU && cat confinc.out
make[1]: Entering directory '/home/nissa/Documents/Thesis/MANUSCRIPT/bsaltic/spot'
make[1]: Leaving directory '/home/nissa/Documents/Thesis/MANUSCRIPT/bsaltic/spot'
this is the am__doit target
configure:6336: $? = 0
configure:6355: result: yes (GNU style)
configure:6381: checking dependency style of gcc
configure:6493: result: gcc3
configure:6513: checking for stdio.h
configure:6513: gcc -c   conftest.c >&5
configure:6513: $? = 0
configure:6513: result: yes
configure:6513: checking for stdlib.h
configure:6513: gcc -c   conftest.c >&5
configure:6513: $? = 0
configure:6513: result: yes
configure:6513: checking for string.h
configure:6513: gcc -c   conftest.c >&5
configure:6513: $? = 0
configure:6513: result: yes
configure:6513: checking for inttypes.h
configure:6513: gcc -c   conftest.c >&5
configure:6513: $? = 0
configure:6513: result: yes
configure:6513: checking for stdint.h
configure:6513: gcc -c   conftest.c >&5
configure:6513: $? = 0
configure:6513: result: yes
configure:6513: checking for strings.h
configure:6513: gcc -c   conftest.c >&5
configure:6513: $? = 0
configure:6513: result: yes
configure:6513: checking for sys/stat.h
configure:6513: gcc -c   conftest.c >&5
configure:6513: $? = 0
configure:6513: result: yes
configure:6513: checking for sys/types.h
configure:6513: gcc -c   conftest.c >&5
configure:6513: $? = 0
configure:6513: result: yes
configure:6513: checking for unistd.h
configure:6513: gcc -c   conftest.c >&5
configure:6513: $? = 0
configure:6513: result: yes
configure:6513: checking for wchar.h
configure:6513: gcc -c   conftest.c >&5
configure:6513: $? = 0
configure:6513: result: yes
configure:6513: checking for minix/config.h
configure:6513: gcc -c   conftest.c >&5
conftest.c:49:10: fatal error: minix/config.h: No such file or directory
   49 | #include <minix/config.h>
      |          ^~~~~~~~~~~~~~~~
compilation terminated.
configure:6513: $? = 1
configure: failed program was:
| /* confdefs.h */
| #define PACKAGE_NAME "spot"
| #define PACKAGE_TARNAME "spot"
| #define PACKAGE_VERSION "2.10.4"
| #define PACKAGE_STRING "spot 2.10.4"
| #define PACKAGE_BUGREPORT "spot@lrde.epita.fr"
| #define PACKAGE_URL ""
| #define PACKAGE "spot"
| #define VERSION "2.10.4"
| #define HAVE_STDIO_H 1
| #define HAVE_STDLIB_H 1
| #define HAVE_STRING_H 1
| #define HAVE_INTTYPES_H 1
| #define HAVE_STDINT_H 1
| #define HAVE_STRINGS_H 1
| #define HAVE_SYS_STAT_H 1
| #define HAVE_SYS_TYPES_H 1
| #define HAVE_UNISTD_H 1
| #define HAVE_WCHAR_H 1
| /* end confdefs.h.  */
| #include <stddef.h>
| #ifdef HAVE_STDIO_H
| # include <stdio.h>
| #endif
| #ifdef HAVE_STDLIB_H
| # include <stdlib.h>
| #endif
| #ifdef HAVE_STRING_H
| # include <string.h>
| #endif
| #ifdef HAVE_INTTYPES_H
| # include <inttypes.h>
| #endif
| #ifdef HAVE_STDINT_H
| # include <stdint.h>
| #endif
| #ifdef HAVE_STRINGS_H
| # include <strings.h>
| #endif
| #ifdef HAVE_SYS_TYPES_H
| # include <sys/types.h>
| #endif
| #ifdef HAVE_SYS_STAT_H
| # include <sys/stat.h>
| #endif
| #ifdef HAVE_UNISTD_H
| # include <unistd.h>
| #endif
| #include <minix/config.h>
configure:6513: result: no
configure:6513: checking for features.h
configure:6513: gcc -c   conftest.c >&5
configure:6513: $? = 0
configure:6513: result: yes
configure:6513: checking for linewrap.h
configure:6513: gcc -c   conftest.c >&5
conftest.c:50:10: fatal error: linewrap.h: No such file or directory
   50 | #include <linewrap.h>
      |          ^~~~~~~~~~~~
compilation terminated.
configure:6513: $? = 1
configure: failed program was:
| /* confdefs.h */
| #define PACKAGE_NAME "spot"
| #define PACKAGE_TARNAME "spot"
| #define PACKAGE_VERSION "2.10.4"
| #define PACKAGE_STRING "spot 2.10.4"
| #define PACKAGE_BUGREPORT "spot@lrde.epita.fr"
| #define PACKAGE_URL ""
| #define PACKAGE "spot"
| #define VERSION "2.10.4"
| #define HAVE_STDIO_H 1
| #define HAVE_STDLIB_H 1
| #define HAVE_STRING_H 1
| #define HAVE_INTTYPES_H 1
| #define HAVE_STDINT_H 1
| #define HAVE_STRINGS_H 1
| #define HAVE_SYS_STAT_H 1
| #define HAVE_SYS_TYPES_H 1
| #define HAVE_UNISTD_H 1
| #define HAVE_WCHAR_H 1
| #define HAVE_FEATURES_H 1
| /* end confdefs.h.  */
| #include <stddef.h>
| #ifdef HAVE_STDIO_H
| # include <stdio.h>
| #endif
| #ifdef HAVE_STDLIB_H
| # include <stdlib.h>
| #endif
| #ifdef HAVE_STRING_H
| # include <string.h>
| #endif
| #ifdef HAVE_INTTYPES_H
| # include <inttypes.h>
| #endif
| #ifdef HAVE_STDINT_H
| # include <stdint.h>
| #endif
| #ifdef HAVE_STRINGS_H
| # include <strings.h>
| #endif
| #ifdef HAVE_SYS_TYPES_H
| # include <sys/types.h>
| #endif
| #ifdef HAVE_SYS_STAT_H
| # include <sys/stat.h>
| #endif
| #ifdef HAVE_UNISTD_H
| # include <unistd.h>
| #endif
| #include <linewrap.h>
configure:6513: result: no
configure:6513: checking for stdio_ext.h
configure:6513: gcc -c   conftest.c >&5
configure:6513: $? = 0
configure:6513: result: yes
configure:6513: checking for getopt.h
configure:6513: gcc -c   conftest.c >&5
configure:6513: $? = 0
configure:6513: result: yes
configure:6513: checking for sys/cdefs.h
configure:6513: gcc -c   conftest.c >&5
configure:6513: $? = 0
configure:6513: result: yes
configure:6513: checking for sys/time.h
configure:6513: gcc -c   conftest.c >&5
configure:6513: $? = 0
configure:6513: result: yes
configure:6513: checking for sys/socket.h
configure:6513: gcc -c   conftest.c >&5
configure:6513: $? = 0
configure:6513: result: yes
configure:6513: checking for threads.h
configure:6513: gcc -c   conftest.c >&5
configure:6513: $? = 0
configure:6513: result: yes
configure:6513: checking for limits.h
configure:6513: gcc -c   conftest.c >&5
configure:6513: $? = 0
configure:6513: result: yes
configure:6513: checking for xlocale.h
configure:6513: gcc -c   conftest.c >&5
conftest.c:57:10: fatal error: xlocale.h: No such file or directory
   57 | #include <xlocale.h>
      |          ^~~~~~~~~~~
compilation terminated.
configure:6513: $? = 1
configure: failed program was:
| /* confdefs.h */
| #define PACKAGE_NAME "spot"
| #define PACKAGE_TARNAME "spot"
| #define PACKAGE_VERSION "2.10.4"
| #define PACKAGE_STRING "spot 2.10.4"
| #define PACKAGE_BUGREPORT "spot@lrde.epita.fr"
| #define PACKAGE_URL ""
| #define PACKAGE "spot"
| #define VERSION "2.10.4"
| #define HAVE_STDIO_H 1
| #define HAVE_STDLIB_H 1
| #define HAVE_STRING_H 1
| #define HAVE_INTTYPES_H 1
| #define HAVE_STDINT_H 1
| #define HAVE_STRINGS_H 1
| #define HAVE_SYS_STAT_H 1
| #define HAVE_SYS_TYPES_H 1
| #define HAVE_UNISTD_H 1
| #define HAVE_WCHAR_H 1
| #define HAVE_FEATURES_H 1
| #define HAVE_STDIO_EXT_H 1
| #define HAVE_GETOPT_H 1
| #define HAVE_SYS_CDEFS_H 1
| #define HAVE_SYS_TIME_H 1
| #define HAVE_SYS_SOCKET_H 1
| #define HAVE_THREADS_H 1
| #define HAVE_LIMITS_H 1
| /* end confdefs.h.  */
| #include <stddef.h>
| #ifdef HAVE_STDIO_H
| # include <stdio.h>
| #endif
| #ifdef HAVE_STDLIB_H
| # include <stdlib.h>
| #endif
| #ifdef HAVE_STRING_H
| # include <string.h>
| #endif
| #ifdef HAVE_INTTYPES_H
| # include <inttypes.h>
| #endif
| #ifdef HAVE_STDINT_H
| # include <stdint.h>
| #endif
| #ifdef HAVE_STRINGS_H
| # include <strings.h>
| #endif
| #ifdef HAVE_SYS_TYPES_H
| # include <sys/types.h>
| #endif
| #ifdef HAVE_SYS_STAT_H
| # include <sys/stat.h>
| #endif
| #ifdef HAVE_UNISTD_H
| # include <unistd.h>
| #endif
| #include <xlocale.h>
configure:6513: result: no
configure:6513: checking for sys/mman.h
configure:6513: gcc -c   conftest.c >&5
configure:6513: $? = 0
configure:6513: result: yes
configure:6513: checking for sys/param.h
configure:6513: gcc -c   conftest.c >&5
configure:6513: $? = 0
configure:6513: result: yes
configure:6513: checking for sys/wait.h
configure:6513: gcc -c   conftest.c >&5
configure:6513: $? = 0
configure:6513: result: yes
configure:6513: checking for sysexits.h
configure:6513: gcc -c   conftest.c >&5
configure:6513: $? = 0
configure:6513: result: yes
configure:6513: checking for crtdefs.h
configure:6513: gcc -c   conftest.c >&5
conftest.c:61:10: fatal error: crtdefs.h: No such file or directory
   61 | #include <crtdefs.h>
      |          ^~~~~~~~~~~
compilation terminated.
configure:6513: $? = 1
configure: failed program was:
| /* confdefs.h */
| #define PACKAGE_NAME "spot"
| #define PACKAGE_TARNAME "spot"
| #define PACKAGE_VERSION "2.10.4"
| #define PACKAGE_STRING "spot 2.10.4"
| #define PACKAGE_BUGREPORT "spot@lrde.epita.fr"
| #define PACKAGE_URL ""
| #define PACKAGE "spot"
| #define VERSION "2.10.4"
| #define HAVE_STDIO_H 1
| #define HAVE_STDLIB_H 1
| #define HAVE_STRING_H 1
| #define HAVE_INTTYPES_H 1
| #define HAVE_STDINT_H 1
| #define HAVE_STRINGS_H 1
| #define HAVE_SYS_STAT_H 1
| #define HAVE_SYS_TYPES_H 1
| #define HAVE_UNISTD_H 1
| #define HAVE_WCHAR_H 1
| #define HAVE_FEATURES_H 1
| #define HAVE_STDIO_EXT_H 1
| #define HAVE_GETOPT_H 1
| #define HAVE_SYS_CDEFS_H 1
| #define HAVE_SYS_TIME_H 1
| #define HAVE_SYS_SOCKET_H 1
| #define HAVE_THREADS_H 1
| #define HAVE_LIMITS_H 1
| #define HAVE_SYS_MMAN_H 1
| #define HAVE_SYS_PARAM_H 1
| #define HAVE_SYS_WAIT_H 1
| #define HAVE_SYSEXITS_H 1
| /* end confdefs.h.  */
| #include <stddef.h>
| #ifdef HAVE_STDIO_H
| # include <stdio.h>
| #endif
| #ifdef HAVE_STDLIB_H
| # include <stdlib.h>
| #endif
| #ifdef HAVE_STRING_H
| # include <string.h>
| #endif
| #ifdef HAVE_INTTYPES_H
| # include <inttypes.h>
| #endif
| #ifdef HAVE_STDINT_H
| # include <stdint.h>
| #endif
| #ifdef HAVE_STRINGS_H
| # include <strings.h>
| #endif
| #ifdef HAVE_SYS_TYPES_H
| # include <sys/types.h>
| #endif
| #ifdef HAVE_SYS_STAT_H
| # include <sys/stat.h>
| #endif
| #ifdef HAVE_UNISTD_H
| # include <unistd.h>
| #endif
| #include <crtdefs.h>
configure:6513: result: no
configure:6513: checking for wctype.h
configure:6513: gcc -c   conftest.c >&5
configure:6513: $? = 0
configure:6513: result: yes
configure:6544: checking whether it is safe to define __EXTENSIONS__
configure:6563: gcc -c   conftest.c >&5
configure:6563: $? = 0
configure:6571: result: yes
configure:6574: checking whether _XOPEN_SOURCE should be defined
configure:6596: gcc -c   conftest.c >&5
configure:6596: $? = 0
configure:6623: result: no
configure:6685: checking build system type
configure:6700: result: x86_64-pc-linux-gnu
configure:6720: checking host system type
configure:6734: result: x86_64-pc-linux-gnu
configure:6771: checking how to run the C preprocessor
configure:6797: gcc -E  conftest.c
configure:6797: $? = 0
configure:6812: gcc -E  conftest.c
conftest.c:51:10: fatal error: ac_nonexistent.h: No such file or directory
   51 | #include <ac_nonexistent.h>
      |          ^~~~~~~~~~~~~~~~~~
compilation terminated.
configure:6812: $? = 1
configure: failed program was:
| /* confdefs.h */
| #define PACKAGE_NAME "spot"
| #define PACKAGE_TARNAME "spot"
| #define PACKAGE_VERSION "2.10.4"
| #define PACKAGE_STRING "spot 2.10.4"
| #define PACKAGE_BUGREPORT "spot@lrde.epita.fr"
| #define PACKAGE_URL ""
| #define PACKAGE "spot"
| #define VERSION "2.10.4"
| #define HAVE_STDIO_H 1
| #define HAVE_STDLIB_H 1
| #define HAVE_STRING_H 1
| #define HAVE_INTTYPES_H 1
| #define HAVE_STDINT_H 1
| #define HAVE_STRINGS_H 1
| #define HAVE_SYS_STAT_H 1
| #define HAVE_SYS_TYPES_H 1
| #define HAVE_UNISTD_H 1
| #define HAVE_WCHAR_H 1
| #define HAVE_FEATURES_H 1
| #define HAVE_STDIO_EXT_H 1
| #define HAVE_GETOPT_H 1
| #define HAVE_SYS_CDEFS_H 1
| #define HAVE_SYS_TIME_H 1
| #define HAVE_SYS_SOCKET_H 1
| #define HAVE_THREADS_H 1
| #define HAVE_LIMITS_H 1
| #define HAVE_SYS_MMAN_H 1
| #define HAVE_SYS_PARAM_H 1
| #define HAVE_SYS_WAIT_H 1
| #define HAVE_SYSEXITS_H 1
| #define HAVE_WCTYPE_H 1
| #define STDC_HEADERS 1
| #define _ALL_SOURCE 1
| #define _DARWIN_C_SOURCE 1
| #define _GNU_SOURCE 1
| #define _HPUX_ALT_XOPEN_SOCKET_API 1
| #define _NETBSD_SOURCE 1
| #define _OPENBSD_SOURCE 1
| #define _POSIX_PTHREAD_SEMANTICS 1
| #define __STDC_WANT_IEC_60559_ATTRIBS_EXT__ 1
| #define __STDC_WANT_IEC_60559_BFP_EXT__ 1
| #define __STDC_WANT_IEC_60559_DFP_EXT__ 1
| #define __STDC_WANT_IEC_60559_FUNCS_EXT__ 1
| #define __STDC_WANT_IEC_60559_TYPES_EXT__ 1
| #define __STDC_WANT_LIB_EXT2__ 1
| #define __STDC_WANT_MATH_SPEC_FUNCS__ 1
| #define _TANDEM_SOURCE 1
| #define __EXTENSIONS__ 1
| /* end confdefs.h.  */
| #include <ac_nonexistent.h>
configure:6839: result: gcc -E
configure:6853: gcc -E  conftest.c
configure:6853: $? = 0
configure:6868: gcc -E  conftest.c
conftest.c:51:10: fatal error: ac_nonexistent.h: No such file or directory
   51 | #include <ac_nonexistent.h>
      |          ^~~~~~~~~~~~~~~~~~
compilation terminated.
configure:6868: $? = 1
configure: failed program was:
| /* confdefs.h */
| #define PACKAGE_NAME "spot"
| #define PACKAGE_TARNAME "spot"
| #define PACKAGE_VERSION "2.10.4"
| #define PACKAGE_STRING "spot 2.10.4"
| #define PACKAGE_BUGREPORT "spot@lrde.epita.fr"
| #define PACKAGE_URL ""
| #define PACKAGE "spot"
| #define VERSION "2.10.4"
| #define HAVE_STDIO_H 1
| #define HAVE_STDLIB_H 1
| #define HAVE_STRING_H 1
| #define HAVE_INTTYPES_H 1
| #define HAVE_STDINT_H 1
| #define HAVE_STRINGS_H 1
| #define HAVE_SYS_STAT_H 1
| #define HAVE_SYS_TYPES_H 1
| #define HAVE_UNISTD_H 1
| #define HAVE_WCHAR_H 1
| #define HAVE_FEATURES_H 1
| #define HAVE_STDIO_EXT_H 1
| #define HAVE_GETOPT_H 1
| #define HAVE_SYS_CDEFS_H 1
| #define HAVE_SYS_TIME_H 1
| #define HAVE_SYS_SOCKET_H 1
| #define HAVE_THREADS_H 1
| #define HAVE_LIMITS_H 1
| #define HAVE_SYS_MMAN_H 1
| #define HAVE_SYS_PARAM_H 1
| #define HAVE_SYS_WAIT_H 1
| #define HAVE_SYSEXITS_H 1
| #define HAVE_WCTYPE_H 1
| #define STDC_HEADERS 1
| #define _ALL_SOURCE 1
| #define _DARWIN_C_SOURCE 1
| #define _GNU_SOURCE 1
| #define _HPUX_ALT_XOPEN_SOCKET_API 1
| #define _NETBSD_SOURCE 1
| #define _OPENBSD_SOURCE 1
| #define _POSIX_PTHREAD_SEMANTICS 1
| #define __STDC_WANT_IEC_60559_ATTRIBS_EXT__ 1
| #define __STDC_WANT_IEC_60559_BFP_EXT__ 1
| #define __STDC_WANT_IEC_60559_DFP_EXT__ 1
| #define __STDC_WANT_IEC_60559_FUNCS_EXT__ 1
| #define __STDC_WANT_IEC_60559_TYPES_EXT__ 1
| #define __STDC_WANT_LIB_EXT2__ 1
| #define __STDC_WANT_MATH_SPEC_FUNCS__ 1
| #define _TANDEM_SOURCE 1
| #define __EXTENSIONS__ 1
| /* end confdefs.h.  */
| #include <ac_nonexistent.h>
configure:6899: checking for grep that handles long lines and -e
configure:6963: result: /usr/bin/grep
configure:6968: checking for egrep
configure:7036: result: /usr/bin/grep -E
configure:7044: checking for Minix Amsterdam compiler
configure:7070: result: no
configure:7132: checking for ar
configure:7153: found /usr/bin/ar
configure:7164: result: ar
configure:7244: checking for ranlib
configure:7265: found /usr/bin/ranlib
configure:7276: result: ranlib
configure:7310: checking for special C compiler options needed for large files
configure:7358: result: no
configure:7364: checking for _FILE_OFFSET_BITS value needed for large files
configure:7390: gcc -c   conftest.c >&5
configure:7390: $? = 0
configure:7424: result: no
configure:7691: checking for g++
configure:7712: found /usr/lib/ccache/g++
configure:7723: result: g++
configure:7750: checking for C++ compiler version
configure:7759: g++ --version >&5
g++ (Ubuntu 11.4.0-1ubuntu1~22.04) 11.4.0
Copyright (C) 2021 Free Software Foundation, Inc.
This is free software; see the source for copying conditions.  There is NO
warranty; not even for MERCHANTABILITY or FITNESS FOR A PARTICULAR PURPOSE.

configure:7770: $? = 0
configure:7759: g++ -v >&5
Using built-in specs.
COLLECT_GCC=/usr/bin/g++
COLLECT_LTO_WRAPPER=/usr/lib/gcc/x86_64-linux-gnu/11/lto-wrapper
OFFLOAD_TARGET_NAMES=nvptx-none:amdgcn-amdhsa
OFFLOAD_TARGET_DEFAULT=1
Target: x86_64-linux-gnu
Configured with: ../src/configure -v --with-pkgversion='Ubuntu 11.4.0-1ubuntu1~22.04' --with-bugurl=file:///usr/share/doc/gcc-11/README.Bugs --enable-languages=c,ada,c++,go,brig,d,fortran,objc,obj-c++,m2 --prefix=/usr --with-gcc-major-version-only --program-suffix=-11 --program-prefix=x86_64-linux-gnu- --enable-shared --enable-linker-build-id --libexecdir=/usr/lib --without-included-gettext --enable-threads=posix --libdir=/usr/lib --enable-nls --enable-bootstrap --enable-clocale=gnu --enable-libstdcxx-debug --enable-libstdcxx-time=yes --with-default-libstdcxx-abi=new --enable-gnu-unique-object --disable-vtable-verify --enable-plugin --enable-default-pie --with-system-zlib --enable-libphobos-checking=release --with-target-system-zlib=auto --enable-objc-gc=auto --enable-multiarch --disable-werror --enable-cet --with-arch-32=i686 --with-abi=m64 --with-multilib-list=m32,m64,mx32 --enable-multilib --with-tune=generic --enable-offload-targets=nvptx-none=/build/gcc-11-XeT9lY/gcc-11-11.4.0/debian/tmp-nvptx/usr,amdgcn-amdhsa=/build/gcc-11-XeT9lY/gcc-11-11.4.0/debian/tmp-gcn/usr --without-cuda-driver --enable-checking=release --build=x86_64-linux-gnu --host=x86_64-linux-gnu --target=x86_64-linux-gnu --with-build-config=bootstrap-lto-lean --enable-link-serialization=2
Thread model: posix
Supported LTO compression algorithms: zlib zstd
gcc version 11.4.0 (Ubuntu 11.4.0-1ubuntu1~22.04) 
... rest of stderr output deleted ...
configure:7770: $? = 0
configure:7759: g++ -V >&5
g++: error: unrecognized command-line option '-V'
g++: fatal error: no input files
compilation terminated.
configure:7770: $? = 1
configure:7759: g++ -qversion >&5
g++: error: unrecognized command-line option '-qversion'; did you mean '--version'?
g++: fatal error: no input files
compilation terminated.
configure:7770: $? = 1
configure:7774: checking whether the compiler supports GNU C++
configure:7794: g++ -c   conftest.cpp >&5
configure:7794: $? = 0
configure:7804: result: yes
configure:7815: checking whether g++ accepts -g
configure:7836: g++ -c -g  conftest.cpp >&5
configure:7836: $? = 0
configure:7880: result: yes
configure:7900: checking for g++ option to enable C++11 features
configure:7915: g++  -c   conftest.cpp >&5
conftest.cpp: In function 'int main(int, char**)':
conftest.cpp:217:25: warning: empty parentheses were disambiguated as a function declaration [-Wvexing-parse]
  217 |   cxx11test::delegate d2();
      |                         ^~
conftest.cpp:217:25: note: remove parentheses to default-initialize a variable
  217 |   cxx11test::delegate d2();
      |                         ^~
      |                         --
conftest.cpp:217:25: note: or replace parentheses with braces to value-initialize a variable
configure:7915: $? = 0
configure:7933: result: none needed
configure:7999: checking dependency style of g++
configure:8111: result: gcc3
configure:8131: checking for flex
configure:8152: found /usr/bin/flex
configure:8163: result: flex
configure:8212: checking for lex output file root
configure:8225: flex conftest.l
configure:8229: $? = 0
configure:8237: result: lex.yy
configure:8252: checking for lex library
configure:8277: gcc -o conftest    conftest.c  >&5
configure:8277: $? = 0
configure:8290: result: none needed
configure:8305: checking for library containing yywrap
configure:8335: gcc -o conftest    conftest.c  >&5
/usr/bin/ld: /tmp/ccdOGPqN.o: in function `main':
conftest.c:(.text+0xe): undefined reference to `yywrap'
collect2: error: ld returned 1 exit status
configure:8335: $? = 1
configure: failed program was:
| /* confdefs.h */
| #define PACKAGE_NAME "spot"
| #define PACKAGE_TARNAME "spot"
| #define PACKAGE_VERSION "2.10.4"
| #define PACKAGE_STRING "spot 2.10.4"
| #define PACKAGE_BUGREPORT "spot@lrde.epita.fr"
| #define PACKAGE_URL ""
| #define PACKAGE "spot"
| #define VERSION "2.10.4"
| #define HAVE_STDIO_H 1
| #define HAVE_STDLIB_H 1
| #define HAVE_STRING_H 1
| #define HAVE_INTTYPES_H 1
| #define HAVE_STDINT_H 1
| #define HAVE_STRINGS_H 1
| #define HAVE_SYS_STAT_H 1
| #define HAVE_SYS_TYPES_H 1
| #define HAVE_UNISTD_H 1
| #define HAVE_WCHAR_H 1
| #define HAVE_FEATURES_H 1
| #define HAVE_STDIO_EXT_H 1
| #define HAVE_GETOPT_H 1
| #define HAVE_SYS_CDEFS_H 1
| #define HAVE_SYS_TIME_H 1
| #define HAVE_SYS_SOCKET_H 1
| #define HAVE_THREADS_H 1
| #define HAVE_LIMITS_H 1
| #define HAVE_SYS_MMAN_H 1
| #define HAVE_SYS_PARAM_H 1
| #define HAVE_SYS_WAIT_H 1
| #define HAVE_SYSEXITS_H 1
| #define HAVE_WCTYPE_H 1
| #define STDC_HEADERS 1
| #define _ALL_SOURCE 1
| #define _DARWIN_C_SOURCE 1
| #define _GNU_SOURCE 1
| #define _HPUX_ALT_XOPEN_SOCKET_API 1
| #define _NETBSD_SOURCE 1
| #define _OPENBSD_SOURCE 1
| #define _POSIX_PTHREAD_SEMANTICS 1
| #define __STDC_WANT_IEC_60559_ATTRIBS_EXT__ 1
| #define __STDC_WANT_IEC_60559_BFP_EXT__ 1
| #define __STDC_WANT_IEC_60559_DFP_EXT__ 1
| #define __STDC_WANT_IEC_60559_FUNCS_EXT__ 1
| #define __STDC_WANT_IEC_60559_TYPES_EXT__ 1
| #define __STDC_WANT_LIB_EXT2__ 1
| #define __STDC_WANT_MATH_SPEC_FUNCS__ 1
| #define _TANDEM_SOURCE 1
| #define __EXTENSIONS__ 1
| /* end confdefs.h.  */
| 
| /* Override any GCC internal prototype to avoid an error.
|    Use char because int might match the return type of a GCC
|    builtin and then its argument prototype would still apply.  */
| char yywrap ();
| int
| main (void)
| {
| return yywrap ();
|   ;
|   return 0;
| }
configure:8335: gcc -o conftest    conftest.c -lfl   >&5
/usr/bin/ld: /usr/lib/gcc/x86_64-linux-gnu/11/../../../x86_64-linux-gnu/libfl.so: undefined reference to `yylex'
collect2: error: ld returned 1 exit status
configure:8335: $? = 1
configure: failed program was:
| /* confdefs.h */
| #define PACKAGE_NAME "spot"
| #define PACKAGE_TARNAME "spot"
| #define PACKAGE_VERSION "2.10.4"
| #define PACKAGE_STRING "spot 2.10.4"
| #define PACKAGE_BUGREPORT "spot@lrde.epita.fr"
| #define PACKAGE_URL ""
| #define PACKAGE "spot"
| #define VERSION "2.10.4"
| #define HAVE_STDIO_H 1
| #define HAVE_STDLIB_H 1
| #define HAVE_STRING_H 1
| #define HAVE_INTTYPES_H 1
| #define HAVE_STDINT_H 1
| #define HAVE_STRINGS_H 1
| #define HAVE_SYS_STAT_H 1
| #define HAVE_SYS_TYPES_H 1
| #define HAVE_UNISTD_H 1
| #define HAVE_WCHAR_H 1
| #define HAVE_FEATURES_H 1
| #define HAVE_STDIO_EXT_H 1
| #define HAVE_GETOPT_H 1
| #define HAVE_SYS_CDEFS_H 1
| #define HAVE_SYS_TIME_H 1
| #define HAVE_SYS_SOCKET_H 1
| #define HAVE_THREADS_H 1
| #define HAVE_LIMITS_H 1
| #define HAVE_SYS_MMAN_H 1
| #define HAVE_SYS_PARAM_H 1
| #define HAVE_SYS_WAIT_H 1
| #define HAVE_SYSEXITS_H 1
| #define HAVE_WCTYPE_H 1
| #define STDC_HEADERS 1
| #define _ALL_SOURCE 1
| #define _DARWIN_C_SOURCE 1
| #define _GNU_SOURCE 1
| #define _HPUX_ALT_XOPEN_SOCKET_API 1
| #define _NETBSD_SOURCE 1
| #define _OPENBSD_SOURCE 1
| #define _POSIX_PTHREAD_SEMANTICS 1
| #define __STDC_WANT_IEC_60559_ATTRIBS_EXT__ 1
| #define __STDC_WANT_IEC_60559_BFP_EXT__ 1
| #define __STDC_WANT_IEC_60559_DFP_EXT__ 1
| #define __STDC_WANT_IEC_60559_FUNCS_EXT__ 1
| #define __STDC_WANT_IEC_60559_TYPES_EXT__ 1
| #define __STDC_WANT_LIB_EXT2__ 1
| #define __STDC_WANT_MATH_SPEC_FUNCS__ 1
| #define _TANDEM_SOURCE 1
| #define __EXTENSIONS__ 1
| /* end confdefs.h.  */
| 
| /* Override any GCC internal prototype to avoid an error.
|    Use char because int might match the return type of a GCC
|    builtin and then its argument prototype would still apply.  */
| char yywrap ();
| int
| main (void)
| {
| return yywrap ();
|   ;
|   return 0;
| }
configure:8335: gcc -o conftest    conftest.c -ll   >&5
configure:8335: $? = 0
configure:8355: result: -ll
configure:8371: checking whether yytext is a pointer
configure:8387: gcc -c   conftest.c >&5
configure:8387: $? = 0
configure:8394: result: yes
configure:8414: checking for bison
configure:8435: found /usr/bin/bison
configure:8446: result: bison
configure:8459: bison -Wno-deprecated --version
bison (GNU Bison) 3.8.2
Written by Robert Corbett and Richard Stallman.

Copyright (C) 2021 Free Software Foundation, Inc.
This is free software; see the source for copying conditions.  There is NO
warranty; not even for MERCHANTABILITY or FITNESS FOR A PARTICULAR PURPOSE.
configure:8462: $? = 0
configure:8482: checking whether make supports nested variables
configure:8500: result: yes
configure:8540: gcc -o conftest    conftest.c  >&5
configure:8540: $? = 0
configure:8540: ./conftest
configure:8540: $? = 0
configure:8563: checking whether C compiler accepts -std=c11
configure:8583: gcc -c   -std=c11  conftest.c >&5
configure:8583: $? = 0
configure:8592: result: yes
configure:8630: checking for size_t
configure:8630: gcc -c  -std=c11  conftest.c >&5
configure:8630: $? = 0
configure:8630: gcc -c  -std=c11  conftest.c >&5
conftest.c: In function 'main':
conftest.c:84:21: error: expected expression before ')' token
   84 | if (sizeof ((size_t)))
      |                     ^
configure:8630: $? = 1
configure: failed program was:
| /* confdefs.h */
| #define PACKAGE_NAME "spot"
| #define PACKAGE_TARNAME "spot"
| #define PACKAGE_VERSION "2.10.4"
| #define PACKAGE_STRING "spot 2.10.4"
| #define PACKAGE_BUGREPORT "spot@lrde.epita.fr"
| #define PACKAGE_URL ""
| #define PACKAGE "spot"
| #define VERSION "2.10.4"
| #define HAVE_STDIO_H 1
| #define HAVE_STDLIB_H 1
| #define HAVE_STRING_H 1
| #define HAVE_INTTYPES_H 1
| #define HAVE_STDINT_H 1
| #define HAVE_STRINGS_H 1
| #define HAVE_SYS_STAT_H 1
| #define HAVE_SYS_TYPES_H 1
| #define HAVE_UNISTD_H 1
| #define HAVE_WCHAR_H 1
| #define HAVE_FEATURES_H 1
| #define HAVE_STDIO_EXT_H 1
| #define HAVE_GETOPT_H 1
| #define HAVE_SYS_CDEFS_H 1
| #define HAVE_SYS_TIME_H 1
| #define HAVE_SYS_SOCKET_H 1
| #define HAVE_THREADS_H 1
| #define HAVE_LIMITS_H 1
| #define HAVE_SYS_MMAN_H 1
| #define HAVE_SYS_PARAM_H 1
| #define HAVE_SYS_WAIT_H 1
| #define HAVE_SYSEXITS_H 1
| #define HAVE_WCTYPE_H 1
| #define STDC_HEADERS 1
| #define _ALL_SOURCE 1
| #define _DARWIN_C_SOURCE 1
| #define _GNU_SOURCE 1
| #define _HPUX_ALT_XOPEN_SOCKET_API 1
| #define _NETBSD_SOURCE 1
| #define _OPENBSD_SOURCE 1
| #define _POSIX_PTHREAD_SEMANTICS 1
| #define __STDC_WANT_IEC_60559_ATTRIBS_EXT__ 1
| #define __STDC_WANT_IEC_60559_BFP_EXT__ 1
| #define __STDC_WANT_IEC_60559_DFP_EXT__ 1
| #define __STDC_WANT_IEC_60559_FUNCS_EXT__ 1
| #define __STDC_WANT_IEC_60559_TYPES_EXT__ 1
| #define __STDC_WANT_LIB_EXT2__ 1
| #define __STDC_WANT_MATH_SPEC_FUNCS__ 1
| #define _TANDEM_SOURCE 1
| #define __EXTENSIONS__ 1
| #define YYTEXT_POINTER 1
| #define MAX_ACCSETS 32
| /* end confdefs.h.  */
| #include <stddef.h>
| #ifdef HAVE_STDIO_H
| # include <stdio.h>
| #endif
| #ifdef HAVE_STDLIB_H
| # include <stdlib.h>
| #endif
| #ifdef HAVE_STRING_H
| # include <string.h>
| #endif
| #ifdef HAVE_INTTYPES_H
| # include <inttypes.h>
| #endif
| #ifdef HAVE_STDINT_H
| # include <stdint.h>
| #endif
| #ifdef HAVE_STRINGS_H
| # include <strings.h>
| #endif
| #ifdef HAVE_SYS_TYPES_H
| # include <sys/types.h>
| #endif
| #ifdef HAVE_SYS_STAT_H
| # include <sys/stat.h>
| #endif
| #ifdef HAVE_UNISTD_H
| # include <unistd.h>
| #endif
| int
| main (void)
| {
| if (sizeof ((size_t)))
| 	    return 0;
|   ;
|   return 0;
| }
configure:8630: result: yes
configure:8642: checking for working alloca.h
configure:8660: gcc -o conftest  -std=c11   conftest.c  >&5
configure:8660: $? = 0
configure:8669: result: yes
configure:8677: checking for alloca
configure:8722: result: yes
configure:8793: checking for inline
configure:8810: gcc -c  -std=c11  conftest.c >&5
configure:8810: $? = 0
configure:8819: result: inline
configure:8837: checking for C/C++ restrict keyword
configure:8865: gcc -c  -std=c11  conftest.c >&5
configure:8865: $? = 0
configure:8874: result: __restrict
configure:8885: checking for gcc options needed to detect all undeclared functions
configure:8907: gcc -c  -std=c11   conftest.c >&5
conftest.c: In function 'main':
conftest.c:60:8: error: 'strchr' undeclared (first use in this function)
   60 | (void) strchr;
      |        ^~~~~~
conftest.c:1:1: note: 'strchr' is defined in header '<string.h>'; did you forget to '#include <string.h>'?
    1 | /* confdefs.h */
conftest.c:60:8: note: each undeclared identifier is reported only once for each function it appears in
   60 | (void) strchr;
      |        ^~~~~~
configure:8907: $? = 1
configure: failed program was:
| /* confdefs.h */
| #define PACKAGE_NAME "spot"
| #define PACKAGE_TARNAME "spot"
| #define PACKAGE_VERSION "2.10.4"
| #define PACKAGE_STRING "spot 2.10.4"
| #define PACKAGE_BUGREPORT "spot@lrde.epita.fr"
| #define PACKAGE_URL ""
| #define PACKAGE "spot"
| #define VERSION "2.10.4"
| #define HAVE_STDIO_H 1
| #define HAVE_STDLIB_H 1
| #define HAVE_STRING_H 1
| #define HAVE_INTTYPES_H 1
| #define HAVE_STDINT_H 1
| #define HAVE_STRINGS_H 1
| #define HAVE_SYS_STAT_H 1
| #define HAVE_SYS_TYPES_H 1
| #define HAVE_UNISTD_H 1
| #define HAVE_WCHAR_H 1
| #define HAVE_FEATURES_H 1
| #define HAVE_STDIO_EXT_H 1
| #define HAVE_GETOPT_H 1
| #define HAVE_SYS_CDEFS_H 1
| #define HAVE_SYS_TIME_H 1
| #define HAVE_SYS_SOCKET_H 1
| #define HAVE_THREADS_H 1
| #define HAVE_LIMITS_H 1
| #define HAVE_SYS_MMAN_H 1
| #define HAVE_SYS_PARAM_H 1
| #define HAVE_SYS_WAIT_H 1
| #define HAVE_SYSEXITS_H 1
| #define HAVE_WCTYPE_H 1
| #define STDC_HEADERS 1
| #define _ALL_SOURCE 1
| #define _DARWIN_C_SOURCE 1
| #define _GNU_SOURCE 1
| #define _HPUX_ALT_XOPEN_SOCKET_API 1
| #define _NETBSD_SOURCE 1
| #define _OPENBSD_SOURCE 1
| #define _POSIX_PTHREAD_SEMANTICS 1
| #define __STDC_WANT_IEC_60559_ATTRIBS_EXT__ 1
| #define __STDC_WANT_IEC_60559_BFP_EXT__ 1
| #define __STDC_WANT_IEC_60559_DFP_EXT__ 1
| #define __STDC_WANT_IEC_60559_FUNCS_EXT__ 1
| #define __STDC_WANT_IEC_60559_TYPES_EXT__ 1
| #define __STDC_WANT_LIB_EXT2__ 1
| #define __STDC_WANT_MATH_SPEC_FUNCS__ 1
| #define _TANDEM_SOURCE 1
| #define __EXTENSIONS__ 1
| #define YYTEXT_POINTER 1
| #define MAX_ACCSETS 32
| #define HAVE_ALLOCA_H 1
| #define HAVE_ALLOCA 1
| #define restrict __restrict
| /* end confdefs.h.  */
| 
| int
| main (void)
| {
| (void) strchr;
|   ;
|   return 0;
| }
configure:8934: gcc -c  -std=c11   conftest.c >&5
configure:8934: $? = 0
configure:8951: result: none needed
configure:8965: checking whether clearerr_unlocked is declared
configure:8965: gcc -c  -std=c11   conftest.c >&5
configure:8965: $? = 0
configure:8965: result: yes
configure:8974: checking whether feof_unlocked is declared
configure:8974: gcc -c  -std=c11   conftest.c >&5
configure:8974: $? = 0
configure:8974: result: yes
configure:8983: checking whether ferror_unlocked is declared
configure:8983: gcc -c  -std=c11   conftest.c >&5
configure:8983: $? = 0
configure:8983: result: yes
configure:8992: checking whether fflush_unlocked is declared
configure:8992: gcc -c  -std=c11   conftest.c >&5
configure:8992: $? = 0
configure:8992: result: yes
configure:9001: checking whether fgets_unlocked is declared
configure:9001: gcc -c  -std=c11   conftest.c >&5
configure:9001: $? = 0
configure:9001: result: yes
configure:9010: checking whether fputc_unlocked is declared
configure:9010: gcc -c  -std=c11   conftest.c >&5
configure:9010: $? = 0
configure:9010: result: yes
configure:9019: checking whether fputs_unlocked is declared
configure:9019: gcc -c  -std=c11   conftest.c >&5
configure:9019: $? = 0
configure:9019: result: yes
configure:9028: checking whether fread_unlocked is declared
configure:9028: gcc -c  -std=c11   conftest.c >&5
configure:9028: $? = 0
configure:9028: result: yes
configure:9037: checking whether fwrite_unlocked is declared
configure:9037: gcc -c  -std=c11   conftest.c >&5
configure:9037: $? = 0
configure:9037: result: yes
configure:9046: checking whether getc_unlocked is declared
configure:9046: gcc -c  -std=c11   conftest.c >&5
configure:9046: $? = 0
configure:9046: result: yes
configure:9055: checking whether getchar_unlocked is declared
configure:9055: gcc -c  -std=c11   conftest.c >&5
configure:9055: $? = 0
configure:9055: result: yes
configure:9064: checking whether putc_unlocked is declared
configure:9064: gcc -c  -std=c11   conftest.c >&5
configure:9064: $? = 0
configure:9064: result: yes
configure:9073: checking whether putchar_unlocked is declared
configure:9073: gcc -c  -std=c11   conftest.c >&5
configure:9073: $? = 0
configure:9073: result: yes
configure:9086: checking for flockfile
configure:9086: gcc -o conftest  -std=c11   conftest.c  >&5
configure:9086: $? = 0
configure:9086: result: yes
configure:9086: checking for funlockfile
configure:9086: gcc -o conftest  -std=c11   conftest.c  >&5
configure:9086: $? = 0
configure:9086: result: yes
configure:9086: checking for symlink
configure:9086: gcc -o conftest  -std=c11   conftest.c  >&5
configure:9086: $? = 0
configure:9086: result: yes
configure:9086: checking for getprogname
configure:9086: gcc -o conftest  -std=c11   conftest.c  >&5
/usr/bin/ld: /tmp/cc0NjVvb.o: in function `main':
conftest.c:(.text+0xe): undefined reference to `getprogname'
collect2: error: ld returned 1 exit status
configure:9086: $? = 1
configure: failed program was:
| /* confdefs.h */
| #define PACKAGE_NAME "spot"
| #define PACKAGE_TARNAME "spot"
| #define PACKAGE_VERSION "2.10.4"
| #define PACKAGE_STRING "spot 2.10.4"
| #define PACKAGE_BUGREPORT "spot@lrde.epita.fr"
| #define PACKAGE_URL ""
| #define PACKAGE "spot"
| #define VERSION "2.10.4"
| #define HAVE_STDIO_H 1
| #define HAVE_STDLIB_H 1
| #define HAVE_STRING_H 1
| #define HAVE_INTTYPES_H 1
| #define HAVE_STDINT_H 1
| #define HAVE_STRINGS_H 1
| #define HAVE_SYS_STAT_H 1
| #define HAVE_SYS_TYPES_H 1
| #define HAVE_UNISTD_H 1
| #define HAVE_WCHAR_H 1
| #define HAVE_FEATURES_H 1
| #define HAVE_STDIO_EXT_H 1
| #define HAVE_GETOPT_H 1
| #define HAVE_SYS_CDEFS_H 1
| #define HAVE_SYS_TIME_H 1
| #define HAVE_SYS_SOCKET_H 1
| #define HAVE_THREADS_H 1
| #define HAVE_LIMITS_H 1
| #define HAVE_SYS_MMAN_H 1
| #define HAVE_SYS_PARAM_H 1
| #define HAVE_SYS_WAIT_H 1
| #define HAVE_SYSEXITS_H 1
| #define HAVE_WCTYPE_H 1
| #define STDC_HEADERS 1
| #define _ALL_SOURCE 1
| #define _DARWIN_C_SOURCE 1
| #define _GNU_SOURCE 1
| #define _HPUX_ALT_XOPEN_SOCKET_API 1
| #define _NETBSD_SOURCE 1
| #define _OPENBSD_SOURCE 1
| #define _POSIX_PTHREAD_SEMANTICS 1
| #define __STDC_WANT_IEC_60559_ATTRIBS_EXT__ 1
| #define __STDC_WANT_IEC_60559_BFP_EXT__ 1
| #define __STDC_WANT_IEC_60559_DFP_EXT__ 1
| #define __STDC_WANT_IEC_60559_FUNCS_EXT__ 1
| #define __STDC_WANT_IEC_60559_TYPES_EXT__ 1
| #define __STDC_WANT_LIB_EXT2__ 1
| #define __STDC_WANT_MATH_SPEC_FUNCS__ 1
| #define _TANDEM_SOURCE 1
| #define __EXTENSIONS__ 1
| #define YYTEXT_POINTER 1
| #define MAX_ACCSETS 32
| #define HAVE_ALLOCA_H 1
| #define HAVE_ALLOCA 1
| #define restrict __restrict
| #define HAVE_DECL_CLEARERR_UNLOCKED 1
| #define HAVE_DECL_FEOF_UNLOCKED 1
| #define HAVE_DECL_FERROR_UNLOCKED 1
| #define HAVE_DECL_FFLUSH_UNLOCKED 1
| #define HAVE_DECL_FGETS_UNLOCKED 1
| #define HAVE_DECL_FPUTC_UNLOCKED 1
| #define HAVE_DECL_FPUTS_UNLOCKED 1
| #define HAVE_DECL_FREAD_UNLOCKED 1
| #define HAVE_DECL_FWRITE_UNLOCKED 1
| #define HAVE_DECL_GETC_UNLOCKED 1
| #define HAVE_DECL_GETCHAR_UNLOCKED 1
| #define HAVE_DECL_PUTC_UNLOCKED 1
| #define HAVE_DECL_PUTCHAR_UNLOCKED 1
| #define HAVE_FLOCKFILE 1
| #define HAVE_FUNLOCKFILE 1
| #define HAVE_SYMLINK 1
| /* end confdefs.h.  */
| /* Define getprogname to an innocuous variant, in case <limits.h> declares getprogname.
|    For example, HP-UX 11i <limits.h> declares gettimeofday.  */
| #define getprogname innocuous_getprogname
| 
| /* System header to define __stub macros and hopefully few prototypes,
|    which can conflict with char getprogname (); below.  */
| 
| #include <limits.h>
| #undef getprogname
| 
| /* Override any GCC internal prototype to avoid an error.
|    Use char because int might match the return type of a GCC
|    builtin and then its argument prototype would still apply.  */
| #ifdef __cplusplus
| extern "C"
| #endif
| char getprogname ();
| /* The GNU C library defines this for functions which it implements
|     to always fail with ENOSYS.  Some functions are actually named
|     something starting with __ and the normal name is an alias.  */
| #if defined __stub_getprogname || defined __stub___getprogname
| choke me
| #endif
| 
| int
| main (void)
| {
| return getprogname ();
|   ;
|   return 0;
| }
configure:9086: result: no
configure:9086: checking for getexecname
configure:9086: gcc -o conftest  -std=c11   conftest.c  >&5
/usr/bin/ld: /tmp/ccVU4Oun.o: in function `main':
conftest.c:(.text+0xe): undefined reference to `getexecname'
collect2: error: ld returned 1 exit status
configure:9086: $? = 1
configure: failed program was:
| /* confdefs.h */
| #define PACKAGE_NAME "spot"
| #define PACKAGE_TARNAME "spot"
| #define PACKAGE_VERSION "2.10.4"
| #define PACKAGE_STRING "spot 2.10.4"
| #define PACKAGE_BUGREPORT "spot@lrde.epita.fr"
| #define PACKAGE_URL ""
| #define PACKAGE "spot"
| #define VERSION "2.10.4"
| #define HAVE_STDIO_H 1
| #define HAVE_STDLIB_H 1
| #define HAVE_STRING_H 1
| #define HAVE_INTTYPES_H 1
| #define HAVE_STDINT_H 1
| #define HAVE_STRINGS_H 1
| #define HAVE_SYS_STAT_H 1
| #define HAVE_SYS_TYPES_H 1
| #define HAVE_UNISTD_H 1
| #define HAVE_WCHAR_H 1
| #define HAVE_FEATURES_H 1
| #define HAVE_STDIO_EXT_H 1
| #define HAVE_GETOPT_H 1
| #define HAVE_SYS_CDEFS_H 1
| #define HAVE_SYS_TIME_H 1
| #define HAVE_SYS_SOCKET_H 1
| #define HAVE_THREADS_H 1
| #define HAVE_LIMITS_H 1
| #define HAVE_SYS_MMAN_H 1
| #define HAVE_SYS_PARAM_H 1
| #define HAVE_SYS_WAIT_H 1
| #define HAVE_SYSEXITS_H 1
| #define HAVE_WCTYPE_H 1
| #define STDC_HEADERS 1
| #define _ALL_SOURCE 1
| #define _DARWIN_C_SOURCE 1
| #define _GNU_SOURCE 1
| #define _HPUX_ALT_XOPEN_SOCKET_API 1
| #define _NETBSD_SOURCE 1
| #define _OPENBSD_SOURCE 1
| #define _POSIX_PTHREAD_SEMANTICS 1
| #define __STDC_WANT_IEC_60559_ATTRIBS_EXT__ 1
| #define __STDC_WANT_IEC_60559_BFP_EXT__ 1
| #define __STDC_WANT_IEC_60559_DFP_EXT__ 1
| #define __STDC_WANT_IEC_60559_FUNCS_EXT__ 1
| #define __STDC_WANT_IEC_60559_TYPES_EXT__ 1
| #define __STDC_WANT_LIB_EXT2__ 1
| #define __STDC_WANT_MATH_SPEC_FUNCS__ 1
| #define _TANDEM_SOURCE 1
| #define __EXTENSIONS__ 1
| #define YYTEXT_POINTER 1
| #define MAX_ACCSETS 32
| #define HAVE_ALLOCA_H 1
| #define HAVE_ALLOCA 1
| #define restrict __restrict
| #define HAVE_DECL_CLEARERR_UNLOCKED 1
| #define HAVE_DECL_FEOF_UNLOCKED 1
| #define HAVE_DECL_FERROR_UNLOCKED 1
| #define HAVE_DECL_FFLUSH_UNLOCKED 1
| #define HAVE_DECL_FGETS_UNLOCKED 1
| #define HAVE_DECL_FPUTC_UNLOCKED 1
| #define HAVE_DECL_FPUTS_UNLOCKED 1
| #define HAVE_DECL_FREAD_UNLOCKED 1
| #define HAVE_DECL_FWRITE_UNLOCKED 1
| #define HAVE_DECL_GETC_UNLOCKED 1
| #define HAVE_DECL_GETCHAR_UNLOCKED 1
| #define HAVE_DECL_PUTC_UNLOCKED 1
| #define HAVE_DECL_PUTCHAR_UNLOCKED 1
| #define HAVE_FLOCKFILE 1
| #define HAVE_FUNLOCKFILE 1
| #define HAVE_SYMLINK 1
| /* end confdefs.h.  */
| /* Define getexecname to an innocuous variant, in case <limits.h> declares getexecname.
|    For example, HP-UX 11i <limits.h> declares gettimeofday.  */
| #define getexecname innocuous_getexecname
| 
| /* System header to define __stub macros and hopefully few prototypes,
|    which can conflict with char getexecname (); below.  */
| 
| #include <limits.h>
| #undef getexecname
| 
| /* Override any GCC internal prototype to avoid an error.
|    Use char because int might match the return type of a GCC
|    builtin and then its argument prototype would still apply.  */
| #ifdef __cplusplus
| extern "C"
| #endif
| char getexecname ();
| /* The GNU C library defines this for functions which it implements
|     to always fail with ENOSYS.  Some functions are actually named
|     something starting with __ and the normal name is an alias.  */
| #if defined __stub_getexecname || defined __stub___getexecname
| choke me
| #endif
| 
| int
| main (void)
| {
| return getexecname ();
|   ;
|   return 0;
| }
configure:9086: result: no
configure:9086: checking for gettimeofday
configure:9086: gcc -o conftest  -std=c11   conftest.c  >&5
configure:9086: $? = 0
configure:9086: result: yes
configure:9086: checking for lstat
configure:9086: gcc -o conftest  -std=c11   conftest.c  >&5
configure:9086: $? = 0
configure:9086: result: yes
configure:9086: checking for mbsinit
configure:9086: gcc -o conftest  -std=c11   conftest.c  >&5
configure:9086: $? = 0
configure:9086: result: yes
configure:9086: checking for mbrtowc
configure:9086: gcc -o conftest  -std=c11   conftest.c  >&5
configure:9086: $? = 0
configure:9086: result: yes
configure:9086: checking for mprotect
configure:9086: gcc -o conftest  -std=c11   conftest.c  >&5
configure:9086: $? = 0
configure:9086: result: yes
configure:9086: checking for mkstemp
configure:9086: gcc -o conftest  -std=c11   conftest.c  >&5
configure:9086: $? = 0
configure:9086: result: yes
configure:9086: checking for mkstemps
configure:9086: gcc -o conftest  -std=c11   conftest.c  >&5
configure:9086: $? = 0
configure:9086: result: yes
configure:9086: checking for _set_invalid_parameter_handler
configure:9086: gcc -o conftest  -std=c11   conftest.c  >&5
/usr/bin/ld: /tmp/ccziZ85h.o: in function `main':
conftest.c:(.text+0xe): undefined reference to `_set_invalid_parameter_handler'
collect2: error: ld returned 1 exit status
configure:9086: $? = 1
configure: failed program was:
| /* confdefs.h */
| #define PACKAGE_NAME "spot"
| #define PACKAGE_TARNAME "spot"
| #define PACKAGE_VERSION "2.10.4"
| #define PACKAGE_STRING "spot 2.10.4"
| #define PACKAGE_BUGREPORT "spot@lrde.epita.fr"
| #define PACKAGE_URL ""
| #define PACKAGE "spot"
| #define VERSION "2.10.4"
| #define HAVE_STDIO_H 1
| #define HAVE_STDLIB_H 1
| #define HAVE_STRING_H 1
| #define HAVE_INTTYPES_H 1
| #define HAVE_STDINT_H 1
| #define HAVE_STRINGS_H 1
| #define HAVE_SYS_STAT_H 1
| #define HAVE_SYS_TYPES_H 1
| #define HAVE_UNISTD_H 1
| #define HAVE_WCHAR_H 1
| #define HAVE_FEATURES_H 1
| #define HAVE_STDIO_EXT_H 1
| #define HAVE_GETOPT_H 1
| #define HAVE_SYS_CDEFS_H 1
| #define HAVE_SYS_TIME_H 1
| #define HAVE_SYS_SOCKET_H 1
| #define HAVE_THREADS_H 1
| #define HAVE_LIMITS_H 1
| #define HAVE_SYS_MMAN_H 1
| #define HAVE_SYS_PARAM_H 1
| #define HAVE_SYS_WAIT_H 1
| #define HAVE_SYSEXITS_H 1
| #define HAVE_WCTYPE_H 1
| #define STDC_HEADERS 1
| #define _ALL_SOURCE 1
| #define _DARWIN_C_SOURCE 1
| #define _GNU_SOURCE 1
| #define _HPUX_ALT_XOPEN_SOCKET_API 1
| #define _NETBSD_SOURCE 1
| #define _OPENBSD_SOURCE 1
| #define _POSIX_PTHREAD_SEMANTICS 1
| #define __STDC_WANT_IEC_60559_ATTRIBS_EXT__ 1
| #define __STDC_WANT_IEC_60559_BFP_EXT__ 1
| #define __STDC_WANT_IEC_60559_DFP_EXT__ 1
| #define __STDC_WANT_IEC_60559_FUNCS_EXT__ 1
| #define __STDC_WANT_IEC_60559_TYPES_EXT__ 1
| #define __STDC_WANT_LIB_EXT2__ 1
| #define __STDC_WANT_MATH_SPEC_FUNCS__ 1
| #define _TANDEM_SOURCE 1
| #define __EXTENSIONS__ 1
| #define YYTEXT_POINTER 1
| #define MAX_ACCSETS 32
| #define HAVE_ALLOCA_H 1
| #define HAVE_ALLOCA 1
| #define restrict __restrict
| #define HAVE_DECL_CLEARERR_UNLOCKED 1
| #define HAVE_DECL_FEOF_UNLOCKED 1
| #define HAVE_DECL_FERROR_UNLOCKED 1
| #define HAVE_DECL_FFLUSH_UNLOCKED 1
| #define HAVE_DECL_FGETS_UNLOCKED 1
| #define HAVE_DECL_FPUTC_UNLOCKED 1
| #define HAVE_DECL_FPUTS_UNLOCKED 1
| #define HAVE_DECL_FREAD_UNLOCKED 1
| #define HAVE_DECL_FWRITE_UNLOCKED 1
| #define HAVE_DECL_GETC_UNLOCKED 1
| #define HAVE_DECL_GETCHAR_UNLOCKED 1
| #define HAVE_DECL_PUTC_UNLOCKED 1
| #define HAVE_DECL_PUTCHAR_UNLOCKED 1
| #define HAVE_FLOCKFILE 1
| #define HAVE_FUNLOCKFILE 1
| #define HAVE_SYMLINK 1
| #define HAVE_GETTIMEOFDAY 1
| #define HAVE_LSTAT 1
| #define HAVE_MBSINIT 1
| #define HAVE_MBRTOWC 1
| #define HAVE_MPROTECT 1
| #define HAVE_MKSTEMP 1
| #define HAVE_MKSTEMPS 1
| /* end confdefs.h.  */
| /* Define _set_invalid_parameter_handler to an innocuous variant, in case <limits.h> declares _set_invalid_parameter_handler.
|    For example, HP-UX 11i <limits.h> declares gettimeofday.  */
| #define _set_invalid_parameter_handler innocuous__set_invalid_parameter_handler
| 
| /* System header to define __stub macros and hopefully few prototypes,
|    which can conflict with char _set_invalid_parameter_handler (); below.  */
| 
| #include <limits.h>
| #undef _set_invalid_parameter_handler
| 
| /* Override any GCC internal prototype to avoid an error.
|    Use char because int might match the return type of a GCC
|    builtin and then its argument prototype would still apply.  */
| #ifdef __cplusplus
| extern "C"
| #endif
| char _set_invalid_parameter_handler ();
| /* The GNU C library defines this for functions which it implements
|     to always fail with ENOSYS.  Some functions are actually named
|     something starting with __ and the normal name is an alias.  */
| #if defined __stub__set_invalid_parameter_handler || defined __stub____set_invalid_parameter_handler
| choke me
| #endif
| 
| int
| main (void)
| {
| return _set_invalid_parameter_handler ();
|   ;
|   return 0;
| }
configure:9086: result: no
configure:9086: checking for secure_getenv
configure:9086: gcc -o conftest  -std=c11   conftest.c  >&5
configure:9086: $? = 0
configure:9086: result: yes
configure:9086: checking for getuid
configure:9086: gcc -o conftest  -std=c11   conftest.c  >&5
configure:9086: $? = 0
configure:9086: result: yes
configure:9086: checking for geteuid
configure:9086: gcc -o conftest  -std=c11   conftest.c  >&5
configure:9086: $? = 0
configure:9086: result: yes
configure:9086: checking for getgid
configure:9086: gcc -o conftest  -std=c11   conftest.c  >&5
configure:9086: $? = 0
configure:9086: result: yes
configure:9086: checking for getegid
configure:9086: gcc -o conftest  -std=c11   conftest.c  >&5
configure:9086: $? = 0
configure:9086: result: yes
configure:9086: checking for sleep
configure:9086: gcc -o conftest  -std=c11   conftest.c  >&5
configure:9086: $? = 0
configure:9086: result: yes
configure:9086: checking for strndup
configure:9086: gcc -o conftest  -std=c11   conftest.c  >&5
configure:9086: $? = 0
configure:9086: result: yes
configure:9086: checking for vasnprintf
configure:9086: gcc -o conftest  -std=c11   conftest.c  >&5
/usr/bin/ld: /tmp/cci8m8nb.o: in function `main':
conftest.c:(.text+0xe): undefined reference to `vasnprintf'
collect2: error: ld returned 1 exit status
configure:9086: $? = 1
configure: failed program was:
| /* confdefs.h */
| #define PACKAGE_NAME "spot"
| #define PACKAGE_TARNAME "spot"
| #define PACKAGE_VERSION "2.10.4"
| #define PACKAGE_STRING "spot 2.10.4"
| #define PACKAGE_BUGREPORT "spot@lrde.epita.fr"
| #define PACKAGE_URL ""
| #define PACKAGE "spot"
| #define VERSION "2.10.4"
| #define HAVE_STDIO_H 1
| #define HAVE_STDLIB_H 1
| #define HAVE_STRING_H 1
| #define HAVE_INTTYPES_H 1
| #define HAVE_STDINT_H 1
| #define HAVE_STRINGS_H 1
| #define HAVE_SYS_STAT_H 1
| #define HAVE_SYS_TYPES_H 1
| #define HAVE_UNISTD_H 1
| #define HAVE_WCHAR_H 1
| #define HAVE_FEATURES_H 1
| #define HAVE_STDIO_EXT_H 1
| #define HAVE_GETOPT_H 1
| #define HAVE_SYS_CDEFS_H 1
| #define HAVE_SYS_TIME_H 1
| #define HAVE_SYS_SOCKET_H 1
| #define HAVE_THREADS_H 1
| #define HAVE_LIMITS_H 1
| #define HAVE_SYS_MMAN_H 1
| #define HAVE_SYS_PARAM_H 1
| #define HAVE_SYS_WAIT_H 1
| #define HAVE_SYSEXITS_H 1
| #define HAVE_WCTYPE_H 1
| #define STDC_HEADERS 1
| #define _ALL_SOURCE 1
| #define _DARWIN_C_SOURCE 1
| #define _GNU_SOURCE 1
| #define _HPUX_ALT_XOPEN_SOCKET_API 1
| #define _NETBSD_SOURCE 1
| #define _OPENBSD_SOURCE 1
| #define _POSIX_PTHREAD_SEMANTICS 1
| #define __STDC_WANT_IEC_60559_ATTRIBS_EXT__ 1
| #define __STDC_WANT_IEC_60559_BFP_EXT__ 1
| #define __STDC_WANT_IEC_60559_DFP_EXT__ 1
| #define __STDC_WANT_IEC_60559_FUNCS_EXT__ 1
| #define __STDC_WANT_IEC_60559_TYPES_EXT__ 1
| #define __STDC_WANT_LIB_EXT2__ 1
| #define __STDC_WANT_MATH_SPEC_FUNCS__ 1
| #define _TANDEM_SOURCE 1
| #define __EXTENSIONS__ 1
| #define YYTEXT_POINTER 1
| #define MAX_ACCSETS 32
| #define HAVE_ALLOCA_H 1
| #define HAVE_ALLOCA 1
| #define restrict __restrict
| #define HAVE_DECL_CLEARERR_UNLOCKED 1
| #define HAVE_DECL_FEOF_UNLOCKED 1
| #define HAVE_DECL_FERROR_UNLOCKED 1
| #define HAVE_DECL_FFLUSH_UNLOCKED 1
| #define HAVE_DECL_FGETS_UNLOCKED 1
| #define HAVE_DECL_FPUTC_UNLOCKED 1
| #define HAVE_DECL_FPUTS_UNLOCKED 1
| #define HAVE_DECL_FREAD_UNLOCKED 1
| #define HAVE_DECL_FWRITE_UNLOCKED 1
| #define HAVE_DECL_GETC_UNLOCKED 1
| #define HAVE_DECL_GETCHAR_UNLOCKED 1
| #define HAVE_DECL_PUTC_UNLOCKED 1
| #define HAVE_DECL_PUTCHAR_UNLOCKED 1
| #define HAVE_FLOCKFILE 1
| #define HAVE_FUNLOCKFILE 1
| #define HAVE_SYMLINK 1
| #define HAVE_GETTIMEOFDAY 1
| #define HAVE_LSTAT 1
| #define HAVE_MBSINIT 1
| #define HAVE_MBRTOWC 1
| #define HAVE_MPROTECT 1
| #define HAVE_MKSTEMP 1
| #define HAVE_MKSTEMPS 1
| #define HAVE_SECURE_GETENV 1
| #define HAVE_GETUID 1
| #define HAVE_GETEUID 1
| #define HAVE_GETGID 1
| #define HAVE_GETEGID 1
| #define HAVE_SLEEP 1
| #define HAVE_STRNDUP 1
| /* end confdefs.h.  */
| /* Define vasnprintf to an innocuous variant, in case <limits.h> declares vasnprintf.
|    For example, HP-UX 11i <limits.h> declares gettimeofday.  */
| #define vasnprintf innocuous_vasnprintf
| 
| /* System header to define __stub macros and hopefully few prototypes,
|    which can conflict with char vasnprintf (); below.  */
| 
| #include <limits.h>
| #undef vasnprintf
| 
| /* Override any GCC internal prototype to avoid an error.
|    Use char because int might match the return type of a GCC
|    builtin and then its argument prototype would still apply.  */
| #ifdef __cplusplus
| extern "C"
| #endif
| char vasnprintf ();
| /* The GNU C library defines this for functions which it implements
|     to always fail with ENOSYS.  Some functions are actually named
|     something starting with __ and the normal name is an alias.  */
| #if defined __stub_vasnprintf || defined __stub___vasnprintf
| choke me
| #endif
| 
| int
| main (void)
| {
| return vasnprintf ();
|   ;
|   return 0;
| }
configure:9086: result: no
configure:9086: checking for snprintf
configure:9086: gcc -o conftest  -std=c11   conftest.c  >&5
conftest.c:102:6: warning: conflicting types for built-in function 'snprintf'; expected 'int(char *, long unsigned int,  const char *, ...)' [-Wbuiltin-declaration-mismatch]
  102 | char snprintf ();
      |      ^~~~~~~~
conftest.c:94:1: note: 'snprintf' is declared in header '<stdio.h>'
   93 | #include <limits.h>
   94 | #undef snprintf
configure:9086: $? = 0
configure:9086: result: yes
configure:9086: checking for iswcntrl
configure:9086: gcc -o conftest  -std=c11   conftest.c  >&5
conftest.c:103:6: warning: conflicting types for built-in function 'iswcntrl'; expected 'int(unsigned int)' [-Wbuiltin-declaration-mismatch]
  103 | char iswcntrl ();
      |      ^~~~~~~~
conftest.c:95:1: note: 'iswcntrl' is declared in header '<wctype.h>'
   94 | #include <limits.h>
   95 | #undef iswcntrl
configure:9086: $? = 0
configure:9086: result: yes
configure:9098: checking whether strerror_r is declared
configure:9098: gcc -c  -std=c11   conftest.c >&5
configure:9098: $? = 0
configure:9098: result: yes
configure:9117: checking whether strerror_r returns char *
configure:9142: gcc -c  -std=c11  conftest.c >&5
configure:9142: $? = 0
configure:9151: result: yes
configure:9164: checking whether // is distinct from /
configure:9194: result: no
configure:9204: checking whether the preprocessor supports include_next
configure:9243: gcc -c  -std=c11  -Iconftestd1b -Iconftestd2 conftest.c >&5
configure:9243: $? = 0
configure:9266: result: yes
configure:9287: checking whether system header files limit the line length
configure:9312: result: no
configure:9323: checking for complete errno.h
configure:9398: result: yes
configure:9734: checking for working fcntl.h
configure:9844: gcc -o conftest  -std=c11   conftest.c  >&5
configure:9844: $? = 0
configure:9844: ./conftest
configure:9844: $? = 0
configure:9861: result: yes
configure:9881: checking for pid_t
configure:9881: gcc -c  -std=c11  conftest.c >&5
configure:9881: $? = 0
configure:9881: gcc -c  -std=c11  conftest.c >&5
conftest.c: In function 'main':
conftest.c:125:20: error: expected expression before ')' token
  125 | if (sizeof ((pid_t)))
      |                    ^
configure:9881: $? = 1
configure: failed program was:
| /* confdefs.h */
| #define PACKAGE_NAME "spot"
| #define PACKAGE_TARNAME "spot"
| #define PACKAGE_VERSION "2.10.4"
| #define PACKAGE_STRING "spot 2.10.4"
| #define PACKAGE_BUGREPORT "spot@lrde.epita.fr"
| #define PACKAGE_URL ""
| #define PACKAGE "spot"
| #define VERSION "2.10.4"
| #define HAVE_STDIO_H 1
| #define HAVE_STDLIB_H 1
| #define HAVE_STRING_H 1
| #define HAVE_INTTYPES_H 1
| #define HAVE_STDINT_H 1
| #define HAVE_STRINGS_H 1
| #define HAVE_SYS_STAT_H 1
| #define HAVE_SYS_TYPES_H 1
| #define HAVE_UNISTD_H 1
| #define HAVE_WCHAR_H 1
| #define HAVE_FEATURES_H 1
| #define HAVE_STDIO_EXT_H 1
| #define HAVE_GETOPT_H 1
| #define HAVE_SYS_CDEFS_H 1
| #define HAVE_SYS_TIME_H 1
| #define HAVE_SYS_SOCKET_H 1
| #define HAVE_THREADS_H 1
| #define HAVE_LIMITS_H 1
| #define HAVE_SYS_MMAN_H 1
| #define HAVE_SYS_PARAM_H 1
| #define HAVE_SYS_WAIT_H 1
| #define HAVE_SYSEXITS_H 1
| #define HAVE_WCTYPE_H 1
| #define STDC_HEADERS 1
| #define _ALL_SOURCE 1
| #define _DARWIN_C_SOURCE 1
| #define _GNU_SOURCE 1
| #define _HPUX_ALT_XOPEN_SOCKET_API 1
| #define _NETBSD_SOURCE 1
| #define _OPENBSD_SOURCE 1
| #define _POSIX_PTHREAD_SEMANTICS 1
| #define __STDC_WANT_IEC_60559_ATTRIBS_EXT__ 1
| #define __STDC_WANT_IEC_60559_BFP_EXT__ 1
| #define __STDC_WANT_IEC_60559_DFP_EXT__ 1
| #define __STDC_WANT_IEC_60559_FUNCS_EXT__ 1
| #define __STDC_WANT_IEC_60559_TYPES_EXT__ 1
| #define __STDC_WANT_LIB_EXT2__ 1
| #define __STDC_WANT_MATH_SPEC_FUNCS__ 1
| #define _TANDEM_SOURCE 1
| #define __EXTENSIONS__ 1
| #define YYTEXT_POINTER 1
| #define MAX_ACCSETS 32
| #define HAVE_ALLOCA_H 1
| #define HAVE_ALLOCA 1
| #define restrict __restrict
| #define HAVE_DECL_CLEARERR_UNLOCKED 1
| #define HAVE_DECL_FEOF_UNLOCKED 1
| #define HAVE_DECL_FERROR_UNLOCKED 1
| #define HAVE_DECL_FFLUSH_UNLOCKED 1
| #define HAVE_DECL_FGETS_UNLOCKED 1
| #define HAVE_DECL_FPUTC_UNLOCKED 1
| #define HAVE_DECL_FPUTS_UNLOCKED 1
| #define HAVE_DECL_FREAD_UNLOCKED 1
| #define HAVE_DECL_FWRITE_UNLOCKED 1
| #define HAVE_DECL_GETC_UNLOCKED 1
| #define HAVE_DECL_GETCHAR_UNLOCKED 1
| #define HAVE_DECL_PUTC_UNLOCKED 1
| #define HAVE_DECL_PUTCHAR_UNLOCKED 1
| #define HAVE_FLOCKFILE 1
| #define HAVE_FUNLOCKFILE 1
| #define HAVE_SYMLINK 1
| #define HAVE_GETTIMEOFDAY 1
| #define HAVE_LSTAT 1
| #define HAVE_MBSINIT 1
| #define HAVE_MBRTOWC 1
| #define HAVE_MPROTECT 1
| #define HAVE_MKSTEMP 1
| #define HAVE_MKSTEMPS 1
| #define HAVE_SECURE_GETENV 1
| #define HAVE_GETUID 1
| #define HAVE_GETEUID 1
| #define HAVE_GETGID 1
| #define HAVE_GETEGID 1
| #define HAVE_SLEEP 1
| #define HAVE_STRNDUP 1
| #define HAVE_SNPRINTF 1
| #define HAVE_ISWCNTRL 1
| #define HAVE_DECL_STRERROR_R 1
| #define HAVE_STRERROR_R 1
| #define STRERROR_R_CHAR_P 1
| #define HAVE_WORKING_O_NOATIME 1
| #define HAVE_WORKING_O_NOFOLLOW 1
| /* end confdefs.h.  */
| #include <stddef.h>
| #ifdef HAVE_STDIO_H
| # include <stdio.h>
| #endif
| #ifdef HAVE_STDLIB_H
| # include <stdlib.h>
| #endif
| #ifdef HAVE_STRING_H
| # include <string.h>
| #endif
| #ifdef HAVE_INTTYPES_H
| # include <inttypes.h>
| #endif
| #ifdef HAVE_STDINT_H
| # include <stdint.h>
| #endif
| #ifdef HAVE_STRINGS_H
| # include <strings.h>
| #endif
| #ifdef HAVE_SYS_TYPES_H
| # include <sys/types.h>
| #endif
| #ifdef HAVE_SYS_STAT_H
| # include <sys/stat.h>
| #endif
| #ifdef HAVE_UNISTD_H
| # include <unistd.h>
| #endif
| 
| int
| main (void)
| {
| if (sizeof ((pid_t)))
| 	    return 0;
|   ;
|   return 0;
| }
configure:9881: result: yes
configure:9917: checking for mode_t
configure:9917: gcc -c  -std=c11  conftest.c >&5
configure:9917: $? = 0
configure:9917: gcc -c  -std=c11  conftest.c >&5
conftest.c: In function 'main':
conftest.c:124:21: error: expected expression before ')' token
  124 | if (sizeof ((mode_t)))
      |                     ^
configure:9917: $? = 1
configure: failed program was:
| /* confdefs.h */
| #define PACKAGE_NAME "spot"
| #define PACKAGE_TARNAME "spot"
| #define PACKAGE_VERSION "2.10.4"
| #define PACKAGE_STRING "spot 2.10.4"
| #define PACKAGE_BUGREPORT "spot@lrde.epita.fr"
| #define PACKAGE_URL ""
| #define PACKAGE "spot"
| #define VERSION "2.10.4"
| #define HAVE_STDIO_H 1
| #define HAVE_STDLIB_H 1
| #define HAVE_STRING_H 1
| #define HAVE_INTTYPES_H 1
| #define HAVE_STDINT_H 1
| #define HAVE_STRINGS_H 1
| #define HAVE_SYS_STAT_H 1
| #define HAVE_SYS_TYPES_H 1
| #define HAVE_UNISTD_H 1
| #define HAVE_WCHAR_H 1
| #define HAVE_FEATURES_H 1
| #define HAVE_STDIO_EXT_H 1
| #define HAVE_GETOPT_H 1
| #define HAVE_SYS_CDEFS_H 1
| #define HAVE_SYS_TIME_H 1
| #define HAVE_SYS_SOCKET_H 1
| #define HAVE_THREADS_H 1
| #define HAVE_LIMITS_H 1
| #define HAVE_SYS_MMAN_H 1
| #define HAVE_SYS_PARAM_H 1
| #define HAVE_SYS_WAIT_H 1
| #define HAVE_SYSEXITS_H 1
| #define HAVE_WCTYPE_H 1
| #define STDC_HEADERS 1
| #define _ALL_SOURCE 1
| #define _DARWIN_C_SOURCE 1
| #define _GNU_SOURCE 1
| #define _HPUX_ALT_XOPEN_SOCKET_API 1
| #define _NETBSD_SOURCE 1
| #define _OPENBSD_SOURCE 1
| #define _POSIX_PTHREAD_SEMANTICS 1
| #define __STDC_WANT_IEC_60559_ATTRIBS_EXT__ 1
| #define __STDC_WANT_IEC_60559_BFP_EXT__ 1
| #define __STDC_WANT_IEC_60559_DFP_EXT__ 1
| #define __STDC_WANT_IEC_60559_FUNCS_EXT__ 1
| #define __STDC_WANT_IEC_60559_TYPES_EXT__ 1
| #define __STDC_WANT_LIB_EXT2__ 1
| #define __STDC_WANT_MATH_SPEC_FUNCS__ 1
| #define _TANDEM_SOURCE 1
| #define __EXTENSIONS__ 1
| #define YYTEXT_POINTER 1
| #define MAX_ACCSETS 32
| #define HAVE_ALLOCA_H 1
| #define HAVE_ALLOCA 1
| #define restrict __restrict
| #define HAVE_DECL_CLEARERR_UNLOCKED 1
| #define HAVE_DECL_FEOF_UNLOCKED 1
| #define HAVE_DECL_FERROR_UNLOCKED 1
| #define HAVE_DECL_FFLUSH_UNLOCKED 1
| #define HAVE_DECL_FGETS_UNLOCKED 1
| #define HAVE_DECL_FPUTC_UNLOCKED 1
| #define HAVE_DECL_FPUTS_UNLOCKED 1
| #define HAVE_DECL_FREAD_UNLOCKED 1
| #define HAVE_DECL_FWRITE_UNLOCKED 1
| #define HAVE_DECL_GETC_UNLOCKED 1
| #define HAVE_DECL_GETCHAR_UNLOCKED 1
| #define HAVE_DECL_PUTC_UNLOCKED 1
| #define HAVE_DECL_PUTCHAR_UNLOCKED 1
| #define HAVE_FLOCKFILE 1
| #define HAVE_FUNLOCKFILE 1
| #define HAVE_SYMLINK 1
| #define HAVE_GETTIMEOFDAY 1
| #define HAVE_LSTAT 1
| #define HAVE_MBSINIT 1
| #define HAVE_MBRTOWC 1
| #define HAVE_MPROTECT 1
| #define HAVE_MKSTEMP 1
| #define HAVE_MKSTEMPS 1
| #define HAVE_SECURE_GETENV 1
| #define HAVE_GETUID 1
| #define HAVE_GETEUID 1
| #define HAVE_GETGID 1
| #define HAVE_GETEGID 1
| #define HAVE_SLEEP 1
| #define HAVE_STRNDUP 1
| #define HAVE_SNPRINTF 1
| #define HAVE_ISWCNTRL 1
| #define HAVE_DECL_STRERROR_R 1
| #define HAVE_STRERROR_R 1
| #define STRERROR_R_CHAR_P 1
| #define HAVE_WORKING_O_NOATIME 1
| #define HAVE_WORKING_O_NOFOLLOW 1
| /* end confdefs.h.  */
| #include <stddef.h>
| #ifdef HAVE_STDIO_H
| # include <stdio.h>
| #endif
| #ifdef HAVE_STDLIB_H
| # include <stdlib.h>
| #endif
| #ifdef HAVE_STRING_H
| # include <string.h>
| #endif
| #ifdef HAVE_INTTYPES_H
| # include <inttypes.h>
| #endif
| #ifdef HAVE_STDINT_H
| # include <stdint.h>
| #endif
| #ifdef HAVE_STRINGS_H
| # include <strings.h>
| #endif
| #ifdef HAVE_SYS_TYPES_H
| # include <sys/types.h>
| #endif
| #ifdef HAVE_SYS_STAT_H
| # include <sys/stat.h>
| #endif
| #ifdef HAVE_UNISTD_H
| # include <unistd.h>
| #endif
| int
| main (void)
| {
| if (sizeof ((mode_t)))
| 	    return 0;
|   ;
|   return 0;
| }
configure:9917: result: yes
configure:10163: checking for getopt.h
configure:10163: result: yes
configure:10179: checking for getopt_long_only
configure:10179: gcc -o conftest  -std=c11   conftest.c  >&5
configure:10179: $? = 0
configure:10179: result: yes
configure:10192: checking whether getopt is POSIX compatible
configure:10236: gcc -o conftest  -std=c11   conftest.c  >&5
configure:10236: $? = 0
configure:10236: ./conftest
configure:10236: $? = 0
configure:10297: gcc -o conftest  -std=c11   conftest.c  >&5
configure:10297: $? = 0
configure:10297: ./conftest
configure:10297: $? = 0
configure:10341: gcc -o conftest  -std=c11   conftest.c  >&5
configure:10341: $? = 0
configure:10341: ./conftest
program: option requires an argument -- 'b'
configure:10341: $? = 0
configure:10360: result: yes
configure:10368: checking for working GNU getopt function
configure:10592: gcc -o conftest  -std=c11   conftest.c  >&5
configure:10592: $? = 0
configure:10592: ./conftest
configure:10592: $? = 0
configure:10609: result: yes
configure:10614: checking for working GNU getopt_long function
configure:10661: gcc -o conftest  -std=c11   conftest.c  >&5
configure:10661: $? = 0
configure:10661: ./conftest
configure:10661: $? = 0
configure:10673: result: yes
configure:10805: checking for struct timeval
configure:10829: gcc -c  -std=c11  conftest.c >&5
configure:10829: $? = 0
configure:10838: result: yes
configure:10843: checking for wide-enough struct timeval.tv_sec member
configure:10871: gcc -c  -std=c11  conftest.c >&5
configure:10871: $? = 0
configure:10880: result: yes
configure:10961: checking for pthread.h
configure:10961: gcc -c  -std=c11  conftest.c >&5
configure:10961: $? = 0
configure:10961: result: yes
configure:10998: gcc -o conftest  -std=c11   conftest.c   >&5
configure:10998: $? = 0
configure:11015: checking for pthread_kill in -lpthread
configure:11038: gcc -o conftest  -std=c11   conftest.c -lpthread   >&5
configure:11038: $? = 0
configure:11048: result: yes
configure:11159: checking whether POSIX threads API is available
configure:11161: result: yes
configure:11182: gcc -o conftest  -std=c11   conftest.c  >&5
configure:11182: $? = 0
configure:11284: checking whether setlocale (LC_ALL, NULL) is multithread-safe
configure:11303: result: yes
configure:11321: checking whether setlocale (category, NULL) is multithread-safe
configure:11340: result: yes
configure:11560: checking whether limits.h has LLONG_MAX, WORD_BIT, ULLONG_WIDTH etc.
configure:11584: gcc -c  -std=c11  conftest.c >&5
configure:11584: $? = 0
configure:11592: result: yes
configure:11610: checking for wint_t
configure:11636: gcc -c  -std=c11  conftest.c >&5
configure:11636: $? = 0
configure:11644: result: yes
configure:11651: checking whether wint_t is too small
configure:11680: gcc -c  -std=c11  conftest.c >&5
configure:11680: $? = 0
configure:11688: result: no
configure:11710: gcc -c  -std=c11  conftest.c >&5
conftest.c:100:10: error: unknown type name 'not'
  100 |          not a universal capable compiler
      |          ^~~
conftest.c:100:16: error: expected '=', ',', ';', 'asm' or '__attribute__' before 'universal'
  100 |          not a universal capable compiler
      |                ^~~~~~~~~
conftest.c:100:16: error: unknown type name 'universal'
configure:11710: $? = 1
configure: failed program was:
| /* confdefs.h */
| #define PACKAGE_NAME "spot"
| #define PACKAGE_TARNAME "spot"
| #define PACKAGE_VERSION "2.10.4"
| #define PACKAGE_STRING "spot 2.10.4"
| #define PACKAGE_BUGREPORT "spot@lrde.epita.fr"
| #define PACKAGE_URL ""
| #define PACKAGE "spot"
| #define VERSION "2.10.4"
| #define HAVE_STDIO_H 1
| #define HAVE_STDLIB_H 1
| #define HAVE_STRING_H 1
| #define HAVE_INTTYPES_H 1
| #define HAVE_STDINT_H 1
| #define HAVE_STRINGS_H 1
| #define HAVE_SYS_STAT_H 1
| #define HAVE_SYS_TYPES_H 1
| #define HAVE_UNISTD_H 1
| #define HAVE_WCHAR_H 1
| #define HAVE_FEATURES_H 1
| #define HAVE_STDIO_EXT_H 1
| #define HAVE_GETOPT_H 1
| #define HAVE_SYS_CDEFS_H 1
| #define HAVE_SYS_TIME_H 1
| #define HAVE_SYS_SOCKET_H 1
| #define HAVE_THREADS_H 1
| #define HAVE_LIMITS_H 1
| #define HAVE_SYS_MMAN_H 1
| #define HAVE_SYS_PARAM_H 1
| #define HAVE_SYS_WAIT_H 1
| #define HAVE_SYSEXITS_H 1
| #define HAVE_WCTYPE_H 1
| #define STDC_HEADERS 1
| #define _ALL_SOURCE 1
| #define _DARWIN_C_SOURCE 1
| #define _GNU_SOURCE 1
| #define _HPUX_ALT_XOPEN_SOCKET_API 1
| #define _NETBSD_SOURCE 1
| #define _OPENBSD_SOURCE 1
| #define _POSIX_PTHREAD_SEMANTICS 1
| #define __STDC_WANT_IEC_60559_ATTRIBS_EXT__ 1
| #define __STDC_WANT_IEC_60559_BFP_EXT__ 1
| #define __STDC_WANT_IEC_60559_DFP_EXT__ 1
| #define __STDC_WANT_IEC_60559_FUNCS_EXT__ 1
| #define __STDC_WANT_IEC_60559_TYPES_EXT__ 1
| #define __STDC_WANT_LIB_EXT2__ 1
| #define __STDC_WANT_MATH_SPEC_FUNCS__ 1
| #define _TANDEM_SOURCE 1
| #define __EXTENSIONS__ 1
| #define YYTEXT_POINTER 1
| #define MAX_ACCSETS 32
| #define HAVE_ALLOCA_H 1
| #define HAVE_ALLOCA 1
| #define restrict __restrict
| #define HAVE_DECL_CLEARERR_UNLOCKED 1
| #define HAVE_DECL_FEOF_UNLOCKED 1
| #define HAVE_DECL_FERROR_UNLOCKED 1
| #define HAVE_DECL_FFLUSH_UNLOCKED 1
| #define HAVE_DECL_FGETS_UNLOCKED 1
| #define HAVE_DECL_FPUTC_UNLOCKED 1
| #define HAVE_DECL_FPUTS_UNLOCKED 1
| #define HAVE_DECL_FREAD_UNLOCKED 1
| #define HAVE_DECL_FWRITE_UNLOCKED 1
| #define HAVE_DECL_GETC_UNLOCKED 1
| #define HAVE_DECL_GETCHAR_UNLOCKED 1
| #define HAVE_DECL_PUTC_UNLOCKED 1
| #define HAVE_DECL_PUTCHAR_UNLOCKED 1
| #define HAVE_FLOCKFILE 1
| #define HAVE_FUNLOCKFILE 1
| #define HAVE_SYMLINK 1
| #define HAVE_GETTIMEOFDAY 1
| #define HAVE_LSTAT 1
| #define HAVE_MBSINIT 1
| #define HAVE_MBRTOWC 1
| #define HAVE_MPROTECT 1
| #define HAVE_MKSTEMP 1
| #define HAVE_MKSTEMPS 1
| #define HAVE_SECURE_GETENV 1
| #define HAVE_GETUID 1
| #define HAVE_GETEUID 1
| #define HAVE_GETGID 1
| #define HAVE_GETEGID 1
| #define HAVE_SLEEP 1
| #define HAVE_STRNDUP 1
| #define HAVE_SNPRINTF 1
| #define HAVE_ISWCNTRL 1
| #define HAVE_DECL_STRERROR_R 1
| #define HAVE_STRERROR_R 1
| #define STRERROR_R_CHAR_P 1
| #define HAVE_WORKING_O_NOATIME 1
| #define HAVE_WORKING_O_NOFOLLOW 1
| #define HAVE_GETOPT_H 1
| #define HAVE_GETOPT_LONG_ONLY 1
| #define HAVE_PTHREAD_API 1
| #define SETLOCALE_NULL_ALL_MTSAFE 1
| #define SETLOCALE_NULL_ONE_MTSAFE 1
| #define HAVE_WINT_T 1
| /* end confdefs.h.  */
| #ifndef __APPLE_CC__
|          not a universal capable compiler
|         #endif
|         typedef int dummy;
| 
configure:11864: checking whether stdint.h conforms to C99
configure:12045: gcc -c  -std=c11  conftest.c >&5
configure:12045: $? = 0
configure:12134: gcc -o conftest  -std=c11   conftest.c  >&5
configure:12134: $? = 0
configure:12134: ./conftest
configure:12134: $? = 0
configure:12147: result: yes
configure:12158: checking whether stdint.h predates C++11
configure:12195: gcc -c  -std=c11  conftest.c >&5
configure:12195: $? = 0
configure:12201: result: no
configure:12212: checking whether stdint.h has UINTMAX_WIDTH etc.
configure:12249: gcc -c  -std=c11  conftest.c >&5
configure:12249: $? = 0
configure:12255: result: yes
configure:12804: checking for nl_langinfo and CODESET
configure:12821: gcc -o conftest  -std=c11   conftest.c  >&5
configure:12821: $? = 0
configure:12831: result: yes
configure:12861: checking for wchar_t
configure:12879: gcc -c  -std=c11  conftest.c >&5
configure:12879: $? = 0
configure:12887: result: yes
configure:12900: checking for good max_align_t
configure:12923: gcc -c  -std=c11  conftest.c >&5
configure:12923: $? = 0
configure:12932: result: yes
configure:12944: checking whether NULL can be used in arbitrary expressions
configure:12963: gcc -c  -std=c11  conftest.c >&5
configure:12963: $? = 0
configure:12971: result: yes
configure:13066: checking whether locale.h defines locale_t
configure:13084: gcc -c  -std=c11  conftest.c >&5
configure:13084: $? = 0
configure:13093: result: yes
configure:13155: checking whether lstat correctly handles trailing slash
configure:13199: gcc -o conftest  -std=c11   conftest.c  >&5
configure:13199: $? = 0
configure:13199: ./conftest
configure:13199: $? = 0
configure:13212: result: yes
configure:13317: checking whether malloc, realloc, calloc are POSIX compliant
configure:13338: gcc -c  -std=c11  conftest.c >&5
configure:13338: $? = 0
configure:13347: result: yes
configure:13352: checking for GNU libc compatible malloc
configure:13386: gcc -o conftest  -std=c11   conftest.c  >&5
configure:13386: $? = 0
configure:13386: ./conftest
configure:13386: $? = 0
configure:13398: result: yes
configure:13512: checking for mbstate_t
configure:13537: gcc -c  -std=c11  conftest.c >&5
configure:13537: $? = 0
configure:13545: result: yes
configure:13562: checking for a traditional japanese locale
configure:13642: gcc -o conftest  -std=c11   conftest.c  >&5
configure:13645: $? = 0
configure:13703: result: none
configure:13710: checking for a french Unicode locale
configure:13783: gcc -o conftest  -std=c11   conftest.c  >&5
configure:13786: $? = 0
configure:13832: result: fr_FR.UTF-8
configure:13840: checking for a transitional chinese locale
configure:13921: gcc -o conftest  -std=c11   conftest.c  >&5
configure:13924: $? = 0
configure:13975: result: none
configure:14067: checking for mmap
configure:14067: gcc -o conftest  -std=c11   conftest.c  >&5
configure:14067: $? = 0
configure:14067: result: yes
configure:14079: checking for MAP_ANONYMOUS
configure:14118: result: yes
configure:14142: checking whether memchr works
configure:14224: gcc -o conftest  -std=c11   conftest.c  >&5
configure:14224: $? = 0
configure:14224: ./conftest
configure:14224: $? = 0
configure:14236: result: yes
configure:14248: checking whether <limits.h> defines MIN and MAX
configure:14266: gcc -c  -std=c11  conftest.c >&5
conftest.c:108:21: warning: implicit declaration of function 'MIN' [-Wimplicit-function-declaration]
  108 |             int x = MIN (42, 17);
      |                     ^~~
conftest.c:108:21: error: initializer element is not constant
configure:14266: $? = 1
configure: failed program was:
| /* confdefs.h */
| #define PACKAGE_NAME "spot"
| #define PACKAGE_TARNAME "spot"
| #define PACKAGE_VERSION "2.10.4"
| #define PACKAGE_STRING "spot 2.10.4"
| #define PACKAGE_BUGREPORT "spot@lrde.epita.fr"
| #define PACKAGE_URL ""
| #define PACKAGE "spot"
| #define VERSION "2.10.4"
| #define HAVE_STDIO_H 1
| #define HAVE_STDLIB_H 1
| #define HAVE_STRING_H 1
| #define HAVE_INTTYPES_H 1
| #define HAVE_STDINT_H 1
| #define HAVE_STRINGS_H 1
| #define HAVE_SYS_STAT_H 1
| #define HAVE_SYS_TYPES_H 1
| #define HAVE_UNISTD_H 1
| #define HAVE_WCHAR_H 1
| #define HAVE_FEATURES_H 1
| #define HAVE_STDIO_EXT_H 1
| #define HAVE_GETOPT_H 1
| #define HAVE_SYS_CDEFS_H 1
| #define HAVE_SYS_TIME_H 1
| #define HAVE_SYS_SOCKET_H 1
| #define HAVE_THREADS_H 1
| #define HAVE_LIMITS_H 1
| #define HAVE_SYS_MMAN_H 1
| #define HAVE_SYS_PARAM_H 1
| #define HAVE_SYS_WAIT_H 1
| #define HAVE_SYSEXITS_H 1
| #define HAVE_WCTYPE_H 1
| #define STDC_HEADERS 1
| #define _ALL_SOURCE 1
| #define _DARWIN_C_SOURCE 1
| #define _GNU_SOURCE 1
| #define _HPUX_ALT_XOPEN_SOCKET_API 1
| #define _NETBSD_SOURCE 1
| #define _OPENBSD_SOURCE 1
| #define _POSIX_PTHREAD_SEMANTICS 1
| #define __STDC_WANT_IEC_60559_ATTRIBS_EXT__ 1
| #define __STDC_WANT_IEC_60559_BFP_EXT__ 1
| #define __STDC_WANT_IEC_60559_DFP_EXT__ 1
| #define __STDC_WANT_IEC_60559_FUNCS_EXT__ 1
| #define __STDC_WANT_IEC_60559_TYPES_EXT__ 1
| #define __STDC_WANT_LIB_EXT2__ 1
| #define __STDC_WANT_MATH_SPEC_FUNCS__ 1
| #define _TANDEM_SOURCE 1
| #define __EXTENSIONS__ 1
| #define YYTEXT_POINTER 1
| #define MAX_ACCSETS 32
| #define HAVE_ALLOCA_H 1
| #define HAVE_ALLOCA 1
| #define restrict __restrict
| #define HAVE_DECL_CLEARERR_UNLOCKED 1
| #define HAVE_DECL_FEOF_UNLOCKED 1
| #define HAVE_DECL_FERROR_UNLOCKED 1
| #define HAVE_DECL_FFLUSH_UNLOCKED 1
| #define HAVE_DECL_FGETS_UNLOCKED 1
| #define HAVE_DECL_FPUTC_UNLOCKED 1
| #define HAVE_DECL_FPUTS_UNLOCKED 1
| #define HAVE_DECL_FREAD_UNLOCKED 1
| #define HAVE_DECL_FWRITE_UNLOCKED 1
| #define HAVE_DECL_GETC_UNLOCKED 1
| #define HAVE_DECL_GETCHAR_UNLOCKED 1
| #define HAVE_DECL_PUTC_UNLOCKED 1
| #define HAVE_DECL_PUTCHAR_UNLOCKED 1
| #define HAVE_FLOCKFILE 1
| #define HAVE_FUNLOCKFILE 1
| #define HAVE_SYMLINK 1
| #define HAVE_GETTIMEOFDAY 1
| #define HAVE_LSTAT 1
| #define HAVE_MBSINIT 1
| #define HAVE_MBRTOWC 1
| #define HAVE_MPROTECT 1
| #define HAVE_MKSTEMP 1
| #define HAVE_MKSTEMPS 1
| #define HAVE_SECURE_GETENV 1
| #define HAVE_GETUID 1
| #define HAVE_GETEUID 1
| #define HAVE_GETGID 1
| #define HAVE_GETEGID 1
| #define HAVE_SLEEP 1
| #define HAVE_STRNDUP 1
| #define HAVE_SNPRINTF 1
| #define HAVE_ISWCNTRL 1
| #define HAVE_DECL_STRERROR_R 1
| #define HAVE_STRERROR_R 1
| #define STRERROR_R_CHAR_P 1
| #define HAVE_WORKING_O_NOATIME 1
| #define HAVE_WORKING_O_NOFOLLOW 1
| #define HAVE_GETOPT_H 1
| #define HAVE_GETOPT_LONG_ONLY 1
| #define HAVE_PTHREAD_API 1
| #define SETLOCALE_NULL_ALL_MTSAFE 1
| #define SETLOCALE_NULL_ONE_MTSAFE 1
| #define HAVE_WINT_T 1
| #define HAVE_LONG_LONG_INT 1
| #define HAVE_UNSIGNED_LONG_LONG_INT 1
| #define HAVE_LANGINFO_CODESET 1
| #define HAVE_WCHAR_T 1
| #define LSTAT_FOLLOWS_SLASHED_SYMLINK 1
| #define MALLOC_0_IS_NONNULL 1
| #define HAVE_MBSTATE_T 1
| #define HAVE_MAP_ANONYMOUS 1
| /* end confdefs.h.  */
| #include <limits.h>
|             int x = MIN (42, 17);
| int
| main (void)
| {
| 
|   ;
|   return 0;
| }
configure:14274: result: no
configure:14287: checking whether <sys/param.h> defines MIN and MAX
configure:14305: gcc -c  -std=c11  conftest.c >&5
configure:14305: $? = 0
configure:14313: result: yes
configure:14349: checking whether stat file-mode macros are broken
configure:14377: gcc -c  -std=c11  conftest.c >&5
configure:14377: $? = 0
configure:14385: result: no
configure:14490: checking for nlink_t
configure:14490: gcc -c  -std=c11  conftest.c >&5
configure:14490: $? = 0
configure:14490: gcc -c  -std=c11  conftest.c >&5
conftest.c: In function 'main':
conftest.c:114:22: error: expected expression before ')' token
  114 | if (sizeof ((nlink_t)))
      |                      ^
configure:14490: $? = 1
configure: failed program was:
| /* confdefs.h */
| #define PACKAGE_NAME "spot"
| #define PACKAGE_TARNAME "spot"
| #define PACKAGE_VERSION "2.10.4"
| #define PACKAGE_STRING "spot 2.10.4"
| #define PACKAGE_BUGREPORT "spot@lrde.epita.fr"
| #define PACKAGE_URL ""
| #define PACKAGE "spot"
| #define VERSION "2.10.4"
| #define HAVE_STDIO_H 1
| #define HAVE_STDLIB_H 1
| #define HAVE_STRING_H 1
| #define HAVE_INTTYPES_H 1
| #define HAVE_STDINT_H 1
| #define HAVE_STRINGS_H 1
| #define HAVE_SYS_STAT_H 1
| #define HAVE_SYS_TYPES_H 1
| #define HAVE_UNISTD_H 1
| #define HAVE_WCHAR_H 1
| #define HAVE_FEATURES_H 1
| #define HAVE_STDIO_EXT_H 1
| #define HAVE_GETOPT_H 1
| #define HAVE_SYS_CDEFS_H 1
| #define HAVE_SYS_TIME_H 1
| #define HAVE_SYS_SOCKET_H 1
| #define HAVE_THREADS_H 1
| #define HAVE_LIMITS_H 1
| #define HAVE_SYS_MMAN_H 1
| #define HAVE_SYS_PARAM_H 1
| #define HAVE_SYS_WAIT_H 1
| #define HAVE_SYSEXITS_H 1
| #define HAVE_WCTYPE_H 1
| #define STDC_HEADERS 1
| #define _ALL_SOURCE 1
| #define _DARWIN_C_SOURCE 1
| #define _GNU_SOURCE 1
| #define _HPUX_ALT_XOPEN_SOCKET_API 1
| #define _NETBSD_SOURCE 1
| #define _OPENBSD_SOURCE 1
| #define _POSIX_PTHREAD_SEMANTICS 1
| #define __STDC_WANT_IEC_60559_ATTRIBS_EXT__ 1
| #define __STDC_WANT_IEC_60559_BFP_EXT__ 1
| #define __STDC_WANT_IEC_60559_DFP_EXT__ 1
| #define __STDC_WANT_IEC_60559_FUNCS_EXT__ 1
| #define __STDC_WANT_IEC_60559_TYPES_EXT__ 1
| #define __STDC_WANT_LIB_EXT2__ 1
| #define __STDC_WANT_MATH_SPEC_FUNCS__ 1
| #define _TANDEM_SOURCE 1
| #define __EXTENSIONS__ 1
| #define YYTEXT_POINTER 1
| #define MAX_ACCSETS 32
| #define HAVE_ALLOCA_H 1
| #define HAVE_ALLOCA 1
| #define restrict __restrict
| #define HAVE_DECL_CLEARERR_UNLOCKED 1
| #define HAVE_DECL_FEOF_UNLOCKED 1
| #define HAVE_DECL_FERROR_UNLOCKED 1
| #define HAVE_DECL_FFLUSH_UNLOCKED 1
| #define HAVE_DECL_FGETS_UNLOCKED 1
| #define HAVE_DECL_FPUTC_UNLOCKED 1
| #define HAVE_DECL_FPUTS_UNLOCKED 1
| #define HAVE_DECL_FREAD_UNLOCKED 1
| #define HAVE_DECL_FWRITE_UNLOCKED 1
| #define HAVE_DECL_GETC_UNLOCKED 1
| #define HAVE_DECL_GETCHAR_UNLOCKED 1
| #define HAVE_DECL_PUTC_UNLOCKED 1
| #define HAVE_DECL_PUTCHAR_UNLOCKED 1
| #define HAVE_FLOCKFILE 1
| #define HAVE_FUNLOCKFILE 1
| #define HAVE_SYMLINK 1
| #define HAVE_GETTIMEOFDAY 1
| #define HAVE_LSTAT 1
| #define HAVE_MBSINIT 1
| #define HAVE_MBRTOWC 1
| #define HAVE_MPROTECT 1
| #define HAVE_MKSTEMP 1
| #define HAVE_MKSTEMPS 1
| #define HAVE_SECURE_GETENV 1
| #define HAVE_GETUID 1
| #define HAVE_GETEUID 1
| #define HAVE_GETGID 1
| #define HAVE_GETEGID 1
| #define HAVE_SLEEP 1
| #define HAVE_STRNDUP 1
| #define HAVE_SNPRINTF 1
| #define HAVE_ISWCNTRL 1
| #define HAVE_DECL_STRERROR_R 1
| #define HAVE_STRERROR_R 1
| #define STRERROR_R_CHAR_P 1
| #define HAVE_WORKING_O_NOATIME 1
| #define HAVE_WORKING_O_NOFOLLOW 1
| #define HAVE_GETOPT_H 1
| #define HAVE_GETOPT_LONG_ONLY 1
| #define HAVE_PTHREAD_API 1
| #define SETLOCALE_NULL_ALL_MTSAFE 1
| #define SETLOCALE_NULL_ONE_MTSAFE 1
| #define HAVE_WINT_T 1
| #define HAVE_LONG_LONG_INT 1
| #define HAVE_UNSIGNED_LONG_LONG_INT 1
| #define HAVE_LANGINFO_CODESET 1
| #define HAVE_WCHAR_T 1
| #define LSTAT_FOLLOWS_SLASHED_SYMLINK 1
| #define MALLOC_0_IS_NONNULL 1
| #define HAVE_MBSTATE_T 1
| #define HAVE_MAP_ANONYMOUS 1
| #define HAVE_MINMAX_IN_SYS_PARAM_H 1
| /* end confdefs.h.  */
| #include <sys/types.h>
|      #include <sys/stat.h>
| 
| int
| main (void)
| {
| if (sizeof ((nlink_t)))
| 	    return 0;
|   ;
|   return 0;
| }
configure:14490: result: yes
configure:14509: checking for stdbool.h that conforms to C99
configure:14585: gcc -c  -std=c11  conftest.c >&5
configure:14585: $? = 0
configure:14593: result: yes
configure:14595: checking for _Bool
configure:14595: gcc -c  -std=c11  conftest.c >&5
configure:14595: $? = 0
configure:14595: gcc -c  -std=c11  conftest.c >&5
conftest.c: In function 'main':
conftest.c:139:20: error: expected expression before ')' token
  139 | if (sizeof ((_Bool)))
      |                    ^
configure:14595: $? = 1
configure: failed program was:
| /* confdefs.h */
| #define PACKAGE_NAME "spot"
| #define PACKAGE_TARNAME "spot"
| #define PACKAGE_VERSION "2.10.4"
| #define PACKAGE_STRING "spot 2.10.4"
| #define PACKAGE_BUGREPORT "spot@lrde.epita.fr"
| #define PACKAGE_URL ""
| #define PACKAGE "spot"
| #define VERSION "2.10.4"
| #define HAVE_STDIO_H 1
| #define HAVE_STDLIB_H 1
| #define HAVE_STRING_H 1
| #define HAVE_INTTYPES_H 1
| #define HAVE_STDINT_H 1
| #define HAVE_STRINGS_H 1
| #define HAVE_SYS_STAT_H 1
| #define HAVE_SYS_TYPES_H 1
| #define HAVE_UNISTD_H 1
| #define HAVE_WCHAR_H 1
| #define HAVE_FEATURES_H 1
| #define HAVE_STDIO_EXT_H 1
| #define HAVE_GETOPT_H 1
| #define HAVE_SYS_CDEFS_H 1
| #define HAVE_SYS_TIME_H 1
| #define HAVE_SYS_SOCKET_H 1
| #define HAVE_THREADS_H 1
| #define HAVE_LIMITS_H 1
| #define HAVE_SYS_MMAN_H 1
| #define HAVE_SYS_PARAM_H 1
| #define HAVE_SYS_WAIT_H 1
| #define HAVE_SYSEXITS_H 1
| #define HAVE_WCTYPE_H 1
| #define STDC_HEADERS 1
| #define _ALL_SOURCE 1
| #define _DARWIN_C_SOURCE 1
| #define _GNU_SOURCE 1
| #define _HPUX_ALT_XOPEN_SOCKET_API 1
| #define _NETBSD_SOURCE 1
| #define _OPENBSD_SOURCE 1
| #define _POSIX_PTHREAD_SEMANTICS 1
| #define __STDC_WANT_IEC_60559_ATTRIBS_EXT__ 1
| #define __STDC_WANT_IEC_60559_BFP_EXT__ 1
| #define __STDC_WANT_IEC_60559_DFP_EXT__ 1
| #define __STDC_WANT_IEC_60559_FUNCS_EXT__ 1
| #define __STDC_WANT_IEC_60559_TYPES_EXT__ 1
| #define __STDC_WANT_LIB_EXT2__ 1
| #define __STDC_WANT_MATH_SPEC_FUNCS__ 1
| #define _TANDEM_SOURCE 1
| #define __EXTENSIONS__ 1
| #define YYTEXT_POINTER 1
| #define MAX_ACCSETS 32
| #define HAVE_ALLOCA_H 1
| #define HAVE_ALLOCA 1
| #define restrict __restrict
| #define HAVE_DECL_CLEARERR_UNLOCKED 1
| #define HAVE_DECL_FEOF_UNLOCKED 1
| #define HAVE_DECL_FERROR_UNLOCKED 1
| #define HAVE_DECL_FFLUSH_UNLOCKED 1
| #define HAVE_DECL_FGETS_UNLOCKED 1
| #define HAVE_DECL_FPUTC_UNLOCKED 1
| #define HAVE_DECL_FPUTS_UNLOCKED 1
| #define HAVE_DECL_FREAD_UNLOCKED 1
| #define HAVE_DECL_FWRITE_UNLOCKED 1
| #define HAVE_DECL_GETC_UNLOCKED 1
| #define HAVE_DECL_GETCHAR_UNLOCKED 1
| #define HAVE_DECL_PUTC_UNLOCKED 1
| #define HAVE_DECL_PUTCHAR_UNLOCKED 1
| #define HAVE_FLOCKFILE 1
| #define HAVE_FUNLOCKFILE 1
| #define HAVE_SYMLINK 1
| #define HAVE_GETTIMEOFDAY 1
| #define HAVE_LSTAT 1
| #define HAVE_MBSINIT 1
| #define HAVE_MBRTOWC 1
| #define HAVE_MPROTECT 1
| #define HAVE_MKSTEMP 1
| #define HAVE_MKSTEMPS 1
| #define HAVE_SECURE_GETENV 1
| #define HAVE_GETUID 1
| #define HAVE_GETEUID 1
| #define HAVE_GETGID 1
| #define HAVE_GETEGID 1
| #define HAVE_SLEEP 1
| #define HAVE_STRNDUP 1
| #define HAVE_SNPRINTF 1
| #define HAVE_ISWCNTRL 1
| #define HAVE_DECL_STRERROR_R 1
| #define HAVE_STRERROR_R 1
| #define STRERROR_R_CHAR_P 1
| #define HAVE_WORKING_O_NOATIME 1
| #define HAVE_WORKING_O_NOFOLLOW 1
| #define HAVE_GETOPT_H 1
| #define HAVE_GETOPT_LONG_ONLY 1
| #define HAVE_PTHREAD_API 1
| #define SETLOCALE_NULL_ALL_MTSAFE 1
| #define SETLOCALE_NULL_ONE_MTSAFE 1
| #define HAVE_WINT_T 1
| #define HAVE_LONG_LONG_INT 1
| #define HAVE_UNSIGNED_LONG_LONG_INT 1
| #define HAVE_LANGINFO_CODESET 1
| #define HAVE_WCHAR_T 1
| #define LSTAT_FOLLOWS_SLASHED_SYMLINK 1
| #define MALLOC_0_IS_NONNULL 1
| #define HAVE_MBSTATE_T 1
| #define HAVE_MAP_ANONYMOUS 1
| #define HAVE_MINMAX_IN_SYS_PARAM_H 1
| /* end confdefs.h.  */
| #include <stddef.h>
| #ifdef HAVE_STDIO_H
| # include <stdio.h>
| #endif
| #ifdef HAVE_STDLIB_H
| # include <stdlib.h>
| #endif
| #ifdef HAVE_STRING_H
| # include <string.h>
| #endif
| #ifdef HAVE_INTTYPES_H
| # include <inttypes.h>
| #endif
| #ifdef HAVE_STDINT_H
| # include <stdint.h>
| #endif
| #ifdef HAVE_STRINGS_H
| # include <strings.h>
| #endif
| #ifdef HAVE_SYS_TYPES_H
| # include <sys/types.h>
| #endif
| #ifdef HAVE_SYS_STAT_H
| # include <sys/stat.h>
| #endif
| #ifdef HAVE_UNISTD_H
| # include <unistd.h>
| #endif
| int
| main (void)
| {
| if (sizeof ((_Bool)))
| 	    return 0;
|   ;
|   return 0;
| }
configure:14595: result: yes
configure:14716: checking whether strerror(0) succeeds
configure:14757: gcc -o conftest  -std=c11   conftest.c  >&5
configure:14757: $? = 0
configure:14757: ./conftest
configure:14757: $? = 0
configure:14769: result: yes
configure:14955: checking whether strndup is declared
configure:14955: gcc -c  -std=c11   conftest.c >&5
configure:14955: $? = 0
configure:14955: result: yes
configure:14965: checking whether strnlen is declared
configure:14965: gcc -c  -std=c11   conftest.c >&5
configure:14965: $? = 0
configure:14965: result: yes
configure:15079: checking for struct timespec in <time.h>
configure:15097: gcc -c  -std=c11  conftest.c >&5
configure:15097: $? = 0
configure:15105: result: yes
configure:15306: checking for inttypes.h
configure:15326: gcc -c  -std=c11  conftest.c >&5
configure:15326: $? = 0
configure:15334: result: yes
configure:15343: checking for stdint.h
configure:15361: gcc -c  -std=c11  conftest.c >&5
configure:15361: $? = 0
configure:15369: result: yes
configure:15380: checking for intmax_t
configure:15406: gcc -c  -std=c11  conftest.c >&5
configure:15406: $? = 0
configure:15414: result: yes
configure:15427: checking where to find the exponent in a 'double'
configure:15753: gcc -o conftest  -std=c11   conftest.c  >&5
configure:15753: $? = 0
configure:15753: ./conftest
configure:15753: $? = 0
configure:15766: result: word 1 bit 20
configure:15788: checking whether snprintf returns a byte count as in C99
configure:15882: gcc -o conftest  -std=c11   conftest.c  >&5
conftest.c: In function 'main':
conftest.c:121:22: warning: '%d' directive output truncated writing 4 bytes into a region of size 3 [-Wformat-truncation=]
  121 | # define my_snprintf snprintf
      |                      ^
conftest.c:138:7: note: in expansion of macro 'my_snprintf'
  138 |   if (my_snprintf (buf, 3, "%d %d", 4567, 89) != 7)
      |       ^~~~~~~~~~~
conftest.c:121:22: note: 'snprintf' output 8 bytes into a destination of size 3
  121 | # define my_snprintf snprintf
      |                      ^
conftest.c:138:7: note: in expansion of macro 'my_snprintf'
  138 |   if (my_snprintf (buf, 3, "%d %d", 4567, 89) != 7)
      |       ^~~~~~~~~~~
configure:15882: $? = 0
configure:15882: ./conftest
configure:15882: $? = 0
configure:15894: result: yes
configure:15901: checking for snprintf
configure:15901: result: yes
configure:15907: checking for strnlen
configure:15907: gcc -o conftest  -std=c11   conftest.c  >&5
configure:15907: $? = 0
configure:15907: result: yes
configure:15913: checking for wcslen
configure:15913: gcc -o conftest  -std=c11   conftest.c  >&5
configure:15913: $? = 0
configure:15913: result: yes
configure:15919: checking for wcsnlen
configure:15919: gcc -o conftest  -std=c11   conftest.c  >&5
configure:15919: $? = 0
configure:15919: result: yes
configure:15925: checking for mbrtowc
configure:15925: result: yes
configure:15931: checking for wcrtomb
configure:15931: gcc -o conftest  -std=c11   conftest.c  >&5
configure:15931: $? = 0
configure:15931: result: yes
configure:15938: checking whether _snprintf is declared
configure:15938: gcc -c  -std=c11   conftest.c >&5
conftest.c: In function 'main':
conftest.c:132:10: error: '_snprintf' undeclared (first use in this function); did you mean 'vsnprintf'?
  132 |   (void) _snprintf;
      |          ^~~~~~~~~
      |          vsnprintf
conftest.c:132:10: note: each undeclared identifier is reported only once for each function it appears in
configure:15938: $? = 1
configure: failed program was:
| /* confdefs.h */
| #define PACKAGE_NAME "spot"
| #define PACKAGE_TARNAME "spot"
| #define PACKAGE_VERSION "2.10.4"
| #define PACKAGE_STRING "spot 2.10.4"
| #define PACKAGE_BUGREPORT "spot@lrde.epita.fr"
| #define PACKAGE_URL ""
| #define PACKAGE "spot"
| #define VERSION "2.10.4"
| #define HAVE_STDIO_H 1
| #define HAVE_STDLIB_H 1
| #define HAVE_STRING_H 1
| #define HAVE_INTTYPES_H 1
| #define HAVE_STDINT_H 1
| #define HAVE_STRINGS_H 1
| #define HAVE_SYS_STAT_H 1
| #define HAVE_SYS_TYPES_H 1
| #define HAVE_UNISTD_H 1
| #define HAVE_WCHAR_H 1
| #define HAVE_FEATURES_H 1
| #define HAVE_STDIO_EXT_H 1
| #define HAVE_GETOPT_H 1
| #define HAVE_SYS_CDEFS_H 1
| #define HAVE_SYS_TIME_H 1
| #define HAVE_SYS_SOCKET_H 1
| #define HAVE_THREADS_H 1
| #define HAVE_LIMITS_H 1
| #define HAVE_SYS_MMAN_H 1
| #define HAVE_SYS_PARAM_H 1
| #define HAVE_SYS_WAIT_H 1
| #define HAVE_SYSEXITS_H 1
| #define HAVE_WCTYPE_H 1
| #define STDC_HEADERS 1
| #define _ALL_SOURCE 1
| #define _DARWIN_C_SOURCE 1
| #define _GNU_SOURCE 1
| #define _HPUX_ALT_XOPEN_SOCKET_API 1
| #define _NETBSD_SOURCE 1
| #define _OPENBSD_SOURCE 1
| #define _POSIX_PTHREAD_SEMANTICS 1
| #define __STDC_WANT_IEC_60559_ATTRIBS_EXT__ 1
| #define __STDC_WANT_IEC_60559_BFP_EXT__ 1
| #define __STDC_WANT_IEC_60559_DFP_EXT__ 1
| #define __STDC_WANT_IEC_60559_FUNCS_EXT__ 1
| #define __STDC_WANT_IEC_60559_TYPES_EXT__ 1
| #define __STDC_WANT_LIB_EXT2__ 1
| #define __STDC_WANT_MATH_SPEC_FUNCS__ 1
| #define _TANDEM_SOURCE 1
| #define __EXTENSIONS__ 1
| #define YYTEXT_POINTER 1
| #define MAX_ACCSETS 32
| #define HAVE_ALLOCA_H 1
| #define HAVE_ALLOCA 1
| #define restrict __restrict
| #define HAVE_DECL_CLEARERR_UNLOCKED 1
| #define HAVE_DECL_FEOF_UNLOCKED 1
| #define HAVE_DECL_FERROR_UNLOCKED 1
| #define HAVE_DECL_FFLUSH_UNLOCKED 1
| #define HAVE_DECL_FGETS_UNLOCKED 1
| #define HAVE_DECL_FPUTC_UNLOCKED 1
| #define HAVE_DECL_FPUTS_UNLOCKED 1
| #define HAVE_DECL_FREAD_UNLOCKED 1
| #define HAVE_DECL_FWRITE_UNLOCKED 1
| #define HAVE_DECL_GETC_UNLOCKED 1
| #define HAVE_DECL_GETCHAR_UNLOCKED 1
| #define HAVE_DECL_PUTC_UNLOCKED 1
| #define HAVE_DECL_PUTCHAR_UNLOCKED 1
| #define HAVE_FLOCKFILE 1
| #define HAVE_FUNLOCKFILE 1
| #define HAVE_SYMLINK 1
| #define HAVE_GETTIMEOFDAY 1
| #define HAVE_LSTAT 1
| #define HAVE_MBSINIT 1
| #define HAVE_MBRTOWC 1
| #define HAVE_MPROTECT 1
| #define HAVE_MKSTEMP 1
| #define HAVE_MKSTEMPS 1
| #define HAVE_SECURE_GETENV 1
| #define HAVE_GETUID 1
| #define HAVE_GETEUID 1
| #define HAVE_GETGID 1
| #define HAVE_GETEGID 1
| #define HAVE_SLEEP 1
| #define HAVE_STRNDUP 1
| #define HAVE_SNPRINTF 1
| #define HAVE_ISWCNTRL 1
| #define HAVE_DECL_STRERROR_R 1
| #define HAVE_STRERROR_R 1
| #define STRERROR_R_CHAR_P 1
| #define HAVE_WORKING_O_NOATIME 1
| #define HAVE_WORKING_O_NOFOLLOW 1
| #define HAVE_GETOPT_H 1
| #define HAVE_GETOPT_LONG_ONLY 1
| #define HAVE_PTHREAD_API 1
| #define SETLOCALE_NULL_ALL_MTSAFE 1
| #define SETLOCALE_NULL_ONE_MTSAFE 1
| #define HAVE_WINT_T 1
| #define HAVE_LONG_LONG_INT 1
| #define HAVE_UNSIGNED_LONG_LONG_INT 1
| #define HAVE_LANGINFO_CODESET 1
| #define HAVE_WCHAR_T 1
| #define LSTAT_FOLLOWS_SLASHED_SYMLINK 1
| #define MALLOC_0_IS_NONNULL 1
| #define HAVE_MBSTATE_T 1
| #define HAVE_MAP_ANONYMOUS 1
| #define HAVE_MINMAX_IN_SYS_PARAM_H 1
| #define HAVE__BOOL 1
| #define HAVE_DECL_STRNDUP 1
| #define HAVE_DECL_STRNLEN 1
| #define _USE_STD_STAT 1
| #define HAVE_INTTYPES_H_WITH_UINTMAX 1
| #define HAVE_STDINT_H_WITH_UINTMAX 1
| #define HAVE_INTMAX_T 1
| #define DBL_EXPBIT0_WORD 1
| #define DBL_EXPBIT0_BIT 20
| #define HAVE_SNPRINTF 1
| #define HAVE_STRNLEN 1
| #define HAVE_WCSLEN 1
| #define HAVE_WCSNLEN 1
| #define HAVE_MBRTOWC 1
| #define HAVE_WCRTOMB 1
| /* end confdefs.h.  */
| #include <stdio.h>
| 
| int
| main (void)
| {
| #ifndef _snprintf
| #ifdef __cplusplus
|   (void) _snprintf;
| #else
|   (void) _snprintf;
| #endif
| #endif
| 
|   ;
|   return 0;
| }
configure:15938: result: no
configure:15958: checking whether vsnprintf is declared
configure:15958: gcc -c  -std=c11   conftest.c >&5
configure:15958: $? = 0
configure:15958: result: yes
configure:15968: checking whether <wchar.h> uses 'inline' correctly
configure:15994: gcc -c  -std=c11  conftest1.c >&5
configure:15997: $? = 0
configure:16016: gcc -c  -std=c11  conftest2.c >&5
configure:16019: $? = 0
configure:16032: result: yes
configure:16105: checking for alloca as a compiler built-in
configure:16131: result: yes
configure:16166: checking whether program_invocation_name is declared
configure:16166: gcc -c  -std=c11   conftest.c >&5
configure:16166: $? = 0
configure:16166: result: yes
configure:16184: checking whether program_invocation_short_name is declared
configure:16184: gcc -c  -std=c11   conftest.c >&5
configure:16184: $? = 0
configure:16184: result: yes
configure:16207: checking whether program_invocation_name is defined
configure:16220: gcc -o conftest  -std=c11   conftest.c  >&5
configure:16220: $? = 0
configure:16225: result: yes
configure:16234: checking whether program_invocation_short_name is defined
configure:16247: gcc -o conftest  -std=c11   conftest.c  >&5
configure:16247: $? = 0
configure:16252: result: yes
configure:16297: checking whether // is distinct from /
configure:16327: result: no
configure:16337: checking for error_at_line
configure:16354: gcc -o conftest  -std=c11   conftest.c  >&5
configure:16354: $? = 0
configure:16363: result: yes
configure:16528: checking whether conversion from 'int' to 'long double' works
configure:16575: gcc -o conftest  -std=c11   conftest.c  >&5
configure:16575: $? = 0
configure:16575: ./conftest
configure:16575: $? = 0
configure:16587: result: yes
configure:16713: checking for __fpending
configure:16731: gcc -o conftest  -std=c11   conftest.c  >&5
configure:16731: $? = 0
configure:16741: result: yes
configure:16744: checking whether __fpending is declared
configure:16744: gcc -c  -std=c11   conftest.c >&5
configure:16744: $? = 0
configure:16744: result: yes
configure:16842: checking whether program_invocation_name is declared
configure:16842: result: yes
configure:16856: checking whether program_invocation_short_name is declared
configure:16856: result: yes
configure:16870: checking whether __argv is declared
configure:16870: gcc -c  -std=c11   conftest.c >&5
conftest.c: In function 'main':
conftest.c:146:10: error: '__argv' undeclared (first use in this function)
  146 |   (void) __argv;
      |          ^~~~~~
conftest.c:146:10: note: each undeclared identifier is reported only once for each function it appears in
configure:16870: $? = 1
configure: failed program was:
| /* confdefs.h */
| #define PACKAGE_NAME "spot"
| #define PACKAGE_TARNAME "spot"
| #define PACKAGE_VERSION "2.10.4"
| #define PACKAGE_STRING "spot 2.10.4"
| #define PACKAGE_BUGREPORT "spot@lrde.epita.fr"
| #define PACKAGE_URL ""
| #define PACKAGE "spot"
| #define VERSION "2.10.4"
| #define HAVE_STDIO_H 1
| #define HAVE_STDLIB_H 1
| #define HAVE_STRING_H 1
| #define HAVE_INTTYPES_H 1
| #define HAVE_STDINT_H 1
| #define HAVE_STRINGS_H 1
| #define HAVE_SYS_STAT_H 1
| #define HAVE_SYS_TYPES_H 1
| #define HAVE_UNISTD_H 1
| #define HAVE_WCHAR_H 1
| #define HAVE_FEATURES_H 1
| #define HAVE_STDIO_EXT_H 1
| #define HAVE_GETOPT_H 1
| #define HAVE_SYS_CDEFS_H 1
| #define HAVE_SYS_TIME_H 1
| #define HAVE_SYS_SOCKET_H 1
| #define HAVE_THREADS_H 1
| #define HAVE_LIMITS_H 1
| #define HAVE_SYS_MMAN_H 1
| #define HAVE_SYS_PARAM_H 1
| #define HAVE_SYS_WAIT_H 1
| #define HAVE_SYSEXITS_H 1
| #define HAVE_WCTYPE_H 1
| #define STDC_HEADERS 1
| #define _ALL_SOURCE 1
| #define _DARWIN_C_SOURCE 1
| #define _GNU_SOURCE 1
| #define _HPUX_ALT_XOPEN_SOCKET_API 1
| #define _NETBSD_SOURCE 1
| #define _OPENBSD_SOURCE 1
| #define _POSIX_PTHREAD_SEMANTICS 1
| #define __STDC_WANT_IEC_60559_ATTRIBS_EXT__ 1
| #define __STDC_WANT_IEC_60559_BFP_EXT__ 1
| #define __STDC_WANT_IEC_60559_DFP_EXT__ 1
| #define __STDC_WANT_IEC_60559_FUNCS_EXT__ 1
| #define __STDC_WANT_IEC_60559_TYPES_EXT__ 1
| #define __STDC_WANT_LIB_EXT2__ 1
| #define __STDC_WANT_MATH_SPEC_FUNCS__ 1
| #define _TANDEM_SOURCE 1
| #define __EXTENSIONS__ 1
| #define YYTEXT_POINTER 1
| #define MAX_ACCSETS 32
| #define HAVE_ALLOCA_H 1
| #define HAVE_ALLOCA 1
| #define restrict __restrict
| #define HAVE_DECL_CLEARERR_UNLOCKED 1
| #define HAVE_DECL_FEOF_UNLOCKED 1
| #define HAVE_DECL_FERROR_UNLOCKED 1
| #define HAVE_DECL_FFLUSH_UNLOCKED 1
| #define HAVE_DECL_FGETS_UNLOCKED 1
| #define HAVE_DECL_FPUTC_UNLOCKED 1
| #define HAVE_DECL_FPUTS_UNLOCKED 1
| #define HAVE_DECL_FREAD_UNLOCKED 1
| #define HAVE_DECL_FWRITE_UNLOCKED 1
| #define HAVE_DECL_GETC_UNLOCKED 1
| #define HAVE_DECL_GETCHAR_UNLOCKED 1
| #define HAVE_DECL_PUTC_UNLOCKED 1
| #define HAVE_DECL_PUTCHAR_UNLOCKED 1
| #define HAVE_FLOCKFILE 1
| #define HAVE_FUNLOCKFILE 1
| #define HAVE_SYMLINK 1
| #define HAVE_GETTIMEOFDAY 1
| #define HAVE_LSTAT 1
| #define HAVE_MBSINIT 1
| #define HAVE_MBRTOWC 1
| #define HAVE_MPROTECT 1
| #define HAVE_MKSTEMP 1
| #define HAVE_MKSTEMPS 1
| #define HAVE_SECURE_GETENV 1
| #define HAVE_GETUID 1
| #define HAVE_GETEUID 1
| #define HAVE_GETGID 1
| #define HAVE_GETEGID 1
| #define HAVE_SLEEP 1
| #define HAVE_STRNDUP 1
| #define HAVE_SNPRINTF 1
| #define HAVE_ISWCNTRL 1
| #define HAVE_DECL_STRERROR_R 1
| #define HAVE_STRERROR_R 1
| #define STRERROR_R_CHAR_P 1
| #define HAVE_WORKING_O_NOATIME 1
| #define HAVE_WORKING_O_NOFOLLOW 1
| #define HAVE_GETOPT_H 1
| #define HAVE_GETOPT_LONG_ONLY 1
| #define HAVE_PTHREAD_API 1
| #define SETLOCALE_NULL_ALL_MTSAFE 1
| #define SETLOCALE_NULL_ONE_MTSAFE 1
| #define HAVE_WINT_T 1
| #define HAVE_LONG_LONG_INT 1
| #define HAVE_UNSIGNED_LONG_LONG_INT 1
| #define HAVE_LANGINFO_CODESET 1
| #define HAVE_WCHAR_T 1
| #define LSTAT_FOLLOWS_SLASHED_SYMLINK 1
| #define MALLOC_0_IS_NONNULL 1
| #define HAVE_MBSTATE_T 1
| #define HAVE_MAP_ANONYMOUS 1
| #define HAVE_MINMAX_IN_SYS_PARAM_H 1
| #define HAVE__BOOL 1
| #define HAVE_DECL_STRNDUP 1
| #define HAVE_DECL_STRNLEN 1
| #define _USE_STD_STAT 1
| #define HAVE_INTTYPES_H_WITH_UINTMAX 1
| #define HAVE_STDINT_H_WITH_UINTMAX 1
| #define HAVE_INTMAX_T 1
| #define DBL_EXPBIT0_WORD 1
| #define DBL_EXPBIT0_BIT 20
| #define HAVE_SNPRINTF 1
| #define HAVE_STRNLEN 1
| #define HAVE_WCSLEN 1
| #define HAVE_WCSNLEN 1
| #define HAVE_MBRTOWC 1
| #define HAVE_WCRTOMB 1
| #define HAVE_DECL__SNPRINTF 0
| #define HAVE_SNPRINTF_RETVAL_C99 1
| #define HAVE_DECL_VSNPRINTF 1
| #define HAVE_ALLOCA 1
| #define HAVE_DECL_PROGRAM_INVOCATION_NAME 1
| #define HAVE_DECL_PROGRAM_INVOCATION_SHORT_NAME 1
| #define HAVE_PROGRAM_INVOCATION_NAME 1
| #define HAVE_PROGRAM_INVOCATION_SHORT_NAME 1
| #define GNULIB_CLOSE_STREAM 1
| #define HAVE_DECL___FPENDING 1
| #define __GETOPT_PREFIX rpl_
| #define GNULIB_TEST_GETOPT_POSIX 1
| #define HAVE_DECL_PROGRAM_INVOCATION_NAME 1
| #define HAVE_DECL_PROGRAM_INVOCATION_SHORT_NAME 1
| /* end confdefs.h.  */
| #include <stdlib.h>
| 
| int
| main (void)
| {
| #ifndef __argv
| #ifdef __cplusplus
|   (void) __argv;
| #else
|   (void) __argv;
| #endif
| #endif
| 
|   ;
|   return 0;
| }
configure:16870: result: no
configure:16945: checking whether gettimeofday clobbers localtime buffer
configure:16990: gcc -o conftest  -std=c11   conftest.c  >&5
configure:16990: $? = 0
configure:16990: ./conftest
configure:16990: $? = 0
configure:17001: result: no
configure:17020: checking for gettimeofday with POSIX signature
configure:17049: gcc -c  -std=c11  conftest.c >&5
configure:17049: $? = 0
configure:17076: result: yes
configure:17162: checking whether the compiler supports the __inline keyword
configure:17180: gcc -c  -std=c11  conftest.c >&5
configure:17180: $? = 0
configure:17188: result: yes
configure:17220: checking whether locale.h conforms to POSIX:2001
configure:17239: gcc -c  -std=c11  conftest.c >&5
configure:17239: $? = 0
configure:17247: result: yes
configure:17250: checking whether struct lconv is properly defined
configure:17270: gcc -c  -std=c11  conftest.c >&5
configure:17270: $? = 0
configure:17279: result: yes
configure:17440: checking for GNU libc compatible malloc
configure:17486: result: yes
configure:17583: checking whether mbrtowc handles incomplete characters
configure:17675: gcc -o conftest  -std=c11   conftest.c  >&5
configure:17675: $? = 0
configure:17675: ./conftest
configure:17675: $? = 0
configure:17689: result: yes
configure:17695: checking whether mbrtowc works as well as mbtowc
configure:17759: result: guessing yes
configure:17808: checking whether mbrtowc handles a NULL pwc argument
configure:17869: gcc -o conftest  -std=c11   conftest.c  >&5
configure:17869: $? = 0
configure:17869: ./conftest
configure:17869: $? = 0
configure:17882: result: yes
configure:17888: checking whether mbrtowc handles a NULL string argument
configure:17937: gcc -o conftest  -std=c11   conftest.c  >&5
configure:17937: $? = 0
configure:17937: ./conftest
configure:17937: $? = 0
configure:17950: result: yes
configure:17958: checking whether mbrtowc has a correct return value
configure:18075: gcc -o conftest  -std=c11   conftest.c  >&5
configure:18075: $? = 0
configure:18075: ./conftest
configure:18075: $? = 0
configure:18091: result: yes
configure:18097: checking whether mbrtowc returns 0 when parsing a NUL character
configure:18156: result: guessing yes
configure:18161: checking whether mbrtowc stores incomplete characters
configure:18284: gcc -o conftest  -std=c11   conftest.c  >&5
configure:18284: $? = 0
configure:18284: ./conftest
configure:18284: $? = 0
configure:18299: result: no
configure:18304: checking whether mbrtowc works on empty input
configure:18334: gcc -o conftest  -std=c11   conftest.c  >&5
configure:18334: $? = 0
configure:18334: ./conftest
configure:18334: $? = 0
configure:18346: result: yes
configure:18350: checking whether the C locale is free of encoding errors
configure:18396: gcc -o conftest  -std=c11   conftest.c  >&5
configure:18396: $? = 0
configure:18396: ./conftest
configure:18396: $? = 3
configure: program exited with status 3
configure: failed program was:
| /* confdefs.h */
| #define PACKAGE_NAME "spot"
| #define PACKAGE_TARNAME "spot"
| #define PACKAGE_VERSION "2.10.4"
| #define PACKAGE_STRING "spot 2.10.4"
| #define PACKAGE_BUGREPORT "spot@lrde.epita.fr"
| #define PACKAGE_URL ""
| #define PACKAGE "spot"
| #define VERSION "2.10.4"
| #define HAVE_STDIO_H 1
| #define HAVE_STDLIB_H 1
| #define HAVE_STRING_H 1
| #define HAVE_INTTYPES_H 1
| #define HAVE_STDINT_H 1
| #define HAVE_STRINGS_H 1
| #define HAVE_SYS_STAT_H 1
| #define HAVE_SYS_TYPES_H 1
| #define HAVE_UNISTD_H 1
| #define HAVE_WCHAR_H 1
| #define HAVE_FEATURES_H 1
| #define HAVE_STDIO_EXT_H 1
| #define HAVE_GETOPT_H 1
| #define HAVE_SYS_CDEFS_H 1
| #define HAVE_SYS_TIME_H 1
| #define HAVE_SYS_SOCKET_H 1
| #define HAVE_THREADS_H 1
| #define HAVE_LIMITS_H 1
| #define HAVE_SYS_MMAN_H 1
| #define HAVE_SYS_PARAM_H 1
| #define HAVE_SYS_WAIT_H 1
| #define HAVE_SYSEXITS_H 1
| #define HAVE_WCTYPE_H 1
| #define STDC_HEADERS 1
| #define _ALL_SOURCE 1
| #define _DARWIN_C_SOURCE 1
| #define _GNU_SOURCE 1
| #define _HPUX_ALT_XOPEN_SOCKET_API 1
| #define _NETBSD_SOURCE 1
| #define _OPENBSD_SOURCE 1
| #define _POSIX_PTHREAD_SEMANTICS 1
| #define __STDC_WANT_IEC_60559_ATTRIBS_EXT__ 1
| #define __STDC_WANT_IEC_60559_BFP_EXT__ 1
| #define __STDC_WANT_IEC_60559_DFP_EXT__ 1
| #define __STDC_WANT_IEC_60559_FUNCS_EXT__ 1
| #define __STDC_WANT_IEC_60559_TYPES_EXT__ 1
| #define __STDC_WANT_LIB_EXT2__ 1
| #define __STDC_WANT_MATH_SPEC_FUNCS__ 1
| #define _TANDEM_SOURCE 1
| #define __EXTENSIONS__ 1
| #define YYTEXT_POINTER 1
| #define MAX_ACCSETS 32
| #define HAVE_ALLOCA_H 1
| #define HAVE_ALLOCA 1
| #define restrict __restrict
| #define HAVE_DECL_CLEARERR_UNLOCKED 1
| #define HAVE_DECL_FEOF_UNLOCKED 1
| #define HAVE_DECL_FERROR_UNLOCKED 1
| #define HAVE_DECL_FFLUSH_UNLOCKED 1
| #define HAVE_DECL_FGETS_UNLOCKED 1
| #define HAVE_DECL_FPUTC_UNLOCKED 1
| #define HAVE_DECL_FPUTS_UNLOCKED 1
| #define HAVE_DECL_FREAD_UNLOCKED 1
| #define HAVE_DECL_FWRITE_UNLOCKED 1
| #define HAVE_DECL_GETC_UNLOCKED 1
| #define HAVE_DECL_GETCHAR_UNLOCKED 1
| #define HAVE_DECL_PUTC_UNLOCKED 1
| #define HAVE_DECL_PUTCHAR_UNLOCKED 1
| #define HAVE_FLOCKFILE 1
| #define HAVE_FUNLOCKFILE 1
| #define HAVE_SYMLINK 1
| #define HAVE_GETTIMEOFDAY 1
| #define HAVE_LSTAT 1
| #define HAVE_MBSINIT 1
| #define HAVE_MBRTOWC 1
| #define HAVE_MPROTECT 1
| #define HAVE_MKSTEMP 1
| #define HAVE_MKSTEMPS 1
| #define HAVE_SECURE_GETENV 1
| #define HAVE_GETUID 1
| #define HAVE_GETEUID 1
| #define HAVE_GETGID 1
| #define HAVE_GETEGID 1
| #define HAVE_SLEEP 1
| #define HAVE_STRNDUP 1
| #define HAVE_SNPRINTF 1
| #define HAVE_ISWCNTRL 1
| #define HAVE_DECL_STRERROR_R 1
| #define HAVE_STRERROR_R 1
| #define STRERROR_R_CHAR_P 1
| #define HAVE_WORKING_O_NOATIME 1
| #define HAVE_WORKING_O_NOFOLLOW 1
| #define HAVE_GETOPT_H 1
| #define HAVE_GETOPT_LONG_ONLY 1
| #define HAVE_PTHREAD_API 1
| #define SETLOCALE_NULL_ALL_MTSAFE 1
| #define SETLOCALE_NULL_ONE_MTSAFE 1
| #define HAVE_WINT_T 1
| #define HAVE_LONG_LONG_INT 1
| #define HAVE_UNSIGNED_LONG_LONG_INT 1
| #define HAVE_LANGINFO_CODESET 1
| #define HAVE_WCHAR_T 1
| #define LSTAT_FOLLOWS_SLASHED_SYMLINK 1
| #define MALLOC_0_IS_NONNULL 1
| #define HAVE_MBSTATE_T 1
| #define HAVE_MAP_ANONYMOUS 1
| #define HAVE_MINMAX_IN_SYS_PARAM_H 1
| #define HAVE__BOOL 1
| #define HAVE_DECL_STRNDUP 1
| #define HAVE_DECL_STRNLEN 1
| #define _USE_STD_STAT 1
| #define HAVE_INTTYPES_H_WITH_UINTMAX 1
| #define HAVE_STDINT_H_WITH_UINTMAX 1
| #define HAVE_INTMAX_T 1
| #define DBL_EXPBIT0_WORD 1
| #define DBL_EXPBIT0_BIT 20
| #define HAVE_SNPRINTF 1
| #define HAVE_STRNLEN 1
| #define HAVE_WCSLEN 1
| #define HAVE_WCSNLEN 1
| #define HAVE_MBRTOWC 1
| #define HAVE_WCRTOMB 1
| #define HAVE_DECL__SNPRINTF 0
| #define HAVE_SNPRINTF_RETVAL_C99 1
| #define HAVE_DECL_VSNPRINTF 1
| #define HAVE_ALLOCA 1
| #define HAVE_DECL_PROGRAM_INVOCATION_NAME 1
| #define HAVE_DECL_PROGRAM_INVOCATION_SHORT_NAME 1
| #define HAVE_PROGRAM_INVOCATION_NAME 1
| #define HAVE_PROGRAM_INVOCATION_SHORT_NAME 1
| #define GNULIB_CLOSE_STREAM 1
| #define HAVE_DECL___FPENDING 1
| #define __GETOPT_PREFIX rpl_
| #define GNULIB_TEST_GETOPT_POSIX 1
| #define HAVE_DECL_PROGRAM_INVOCATION_NAME 1
| #define HAVE_DECL_PROGRAM_INVOCATION_SHORT_NAME 1
| #define HAVE_DECL___ARGV 0
| #define GETTIMEOFDAY_TIMEZONE void
| #define GNULIB_TEST_GETTIMEOFDAY 1
| #define GNULIB_TEST_ISATTY 1
| #define HAVE___INLINE 1
| #define GNULIB_TEST_LSTAT 1
| #define HAVE_MALLOC_GNU 1
| #define GNULIB_MALLOC_GNU 1
| #define HAVE_MALLOC_POSIX 1
| #define GNULIB_TEST_MALLOC_POSIX 1
| /* end confdefs.h.  */
| #include <limits.h>
|             #include <locale.h>
|             #include <wchar.h>
| 
| int
| main (void)
| {
| 
|             int i;
|             char *locale = setlocale (LC_ALL, "C");
|             if (! locale)
|               return 2;
|             for (i = CHAR_MIN; i <= CHAR_MAX; i++)
|               {
|                 char c = i;
|                 wchar_t wc;
|                 mbstate_t mbs = { 0, };
|                 size_t ss = mbrtowc (&wc, &c, 1, &mbs);
|                 if (1 < ss)
|                   return 3;
|               }
|             return 0;
| 
|   ;
|   return 0;
| }
configure:18408: result: no
configure:18751: checking whether mbrtowc handles incomplete characters
configure:18857: result: yes
configure:18863: checking whether mbrtowc works as well as mbtowc
configure:18927: result: guessing yes
configure:19052: checking for mempcpy
configure:19052: gcc -o conftest  -std=c11   conftest.c  >&5
configure:19052: $? = 0
configure:19052: result: yes
configure:19098: checking whether mkdir handles trailing slash
configure:19150: gcc -o conftest  -std=c11   conftest.c  >&5
configure:19150: $? = 0
configure:19150: ./conftest
configure:19150: $? = 0
configure:19164: result: yes
configure:19173: checking whether mkdir handles trailing dot
configure:19208: gcc -o conftest  -std=c11   conftest.c  >&5
configure:19208: $? = 0
configure:19208: ./conftest
configure:19208: $? = 0
configure:19222: result: yes
configure:19251: checking for working mkstemp
configure:19310: gcc -o conftest  -std=c11   conftest.c  >&5
configure:19310: $? = 0
configure:19310: ./conftest
configure:19310: $? = 0
configure:19323: result: yes
configure:19441: checking whether program_invocation_name is declared
configure:19441: result: yes
configure:19451: checking whether program_invocation_short_name is declared
configure:19451: result: yes
configure:19472: checking for rawmemchr
configure:19472: gcc -o conftest  -std=c11   conftest.c  >&5
configure:19472: $? = 0
configure:19472: result: yes
configure:19571: checking whether setlocale (LC_ALL, NULL) is multithread-safe
configure:19590: result: yes
configure:19608: checking whether setlocale (category, NULL) is multithread-safe
configure:19627: result: yes
configure:19881: checking for stdint.h
configure:19881: result: yes
configure:19888: checking for SIZE_MAX
configure:19964: result: yes
configure:19975: checking whether sleep is declared
configure:19975: gcc -c  -std=c11   conftest.c >&5
configure:19975: $? = 0
configure:19975: result: yes
configure:19989: checking for working sleep
configure:20043: gcc -o conftest  -std=c11   conftest.c  >&5
configure:20043: $? = 0
configure:20043: ./conftest
configure:20043: $? = 0
configure:20054: result: yes
configure:20092: checking for ssize_t
configure:20110: gcc -c  -std=c11  conftest.c >&5
configure:20110: $? = 0
configure:20118: result: yes
configure:20135: checking whether stat handles trailing slashes on files
configure:20179: gcc -o conftest  -std=c11   conftest.c  >&5
configure:20179: $? = 0
configure:20179: ./conftest
configure:20179: $? = 0
configure:20191: result: yes
configure:20256: checking for struct stat.st_atim.tv_nsec
configure:20256: gcc -c  -std=c11  conftest.c >&5
configure:20256: $? = 0
configure:20256: result: yes
configure:20264: checking whether struct stat.st_atim is of type struct timespec
configure:20292: gcc -c  -std=c11  conftest.c >&5
configure:20292: $? = 0
configure:20300: result: yes
configure:20349: checking for struct stat.st_birthtimespec.tv_nsec
configure:20349: gcc -c  -std=c11  conftest.c >&5
conftest.c: In function 'main':
conftest.c:178:12: error: 'struct stat' has no member named 'st_birthtimespec'
  178 | if (ac_aggr.st_birthtimespec.tv_nsec)
      |            ^
configure:20349: $? = 1
configure: failed program was:
| /* confdefs.h */
| #define PACKAGE_NAME "spot"
| #define PACKAGE_TARNAME "spot"
| #define PACKAGE_VERSION "2.10.4"
| #define PACKAGE_STRING "spot 2.10.4"
| #define PACKAGE_BUGREPORT "spot@lrde.epita.fr"
| #define PACKAGE_URL ""
| #define PACKAGE "spot"
| #define VERSION "2.10.4"
| #define HAVE_STDIO_H 1
| #define HAVE_STDLIB_H 1
| #define HAVE_STRING_H 1
| #define HAVE_INTTYPES_H 1
| #define HAVE_STDINT_H 1
| #define HAVE_STRINGS_H 1
| #define HAVE_SYS_STAT_H 1
| #define HAVE_SYS_TYPES_H 1
| #define HAVE_UNISTD_H 1
| #define HAVE_WCHAR_H 1
| #define HAVE_FEATURES_H 1
| #define HAVE_STDIO_EXT_H 1
| #define HAVE_GETOPT_H 1
| #define HAVE_SYS_CDEFS_H 1
| #define HAVE_SYS_TIME_H 1
| #define HAVE_SYS_SOCKET_H 1
| #define HAVE_THREADS_H 1
| #define HAVE_LIMITS_H 1
| #define HAVE_SYS_MMAN_H 1
| #define HAVE_SYS_PARAM_H 1
| #define HAVE_SYS_WAIT_H 1
| #define HAVE_SYSEXITS_H 1
| #define HAVE_WCTYPE_H 1
| #define STDC_HEADERS 1
| #define _ALL_SOURCE 1
| #define _DARWIN_C_SOURCE 1
| #define _GNU_SOURCE 1
| #define _HPUX_ALT_XOPEN_SOCKET_API 1
| #define _NETBSD_SOURCE 1
| #define _OPENBSD_SOURCE 1
| #define _POSIX_PTHREAD_SEMANTICS 1
| #define __STDC_WANT_IEC_60559_ATTRIBS_EXT__ 1
| #define __STDC_WANT_IEC_60559_BFP_EXT__ 1
| #define __STDC_WANT_IEC_60559_DFP_EXT__ 1
| #define __STDC_WANT_IEC_60559_FUNCS_EXT__ 1
| #define __STDC_WANT_IEC_60559_TYPES_EXT__ 1
| #define __STDC_WANT_LIB_EXT2__ 1
| #define __STDC_WANT_MATH_SPEC_FUNCS__ 1
| #define _TANDEM_SOURCE 1
| #define __EXTENSIONS__ 1
| #define YYTEXT_POINTER 1
| #define MAX_ACCSETS 32
| #define HAVE_ALLOCA_H 1
| #define HAVE_ALLOCA 1
| #define restrict __restrict
| #define HAVE_DECL_CLEARERR_UNLOCKED 1
| #define HAVE_DECL_FEOF_UNLOCKED 1
| #define HAVE_DECL_FERROR_UNLOCKED 1
| #define HAVE_DECL_FFLUSH_UNLOCKED 1
| #define HAVE_DECL_FGETS_UNLOCKED 1
| #define HAVE_DECL_FPUTC_UNLOCKED 1
| #define HAVE_DECL_FPUTS_UNLOCKED 1
| #define HAVE_DECL_FREAD_UNLOCKED 1
| #define HAVE_DECL_FWRITE_UNLOCKED 1
| #define HAVE_DECL_GETC_UNLOCKED 1
| #define HAVE_DECL_GETCHAR_UNLOCKED 1
| #define HAVE_DECL_PUTC_UNLOCKED 1
| #define HAVE_DECL_PUTCHAR_UNLOCKED 1
| #define HAVE_FLOCKFILE 1
| #define HAVE_FUNLOCKFILE 1
| #define HAVE_SYMLINK 1
| #define HAVE_GETTIMEOFDAY 1
| #define HAVE_LSTAT 1
| #define HAVE_MBSINIT 1
| #define HAVE_MBRTOWC 1
| #define HAVE_MPROTECT 1
| #define HAVE_MKSTEMP 1
| #define HAVE_MKSTEMPS 1
| #define HAVE_SECURE_GETENV 1
| #define HAVE_GETUID 1
| #define HAVE_GETEUID 1
| #define HAVE_GETGID 1
| #define HAVE_GETEGID 1
| #define HAVE_SLEEP 1
| #define HAVE_STRNDUP 1
| #define HAVE_SNPRINTF 1
| #define HAVE_ISWCNTRL 1
| #define HAVE_DECL_STRERROR_R 1
| #define HAVE_STRERROR_R 1
| #define STRERROR_R_CHAR_P 1
| #define HAVE_WORKING_O_NOATIME 1
| #define HAVE_WORKING_O_NOFOLLOW 1
| #define HAVE_GETOPT_H 1
| #define HAVE_GETOPT_LONG_ONLY 1
| #define HAVE_PTHREAD_API 1
| #define SETLOCALE_NULL_ALL_MTSAFE 1
| #define SETLOCALE_NULL_ONE_MTSAFE 1
| #define HAVE_WINT_T 1
| #define HAVE_LONG_LONG_INT 1
| #define HAVE_UNSIGNED_LONG_LONG_INT 1
| #define HAVE_LANGINFO_CODESET 1
| #define HAVE_WCHAR_T 1
| #define LSTAT_FOLLOWS_SLASHED_SYMLINK 1
| #define MALLOC_0_IS_NONNULL 1
| #define HAVE_MBSTATE_T 1
| #define HAVE_MAP_ANONYMOUS 1
| #define HAVE_MINMAX_IN_SYS_PARAM_H 1
| #define HAVE__BOOL 1
| #define HAVE_DECL_STRNDUP 1
| #define HAVE_DECL_STRNLEN 1
| #define _USE_STD_STAT 1
| #define HAVE_INTTYPES_H_WITH_UINTMAX 1
| #define HAVE_STDINT_H_WITH_UINTMAX 1
| #define HAVE_INTMAX_T 1
| #define DBL_EXPBIT0_WORD 1
| #define DBL_EXPBIT0_BIT 20
| #define HAVE_SNPRINTF 1
| #define HAVE_STRNLEN 1
| #define HAVE_WCSLEN 1
| #define HAVE_WCSNLEN 1
| #define HAVE_MBRTOWC 1
| #define HAVE_WCRTOMB 1
| #define HAVE_DECL__SNPRINTF 0
| #define HAVE_SNPRINTF_RETVAL_C99 1
| #define HAVE_DECL_VSNPRINTF 1
| #define HAVE_ALLOCA 1
| #define HAVE_DECL_PROGRAM_INVOCATION_NAME 1
| #define HAVE_DECL_PROGRAM_INVOCATION_SHORT_NAME 1
| #define HAVE_PROGRAM_INVOCATION_NAME 1
| #define HAVE_PROGRAM_INVOCATION_SHORT_NAME 1
| #define GNULIB_CLOSE_STREAM 1
| #define HAVE_DECL___FPENDING 1
| #define __GETOPT_PREFIX rpl_
| #define GNULIB_TEST_GETOPT_POSIX 1
| #define HAVE_DECL_PROGRAM_INVOCATION_NAME 1
| #define HAVE_DECL_PROGRAM_INVOCATION_SHORT_NAME 1
| #define HAVE_DECL___ARGV 0
| #define GETTIMEOFDAY_TIMEZONE void
| #define GNULIB_TEST_GETTIMEOFDAY 1
| #define GNULIB_TEST_ISATTY 1
| #define HAVE___INLINE 1
| #define GNULIB_TEST_LSTAT 1
| #define HAVE_MALLOC_GNU 1
| #define GNULIB_MALLOC_GNU 1
| #define HAVE_MALLOC_POSIX 1
| #define GNULIB_TEST_MALLOC_POSIX 1
| #define MBRTOWC_IN_C_LOCALE_MAYBE_EILSEQ 1
| #define GNULIB_TEST_MBRTOWC 1
| #define GNULIB_TEST_MBSINIT 1
| #define GNULIB_TEST_MEMCHR 1
| #define HAVE_MEMPCPY 1
| #define GNULIB_TEST_MEMPCPY 1
| #define GNULIB_TEST_MKSTEMP 1
| #define GNULIB_MKSTEMPS 1
| #define GNULIB_TEST_MKSTEMPS 1
| #define GNULIB_MSVC_NOTHROW 1
| #define HAVE_DECL_PROGRAM_INVOCATION_NAME 1
| #define HAVE_DECL_PROGRAM_INVOCATION_SHORT_NAME 1
| #define HAVE_RAWMEMCHR 1
| #define GNULIB_TEST_RAWMEMCHR 1
| #define GNULIB_TEST_SECURE_GETENV 1
| #define SETLOCALE_NULL_ALL_MTSAFE 1
| #define SETLOCALE_NULL_ONE_MTSAFE 1
| #define GNULIB_TEST_SETLOCALE_NULL 1
| #define HAVE_STDINT_H 1
| #define HAVE_DECL_SLEEP 1
| #define GNULIB_TEST_SLEEP 1
| #define GNULIB_TEST_STAT 1
| #define HAVE_STRUCT_STAT_ST_ATIM_TV_NSEC 1
| #define TYPEOF_STRUCT_STAT_ST_ATIM_IS_STRUCT_TIMESPEC 1
| /* end confdefs.h.  */
| #include <sys/types.h>
|      #include <sys/stat.h>
| 
| int
| main (void)
| {
| static struct stat ac_aggr;
| if (ac_aggr.st_birthtimespec.tv_nsec)
| return 0;
|   ;
|   return 0;
| }
configure:20349: gcc -c  -std=c11  conftest.c >&5
conftest.c: In function 'main':
conftest.c:178:19: error: 'struct stat' has no member named 'st_birthtimespec'
  178 | if (sizeof ac_aggr.st_birthtimespec.tv_nsec)
      |                   ^
configure:20349: $? = 1
configure: failed program was:
| /* confdefs.h */
| #define PACKAGE_NAME "spot"
| #define PACKAGE_TARNAME "spot"
| #define PACKAGE_VERSION "2.10.4"
| #define PACKAGE_STRING "spot 2.10.4"
| #define PACKAGE_BUGREPORT "spot@lrde.epita.fr"
| #define PACKAGE_URL ""
| #define PACKAGE "spot"
| #define VERSION "2.10.4"
| #define HAVE_STDIO_H 1
| #define HAVE_STDLIB_H 1
| #define HAVE_STRING_H 1
| #define HAVE_INTTYPES_H 1
| #define HAVE_STDINT_H 1
| #define HAVE_STRINGS_H 1
| #define HAVE_SYS_STAT_H 1
| #define HAVE_SYS_TYPES_H 1
| #define HAVE_UNISTD_H 1
| #define HAVE_WCHAR_H 1
| #define HAVE_FEATURES_H 1
| #define HAVE_STDIO_EXT_H 1
| #define HAVE_GETOPT_H 1
| #define HAVE_SYS_CDEFS_H 1
| #define HAVE_SYS_TIME_H 1
| #define HAVE_SYS_SOCKET_H 1
| #define HAVE_THREADS_H 1
| #define HAVE_LIMITS_H 1
| #define HAVE_SYS_MMAN_H 1
| #define HAVE_SYS_PARAM_H 1
| #define HAVE_SYS_WAIT_H 1
| #define HAVE_SYSEXITS_H 1
| #define HAVE_WCTYPE_H 1
| #define STDC_HEADERS 1
| #define _ALL_SOURCE 1
| #define _DARWIN_C_SOURCE 1
| #define _GNU_SOURCE 1
| #define _HPUX_ALT_XOPEN_SOCKET_API 1
| #define _NETBSD_SOURCE 1
| #define _OPENBSD_SOURCE 1
| #define _POSIX_PTHREAD_SEMANTICS 1
| #define __STDC_WANT_IEC_60559_ATTRIBS_EXT__ 1
| #define __STDC_WANT_IEC_60559_BFP_EXT__ 1
| #define __STDC_WANT_IEC_60559_DFP_EXT__ 1
| #define __STDC_WANT_IEC_60559_FUNCS_EXT__ 1
| #define __STDC_WANT_IEC_60559_TYPES_EXT__ 1
| #define __STDC_WANT_LIB_EXT2__ 1
| #define __STDC_WANT_MATH_SPEC_FUNCS__ 1
| #define _TANDEM_SOURCE 1
| #define __EXTENSIONS__ 1
| #define YYTEXT_POINTER 1
| #define MAX_ACCSETS 32
| #define HAVE_ALLOCA_H 1
| #define HAVE_ALLOCA 1
| #define restrict __restrict
| #define HAVE_DECL_CLEARERR_UNLOCKED 1
| #define HAVE_DECL_FEOF_UNLOCKED 1
| #define HAVE_DECL_FERROR_UNLOCKED 1
| #define HAVE_DECL_FFLUSH_UNLOCKED 1
| #define HAVE_DECL_FGETS_UNLOCKED 1
| #define HAVE_DECL_FPUTC_UNLOCKED 1
| #define HAVE_DECL_FPUTS_UNLOCKED 1
| #define HAVE_DECL_FREAD_UNLOCKED 1
| #define HAVE_DECL_FWRITE_UNLOCKED 1
| #define HAVE_DECL_GETC_UNLOCKED 1
| #define HAVE_DECL_GETCHAR_UNLOCKED 1
| #define HAVE_DECL_PUTC_UNLOCKED 1
| #define HAVE_DECL_PUTCHAR_UNLOCKED 1
| #define HAVE_FLOCKFILE 1
| #define HAVE_FUNLOCKFILE 1
| #define HAVE_SYMLINK 1
| #define HAVE_GETTIMEOFDAY 1
| #define HAVE_LSTAT 1
| #define HAVE_MBSINIT 1
| #define HAVE_MBRTOWC 1
| #define HAVE_MPROTECT 1
| #define HAVE_MKSTEMP 1
| #define HAVE_MKSTEMPS 1
| #define HAVE_SECURE_GETENV 1
| #define HAVE_GETUID 1
| #define HAVE_GETEUID 1
| #define HAVE_GETGID 1
| #define HAVE_GETEGID 1
| #define HAVE_SLEEP 1
| #define HAVE_STRNDUP 1
| #define HAVE_SNPRINTF 1
| #define HAVE_ISWCNTRL 1
| #define HAVE_DECL_STRERROR_R 1
| #define HAVE_STRERROR_R 1
| #define STRERROR_R_CHAR_P 1
| #define HAVE_WORKING_O_NOATIME 1
| #define HAVE_WORKING_O_NOFOLLOW 1
| #define HAVE_GETOPT_H 1
| #define HAVE_GETOPT_LONG_ONLY 1
| #define HAVE_PTHREAD_API 1
| #define SETLOCALE_NULL_ALL_MTSAFE 1
| #define SETLOCALE_NULL_ONE_MTSAFE 1
| #define HAVE_WINT_T 1
| #define HAVE_LONG_LONG_INT 1
| #define HAVE_UNSIGNED_LONG_LONG_INT 1
| #define HAVE_LANGINFO_CODESET 1
| #define HAVE_WCHAR_T 1
| #define LSTAT_FOLLOWS_SLASHED_SYMLINK 1
| #define MALLOC_0_IS_NONNULL 1
| #define HAVE_MBSTATE_T 1
| #define HAVE_MAP_ANONYMOUS 1
| #define HAVE_MINMAX_IN_SYS_PARAM_H 1
| #define HAVE__BOOL 1
| #define HAVE_DECL_STRNDUP 1
| #define HAVE_DECL_STRNLEN 1
| #define _USE_STD_STAT 1
| #define HAVE_INTTYPES_H_WITH_UINTMAX 1
| #define HAVE_STDINT_H_WITH_UINTMAX 1
| #define HAVE_INTMAX_T 1
| #define DBL_EXPBIT0_WORD 1
| #define DBL_EXPBIT0_BIT 20
| #define HAVE_SNPRINTF 1
| #define HAVE_STRNLEN 1
| #define HAVE_WCSLEN 1
| #define HAVE_WCSNLEN 1
| #define HAVE_MBRTOWC 1
| #define HAVE_WCRTOMB 1
| #define HAVE_DECL__SNPRINTF 0
| #define HAVE_SNPRINTF_RETVAL_C99 1
| #define HAVE_DECL_VSNPRINTF 1
| #define HAVE_ALLOCA 1
| #define HAVE_DECL_PROGRAM_INVOCATION_NAME 1
| #define HAVE_DECL_PROGRAM_INVOCATION_SHORT_NAME 1
| #define HAVE_PROGRAM_INVOCATION_NAME 1
| #define HAVE_PROGRAM_INVOCATION_SHORT_NAME 1
| #define GNULIB_CLOSE_STREAM 1
| #define HAVE_DECL___FPENDING 1
| #define __GETOPT_PREFIX rpl_
| #define GNULIB_TEST_GETOPT_POSIX 1
| #define HAVE_DECL_PROGRAM_INVOCATION_NAME 1
| #define HAVE_DECL_PROGRAM_INVOCATION_SHORT_NAME 1
| #define HAVE_DECL___ARGV 0
| #define GETTIMEOFDAY_TIMEZONE void
| #define GNULIB_TEST_GETTIMEOFDAY 1
| #define GNULIB_TEST_ISATTY 1
| #define HAVE___INLINE 1
| #define GNULIB_TEST_LSTAT 1
| #define HAVE_MALLOC_GNU 1
| #define GNULIB_MALLOC_GNU 1
| #define HAVE_MALLOC_POSIX 1
| #define GNULIB_TEST_MALLOC_POSIX 1
| #define MBRTOWC_IN_C_LOCALE_MAYBE_EILSEQ 1
| #define GNULIB_TEST_MBRTOWC 1
| #define GNULIB_TEST_MBSINIT 1
| #define GNULIB_TEST_MEMCHR 1
| #define HAVE_MEMPCPY 1
| #define GNULIB_TEST_MEMPCPY 1
| #define GNULIB_TEST_MKSTEMP 1
| #define GNULIB_MKSTEMPS 1
| #define GNULIB_TEST_MKSTEMPS 1
| #define GNULIB_MSVC_NOTHROW 1
| #define HAVE_DECL_PROGRAM_INVOCATION_NAME 1
| #define HAVE_DECL_PROGRAM_INVOCATION_SHORT_NAME 1
| #define HAVE_RAWMEMCHR 1
| #define GNULIB_TEST_RAWMEMCHR 1
| #define GNULIB_TEST_SECURE_GETENV 1
| #define SETLOCALE_NULL_ALL_MTSAFE 1
| #define SETLOCALE_NULL_ONE_MTSAFE 1
| #define GNULIB_TEST_SETLOCALE_NULL 1
| #define HAVE_STDINT_H 1
| #define HAVE_DECL_SLEEP 1
| #define GNULIB_TEST_SLEEP 1
| #define GNULIB_TEST_STAT 1
| #define HAVE_STRUCT_STAT_ST_ATIM_TV_NSEC 1
| #define TYPEOF_STRUCT_STAT_ST_ATIM_IS_STRUCT_TIMESPEC 1
| /* end confdefs.h.  */
| #include <sys/types.h>
|      #include <sys/stat.h>
| 
| int
| main (void)
| {
| static struct stat ac_aggr;
| if (sizeof ac_aggr.st_birthtimespec.tv_nsec)
| return 0;
|   ;
|   return 0;
| }
configure:20349: result: no
configure:20359: checking for struct stat.st_birthtimensec
configure:20359: gcc -c  -std=c11  conftest.c >&5
conftest.c: In function 'main':
conftest.c:178:12: error: 'struct stat' has no member named 'st_birthtimensec'
  178 | if (ac_aggr.st_birthtimensec)
      |            ^
configure:20359: $? = 1
configure: failed program was:
| /* confdefs.h */
| #define PACKAGE_NAME "spot"
| #define PACKAGE_TARNAME "spot"
| #define PACKAGE_VERSION "2.10.4"
| #define PACKAGE_STRING "spot 2.10.4"
| #define PACKAGE_BUGREPORT "spot@lrde.epita.fr"
| #define PACKAGE_URL ""
| #define PACKAGE "spot"
| #define VERSION "2.10.4"
| #define HAVE_STDIO_H 1
| #define HAVE_STDLIB_H 1
| #define HAVE_STRING_H 1
| #define HAVE_INTTYPES_H 1
| #define HAVE_STDINT_H 1
| #define HAVE_STRINGS_H 1
| #define HAVE_SYS_STAT_H 1
| #define HAVE_SYS_TYPES_H 1
| #define HAVE_UNISTD_H 1
| #define HAVE_WCHAR_H 1
| #define HAVE_FEATURES_H 1
| #define HAVE_STDIO_EXT_H 1
| #define HAVE_GETOPT_H 1
| #define HAVE_SYS_CDEFS_H 1
| #define HAVE_SYS_TIME_H 1
| #define HAVE_SYS_SOCKET_H 1
| #define HAVE_THREADS_H 1
| #define HAVE_LIMITS_H 1
| #define HAVE_SYS_MMAN_H 1
| #define HAVE_SYS_PARAM_H 1
| #define HAVE_SYS_WAIT_H 1
| #define HAVE_SYSEXITS_H 1
| #define HAVE_WCTYPE_H 1
| #define STDC_HEADERS 1
| #define _ALL_SOURCE 1
| #define _DARWIN_C_SOURCE 1
| #define _GNU_SOURCE 1
| #define _HPUX_ALT_XOPEN_SOCKET_API 1
| #define _NETBSD_SOURCE 1
| #define _OPENBSD_SOURCE 1
| #define _POSIX_PTHREAD_SEMANTICS 1
| #define __STDC_WANT_IEC_60559_ATTRIBS_EXT__ 1
| #define __STDC_WANT_IEC_60559_BFP_EXT__ 1
| #define __STDC_WANT_IEC_60559_DFP_EXT__ 1
| #define __STDC_WANT_IEC_60559_FUNCS_EXT__ 1
| #define __STDC_WANT_IEC_60559_TYPES_EXT__ 1
| #define __STDC_WANT_LIB_EXT2__ 1
| #define __STDC_WANT_MATH_SPEC_FUNCS__ 1
| #define _TANDEM_SOURCE 1
| #define __EXTENSIONS__ 1
| #define YYTEXT_POINTER 1
| #define MAX_ACCSETS 32
| #define HAVE_ALLOCA_H 1
| #define HAVE_ALLOCA 1
| #define restrict __restrict
| #define HAVE_DECL_CLEARERR_UNLOCKED 1
| #define HAVE_DECL_FEOF_UNLOCKED 1
| #define HAVE_DECL_FERROR_UNLOCKED 1
| #define HAVE_DECL_FFLUSH_UNLOCKED 1
| #define HAVE_DECL_FGETS_UNLOCKED 1
| #define HAVE_DECL_FPUTC_UNLOCKED 1
| #define HAVE_DECL_FPUTS_UNLOCKED 1
| #define HAVE_DECL_FREAD_UNLOCKED 1
| #define HAVE_DECL_FWRITE_UNLOCKED 1
| #define HAVE_DECL_GETC_UNLOCKED 1
| #define HAVE_DECL_GETCHAR_UNLOCKED 1
| #define HAVE_DECL_PUTC_UNLOCKED 1
| #define HAVE_DECL_PUTCHAR_UNLOCKED 1
| #define HAVE_FLOCKFILE 1
| #define HAVE_FUNLOCKFILE 1
| #define HAVE_SYMLINK 1
| #define HAVE_GETTIMEOFDAY 1
| #define HAVE_LSTAT 1
| #define HAVE_MBSINIT 1
| #define HAVE_MBRTOWC 1
| #define HAVE_MPROTECT 1
| #define HAVE_MKSTEMP 1
| #define HAVE_MKSTEMPS 1
| #define HAVE_SECURE_GETENV 1
| #define HAVE_GETUID 1
| #define HAVE_GETEUID 1
| #define HAVE_GETGID 1
| #define HAVE_GETEGID 1
| #define HAVE_SLEEP 1
| #define HAVE_STRNDUP 1
| #define HAVE_SNPRINTF 1
| #define HAVE_ISWCNTRL 1
| #define HAVE_DECL_STRERROR_R 1
| #define HAVE_STRERROR_R 1
| #define STRERROR_R_CHAR_P 1
| #define HAVE_WORKING_O_NOATIME 1
| #define HAVE_WORKING_O_NOFOLLOW 1
| #define HAVE_GETOPT_H 1
| #define HAVE_GETOPT_LONG_ONLY 1
| #define HAVE_PTHREAD_API 1
| #define SETLOCALE_NULL_ALL_MTSAFE 1
| #define SETLOCALE_NULL_ONE_MTSAFE 1
| #define HAVE_WINT_T 1
| #define HAVE_LONG_LONG_INT 1
| #define HAVE_UNSIGNED_LONG_LONG_INT 1
| #define HAVE_LANGINFO_CODESET 1
| #define HAVE_WCHAR_T 1
| #define LSTAT_FOLLOWS_SLASHED_SYMLINK 1
| #define MALLOC_0_IS_NONNULL 1
| #define HAVE_MBSTATE_T 1
| #define HAVE_MAP_ANONYMOUS 1
| #define HAVE_MINMAX_IN_SYS_PARAM_H 1
| #define HAVE__BOOL 1
| #define HAVE_DECL_STRNDUP 1
| #define HAVE_DECL_STRNLEN 1
| #define _USE_STD_STAT 1
| #define HAVE_INTTYPES_H_WITH_UINTMAX 1
| #define HAVE_STDINT_H_WITH_UINTMAX 1
| #define HAVE_INTMAX_T 1
| #define DBL_EXPBIT0_WORD 1
| #define DBL_EXPBIT0_BIT 20
| #define HAVE_SNPRINTF 1
| #define HAVE_STRNLEN 1
| #define HAVE_WCSLEN 1
| #define HAVE_WCSNLEN 1
| #define HAVE_MBRTOWC 1
| #define HAVE_WCRTOMB 1
| #define HAVE_DECL__SNPRINTF 0
| #define HAVE_SNPRINTF_RETVAL_C99 1
| #define HAVE_DECL_VSNPRINTF 1
| #define HAVE_ALLOCA 1
| #define HAVE_DECL_PROGRAM_INVOCATION_NAME 1
| #define HAVE_DECL_PROGRAM_INVOCATION_SHORT_NAME 1
| #define HAVE_PROGRAM_INVOCATION_NAME 1
| #define HAVE_PROGRAM_INVOCATION_SHORT_NAME 1
| #define GNULIB_CLOSE_STREAM 1
| #define HAVE_DECL___FPENDING 1
| #define __GETOPT_PREFIX rpl_
| #define GNULIB_TEST_GETOPT_POSIX 1
| #define HAVE_DECL_PROGRAM_INVOCATION_NAME 1
| #define HAVE_DECL_PROGRAM_INVOCATION_SHORT_NAME 1
| #define HAVE_DECL___ARGV 0
| #define GETTIMEOFDAY_TIMEZONE void
| #define GNULIB_TEST_GETTIMEOFDAY 1
| #define GNULIB_TEST_ISATTY 1
| #define HAVE___INLINE 1
| #define GNULIB_TEST_LSTAT 1
| #define HAVE_MALLOC_GNU 1
| #define GNULIB_MALLOC_GNU 1
| #define HAVE_MALLOC_POSIX 1
| #define GNULIB_TEST_MALLOC_POSIX 1
| #define MBRTOWC_IN_C_LOCALE_MAYBE_EILSEQ 1
| #define GNULIB_TEST_MBRTOWC 1
| #define GNULIB_TEST_MBSINIT 1
| #define GNULIB_TEST_MEMCHR 1
| #define HAVE_MEMPCPY 1
| #define GNULIB_TEST_MEMPCPY 1
| #define GNULIB_TEST_MKSTEMP 1
| #define GNULIB_MKSTEMPS 1
| #define GNULIB_TEST_MKSTEMPS 1
| #define GNULIB_MSVC_NOTHROW 1
| #define HAVE_DECL_PROGRAM_INVOCATION_NAME 1
| #define HAVE_DECL_PROGRAM_INVOCATION_SHORT_NAME 1
| #define HAVE_RAWMEMCHR 1
| #define GNULIB_TEST_RAWMEMCHR 1
| #define GNULIB_TEST_SECURE_GETENV 1
| #define SETLOCALE_NULL_ALL_MTSAFE 1
| #define SETLOCALE_NULL_ONE_MTSAFE 1
| #define GNULIB_TEST_SETLOCALE_NULL 1
| #define HAVE_STDINT_H 1
| #define HAVE_DECL_SLEEP 1
| #define GNULIB_TEST_SLEEP 1
| #define GNULIB_TEST_STAT 1
| #define HAVE_STRUCT_STAT_ST_ATIM_TV_NSEC 1
| #define TYPEOF_STRUCT_STAT_ST_ATIM_IS_STRUCT_TIMESPEC 1
| /* end confdefs.h.  */
| #include <sys/types.h>
|         #include <sys/stat.h>
| 
| int
| main (void)
| {
| static struct stat ac_aggr;
| if (ac_aggr.st_birthtimensec)
| return 0;
|   ;
|   return 0;
| }
configure:20359: gcc -c  -std=c11  conftest.c >&5
conftest.c: In function 'main':
conftest.c:178:19: error: 'struct stat' has no member named 'st_birthtimensec'
  178 | if (sizeof ac_aggr.st_birthtimensec)
      |                   ^
configure:20359: $? = 1
configure: failed program was:
| /* confdefs.h */
| #define PACKAGE_NAME "spot"
| #define PACKAGE_TARNAME "spot"
| #define PACKAGE_VERSION "2.10.4"
| #define PACKAGE_STRING "spot 2.10.4"
| #define PACKAGE_BUGREPORT "spot@lrde.epita.fr"
| #define PACKAGE_URL ""
| #define PACKAGE "spot"
| #define VERSION "2.10.4"
| #define HAVE_STDIO_H 1
| #define HAVE_STDLIB_H 1
| #define HAVE_STRING_H 1
| #define HAVE_INTTYPES_H 1
| #define HAVE_STDINT_H 1
| #define HAVE_STRINGS_H 1
| #define HAVE_SYS_STAT_H 1
| #define HAVE_SYS_TYPES_H 1
| #define HAVE_UNISTD_H 1
| #define HAVE_WCHAR_H 1
| #define HAVE_FEATURES_H 1
| #define HAVE_STDIO_EXT_H 1
| #define HAVE_GETOPT_H 1
| #define HAVE_SYS_CDEFS_H 1
| #define HAVE_SYS_TIME_H 1
| #define HAVE_SYS_SOCKET_H 1
| #define HAVE_THREADS_H 1
| #define HAVE_LIMITS_H 1
| #define HAVE_SYS_MMAN_H 1
| #define HAVE_SYS_PARAM_H 1
| #define HAVE_SYS_WAIT_H 1
| #define HAVE_SYSEXITS_H 1
| #define HAVE_WCTYPE_H 1
| #define STDC_HEADERS 1
| #define _ALL_SOURCE 1
| #define _DARWIN_C_SOURCE 1
| #define _GNU_SOURCE 1
| #define _HPUX_ALT_XOPEN_SOCKET_API 1
| #define _NETBSD_SOURCE 1
| #define _OPENBSD_SOURCE 1
| #define _POSIX_PTHREAD_SEMANTICS 1
| #define __STDC_WANT_IEC_60559_ATTRIBS_EXT__ 1
| #define __STDC_WANT_IEC_60559_BFP_EXT__ 1
| #define __STDC_WANT_IEC_60559_DFP_EXT__ 1
| #define __STDC_WANT_IEC_60559_FUNCS_EXT__ 1
| #define __STDC_WANT_IEC_60559_TYPES_EXT__ 1
| #define __STDC_WANT_LIB_EXT2__ 1
| #define __STDC_WANT_MATH_SPEC_FUNCS__ 1
| #define _TANDEM_SOURCE 1
| #define __EXTENSIONS__ 1
| #define YYTEXT_POINTER 1
| #define MAX_ACCSETS 32
| #define HAVE_ALLOCA_H 1
| #define HAVE_ALLOCA 1
| #define restrict __restrict
| #define HAVE_DECL_CLEARERR_UNLOCKED 1
| #define HAVE_DECL_FEOF_UNLOCKED 1
| #define HAVE_DECL_FERROR_UNLOCKED 1
| #define HAVE_DECL_FFLUSH_UNLOCKED 1
| #define HAVE_DECL_FGETS_UNLOCKED 1
| #define HAVE_DECL_FPUTC_UNLOCKED 1
| #define HAVE_DECL_FPUTS_UNLOCKED 1
| #define HAVE_DECL_FREAD_UNLOCKED 1
| #define HAVE_DECL_FWRITE_UNLOCKED 1
| #define HAVE_DECL_GETC_UNLOCKED 1
| #define HAVE_DECL_GETCHAR_UNLOCKED 1
| #define HAVE_DECL_PUTC_UNLOCKED 1
| #define HAVE_DECL_PUTCHAR_UNLOCKED 1
| #define HAVE_FLOCKFILE 1
| #define HAVE_FUNLOCKFILE 1
| #define HAVE_SYMLINK 1
| #define HAVE_GETTIMEOFDAY 1
| #define HAVE_LSTAT 1
| #define HAVE_MBSINIT 1
| #define HAVE_MBRTOWC 1
| #define HAVE_MPROTECT 1
| #define HAVE_MKSTEMP 1
| #define HAVE_MKSTEMPS 1
| #define HAVE_SECURE_GETENV 1
| #define HAVE_GETUID 1
| #define HAVE_GETEUID 1
| #define HAVE_GETGID 1
| #define HAVE_GETEGID 1
| #define HAVE_SLEEP 1
| #define HAVE_STRNDUP 1
| #define HAVE_SNPRINTF 1
| #define HAVE_ISWCNTRL 1
| #define HAVE_DECL_STRERROR_R 1
| #define HAVE_STRERROR_R 1
| #define STRERROR_R_CHAR_P 1
| #define HAVE_WORKING_O_NOATIME 1
| #define HAVE_WORKING_O_NOFOLLOW 1
| #define HAVE_GETOPT_H 1
| #define HAVE_GETOPT_LONG_ONLY 1
| #define HAVE_PTHREAD_API 1
| #define SETLOCALE_NULL_ALL_MTSAFE 1
| #define SETLOCALE_NULL_ONE_MTSAFE 1
| #define HAVE_WINT_T 1
| #define HAVE_LONG_LONG_INT 1
| #define HAVE_UNSIGNED_LONG_LONG_INT 1
| #define HAVE_LANGINFO_CODESET 1
| #define HAVE_WCHAR_T 1
| #define LSTAT_FOLLOWS_SLASHED_SYMLINK 1
| #define MALLOC_0_IS_NONNULL 1
| #define HAVE_MBSTATE_T 1
| #define HAVE_MAP_ANONYMOUS 1
| #define HAVE_MINMAX_IN_SYS_PARAM_H 1
| #define HAVE__BOOL 1
| #define HAVE_DECL_STRNDUP 1
| #define HAVE_DECL_STRNLEN 1
| #define _USE_STD_STAT 1
| #define HAVE_INTTYPES_H_WITH_UINTMAX 1
| #define HAVE_STDINT_H_WITH_UINTMAX 1
| #define HAVE_INTMAX_T 1
| #define DBL_EXPBIT0_WORD 1
| #define DBL_EXPBIT0_BIT 20
| #define HAVE_SNPRINTF 1
| #define HAVE_STRNLEN 1
| #define HAVE_WCSLEN 1
| #define HAVE_WCSNLEN 1
| #define HAVE_MBRTOWC 1
| #define HAVE_WCRTOMB 1
| #define HAVE_DECL__SNPRINTF 0
| #define HAVE_SNPRINTF_RETVAL_C99 1
| #define HAVE_DECL_VSNPRINTF 1
| #define HAVE_ALLOCA 1
| #define HAVE_DECL_PROGRAM_INVOCATION_NAME 1
| #define HAVE_DECL_PROGRAM_INVOCATION_SHORT_NAME 1
| #define HAVE_PROGRAM_INVOCATION_NAME 1
| #define HAVE_PROGRAM_INVOCATION_SHORT_NAME 1
| #define GNULIB_CLOSE_STREAM 1
| #define HAVE_DECL___FPENDING 1
| #define __GETOPT_PREFIX rpl_
| #define GNULIB_TEST_GETOPT_POSIX 1
| #define HAVE_DECL_PROGRAM_INVOCATION_NAME 1
| #define HAVE_DECL_PROGRAM_INVOCATION_SHORT_NAME 1
| #define HAVE_DECL___ARGV 0
| #define GETTIMEOFDAY_TIMEZONE void
| #define GNULIB_TEST_GETTIMEOFDAY 1
| #define GNULIB_TEST_ISATTY 1
| #define HAVE___INLINE 1
| #define GNULIB_TEST_LSTAT 1
| #define HAVE_MALLOC_GNU 1
| #define GNULIB_MALLOC_GNU 1
| #define HAVE_MALLOC_POSIX 1
| #define GNULIB_TEST_MALLOC_POSIX 1
| #define MBRTOWC_IN_C_LOCALE_MAYBE_EILSEQ 1
| #define GNULIB_TEST_MBRTOWC 1
| #define GNULIB_TEST_MBSINIT 1
| #define GNULIB_TEST_MEMCHR 1
| #define HAVE_MEMPCPY 1
| #define GNULIB_TEST_MEMPCPY 1
| #define GNULIB_TEST_MKSTEMP 1
| #define GNULIB_MKSTEMPS 1
| #define GNULIB_TEST_MKSTEMPS 1
| #define GNULIB_MSVC_NOTHROW 1
| #define HAVE_DECL_PROGRAM_INVOCATION_NAME 1
| #define HAVE_DECL_PROGRAM_INVOCATION_SHORT_NAME 1
| #define HAVE_RAWMEMCHR 1
| #define GNULIB_TEST_RAWMEMCHR 1
| #define GNULIB_TEST_SECURE_GETENV 1
| #define SETLOCALE_NULL_ALL_MTSAFE 1
| #define SETLOCALE_NULL_ONE_MTSAFE 1
| #define GNULIB_TEST_SETLOCALE_NULL 1
| #define HAVE_STDINT_H 1
| #define HAVE_DECL_SLEEP 1
| #define GNULIB_TEST_SLEEP 1
| #define GNULIB_TEST_STAT 1
| #define HAVE_STRUCT_STAT_ST_ATIM_TV_NSEC 1
| #define TYPEOF_STRUCT_STAT_ST_ATIM_IS_STRUCT_TIMESPEC 1
| /* end confdefs.h.  */
| #include <sys/types.h>
|         #include <sys/stat.h>
| 
| int
| main (void)
| {
| static struct stat ac_aggr;
| if (sizeof ac_aggr.st_birthtimensec)
| return 0;
|   ;
|   return 0;
| }
configure:20359: result: no
configure:20369: checking for struct stat.st_birthtim.tv_nsec
configure:20369: gcc -c  -std=c11  conftest.c >&5
conftest.c: In function 'main':
conftest.c:178:12: error: 'struct stat' has no member named 'st_birthtim'
  178 | if (ac_aggr.st_birthtim.tv_nsec)
      |            ^
configure:20369: $? = 1
configure: failed program was:
| /* confdefs.h */
| #define PACKAGE_NAME "spot"
| #define PACKAGE_TARNAME "spot"
| #define PACKAGE_VERSION "2.10.4"
| #define PACKAGE_STRING "spot 2.10.4"
| #define PACKAGE_BUGREPORT "spot@lrde.epita.fr"
| #define PACKAGE_URL ""
| #define PACKAGE "spot"
| #define VERSION "2.10.4"
| #define HAVE_STDIO_H 1
| #define HAVE_STDLIB_H 1
| #define HAVE_STRING_H 1
| #define HAVE_INTTYPES_H 1
| #define HAVE_STDINT_H 1
| #define HAVE_STRINGS_H 1
| #define HAVE_SYS_STAT_H 1
| #define HAVE_SYS_TYPES_H 1
| #define HAVE_UNISTD_H 1
| #define HAVE_WCHAR_H 1
| #define HAVE_FEATURES_H 1
| #define HAVE_STDIO_EXT_H 1
| #define HAVE_GETOPT_H 1
| #define HAVE_SYS_CDEFS_H 1
| #define HAVE_SYS_TIME_H 1
| #define HAVE_SYS_SOCKET_H 1
| #define HAVE_THREADS_H 1
| #define HAVE_LIMITS_H 1
| #define HAVE_SYS_MMAN_H 1
| #define HAVE_SYS_PARAM_H 1
| #define HAVE_SYS_WAIT_H 1
| #define HAVE_SYSEXITS_H 1
| #define HAVE_WCTYPE_H 1
| #define STDC_HEADERS 1
| #define _ALL_SOURCE 1
| #define _DARWIN_C_SOURCE 1
| #define _GNU_SOURCE 1
| #define _HPUX_ALT_XOPEN_SOCKET_API 1
| #define _NETBSD_SOURCE 1
| #define _OPENBSD_SOURCE 1
| #define _POSIX_PTHREAD_SEMANTICS 1
| #define __STDC_WANT_IEC_60559_ATTRIBS_EXT__ 1
| #define __STDC_WANT_IEC_60559_BFP_EXT__ 1
| #define __STDC_WANT_IEC_60559_DFP_EXT__ 1
| #define __STDC_WANT_IEC_60559_FUNCS_EXT__ 1
| #define __STDC_WANT_IEC_60559_TYPES_EXT__ 1
| #define __STDC_WANT_LIB_EXT2__ 1
| #define __STDC_WANT_MATH_SPEC_FUNCS__ 1
| #define _TANDEM_SOURCE 1
| #define __EXTENSIONS__ 1
| #define YYTEXT_POINTER 1
| #define MAX_ACCSETS 32
| #define HAVE_ALLOCA_H 1
| #define HAVE_ALLOCA 1
| #define restrict __restrict
| #define HAVE_DECL_CLEARERR_UNLOCKED 1
| #define HAVE_DECL_FEOF_UNLOCKED 1
| #define HAVE_DECL_FERROR_UNLOCKED 1
| #define HAVE_DECL_FFLUSH_UNLOCKED 1
| #define HAVE_DECL_FGETS_UNLOCKED 1
| #define HAVE_DECL_FPUTC_UNLOCKED 1
| #define HAVE_DECL_FPUTS_UNLOCKED 1
| #define HAVE_DECL_FREAD_UNLOCKED 1
| #define HAVE_DECL_FWRITE_UNLOCKED 1
| #define HAVE_DECL_GETC_UNLOCKED 1
| #define HAVE_DECL_GETCHAR_UNLOCKED 1
| #define HAVE_DECL_PUTC_UNLOCKED 1
| #define HAVE_DECL_PUTCHAR_UNLOCKED 1
| #define HAVE_FLOCKFILE 1
| #define HAVE_FUNLOCKFILE 1
| #define HAVE_SYMLINK 1
| #define HAVE_GETTIMEOFDAY 1
| #define HAVE_LSTAT 1
| #define HAVE_MBSINIT 1
| #define HAVE_MBRTOWC 1
| #define HAVE_MPROTECT 1
| #define HAVE_MKSTEMP 1
| #define HAVE_MKSTEMPS 1
| #define HAVE_SECURE_GETENV 1
| #define HAVE_GETUID 1
| #define HAVE_GETEUID 1
| #define HAVE_GETGID 1
| #define HAVE_GETEGID 1
| #define HAVE_SLEEP 1
| #define HAVE_STRNDUP 1
| #define HAVE_SNPRINTF 1
| #define HAVE_ISWCNTRL 1
| #define HAVE_DECL_STRERROR_R 1
| #define HAVE_STRERROR_R 1
| #define STRERROR_R_CHAR_P 1
| #define HAVE_WORKING_O_NOATIME 1
| #define HAVE_WORKING_O_NOFOLLOW 1
| #define HAVE_GETOPT_H 1
| #define HAVE_GETOPT_LONG_ONLY 1
| #define HAVE_PTHREAD_API 1
| #define SETLOCALE_NULL_ALL_MTSAFE 1
| #define SETLOCALE_NULL_ONE_MTSAFE 1
| #define HAVE_WINT_T 1
| #define HAVE_LONG_LONG_INT 1
| #define HAVE_UNSIGNED_LONG_LONG_INT 1
| #define HAVE_LANGINFO_CODESET 1
| #define HAVE_WCHAR_T 1
| #define LSTAT_FOLLOWS_SLASHED_SYMLINK 1
| #define MALLOC_0_IS_NONNULL 1
| #define HAVE_MBSTATE_T 1
| #define HAVE_MAP_ANONYMOUS 1
| #define HAVE_MINMAX_IN_SYS_PARAM_H 1
| #define HAVE__BOOL 1
| #define HAVE_DECL_STRNDUP 1
| #define HAVE_DECL_STRNLEN 1
| #define _USE_STD_STAT 1
| #define HAVE_INTTYPES_H_WITH_UINTMAX 1
| #define HAVE_STDINT_H_WITH_UINTMAX 1
| #define HAVE_INTMAX_T 1
| #define DBL_EXPBIT0_WORD 1
| #define DBL_EXPBIT0_BIT 20
| #define HAVE_SNPRINTF 1
| #define HAVE_STRNLEN 1
| #define HAVE_WCSLEN 1
| #define HAVE_WCSNLEN 1
| #define HAVE_MBRTOWC 1
| #define HAVE_WCRTOMB 1
| #define HAVE_DECL__SNPRINTF 0
| #define HAVE_SNPRINTF_RETVAL_C99 1
| #define HAVE_DECL_VSNPRINTF 1
| #define HAVE_ALLOCA 1
| #define HAVE_DECL_PROGRAM_INVOCATION_NAME 1
| #define HAVE_DECL_PROGRAM_INVOCATION_SHORT_NAME 1
| #define HAVE_PROGRAM_INVOCATION_NAME 1
| #define HAVE_PROGRAM_INVOCATION_SHORT_NAME 1
| #define GNULIB_CLOSE_STREAM 1
| #define HAVE_DECL___FPENDING 1
| #define __GETOPT_PREFIX rpl_
| #define GNULIB_TEST_GETOPT_POSIX 1
| #define HAVE_DECL_PROGRAM_INVOCATION_NAME 1
| #define HAVE_DECL_PROGRAM_INVOCATION_SHORT_NAME 1
| #define HAVE_DECL___ARGV 0
| #define GETTIMEOFDAY_TIMEZONE void
| #define GNULIB_TEST_GETTIMEOFDAY 1
| #define GNULIB_TEST_ISATTY 1
| #define HAVE___INLINE 1
| #define GNULIB_TEST_LSTAT 1
| #define HAVE_MALLOC_GNU 1
| #define GNULIB_MALLOC_GNU 1
| #define HAVE_MALLOC_POSIX 1
| #define GNULIB_TEST_MALLOC_POSIX 1
| #define MBRTOWC_IN_C_LOCALE_MAYBE_EILSEQ 1
| #define GNULIB_TEST_MBRTOWC 1
| #define GNULIB_TEST_MBSINIT 1
| #define GNULIB_TEST_MEMCHR 1
| #define HAVE_MEMPCPY 1
| #define GNULIB_TEST_MEMPCPY 1
| #define GNULIB_TEST_MKSTEMP 1
| #define GNULIB_MKSTEMPS 1
| #define GNULIB_TEST_MKSTEMPS 1
| #define GNULIB_MSVC_NOTHROW 1
| #define HAVE_DECL_PROGRAM_INVOCATION_NAME 1
| #define HAVE_DECL_PROGRAM_INVOCATION_SHORT_NAME 1
| #define HAVE_RAWMEMCHR 1
| #define GNULIB_TEST_RAWMEMCHR 1
| #define GNULIB_TEST_SECURE_GETENV 1
| #define SETLOCALE_NULL_ALL_MTSAFE 1
| #define SETLOCALE_NULL_ONE_MTSAFE 1
| #define GNULIB_TEST_SETLOCALE_NULL 1
| #define HAVE_STDINT_H 1
| #define HAVE_DECL_SLEEP 1
| #define GNULIB_TEST_SLEEP 1
| #define GNULIB_TEST_STAT 1
| #define HAVE_STRUCT_STAT_ST_ATIM_TV_NSEC 1
| #define TYPEOF_STRUCT_STAT_ST_ATIM_IS_STRUCT_TIMESPEC 1
| /* end confdefs.h.  */
| #include <sys/types.h>
|           #include <sys/stat.h>
| 
| int
| main (void)
| {
| static struct stat ac_aggr;
| if (ac_aggr.st_birthtim.tv_nsec)
| return 0;
|   ;
|   return 0;
| }
configure:20369: gcc -c  -std=c11  conftest.c >&5
conftest.c: In function 'main':
conftest.c:178:19: error: 'struct stat' has no member named 'st_birthtim'
  178 | if (sizeof ac_aggr.st_birthtim.tv_nsec)
      |                   ^
configure:20369: $? = 1
configure: failed program was:
| /* confdefs.h */
| #define PACKAGE_NAME "spot"
| #define PACKAGE_TARNAME "spot"
| #define PACKAGE_VERSION "2.10.4"
| #define PACKAGE_STRING "spot 2.10.4"
| #define PACKAGE_BUGREPORT "spot@lrde.epita.fr"
| #define PACKAGE_URL ""
| #define PACKAGE "spot"
| #define VERSION "2.10.4"
| #define HAVE_STDIO_H 1
| #define HAVE_STDLIB_H 1
| #define HAVE_STRING_H 1
| #define HAVE_INTTYPES_H 1
| #define HAVE_STDINT_H 1
| #define HAVE_STRINGS_H 1
| #define HAVE_SYS_STAT_H 1
| #define HAVE_SYS_TYPES_H 1
| #define HAVE_UNISTD_H 1
| #define HAVE_WCHAR_H 1
| #define HAVE_FEATURES_H 1
| #define HAVE_STDIO_EXT_H 1
| #define HAVE_GETOPT_H 1
| #define HAVE_SYS_CDEFS_H 1
| #define HAVE_SYS_TIME_H 1
| #define HAVE_SYS_SOCKET_H 1
| #define HAVE_THREADS_H 1
| #define HAVE_LIMITS_H 1
| #define HAVE_SYS_MMAN_H 1
| #define HAVE_SYS_PARAM_H 1
| #define HAVE_SYS_WAIT_H 1
| #define HAVE_SYSEXITS_H 1
| #define HAVE_WCTYPE_H 1
| #define STDC_HEADERS 1
| #define _ALL_SOURCE 1
| #define _DARWIN_C_SOURCE 1
| #define _GNU_SOURCE 1
| #define _HPUX_ALT_XOPEN_SOCKET_API 1
| #define _NETBSD_SOURCE 1
| #define _OPENBSD_SOURCE 1
| #define _POSIX_PTHREAD_SEMANTICS 1
| #define __STDC_WANT_IEC_60559_ATTRIBS_EXT__ 1
| #define __STDC_WANT_IEC_60559_BFP_EXT__ 1
| #define __STDC_WANT_IEC_60559_DFP_EXT__ 1
| #define __STDC_WANT_IEC_60559_FUNCS_EXT__ 1
| #define __STDC_WANT_IEC_60559_TYPES_EXT__ 1
| #define __STDC_WANT_LIB_EXT2__ 1
| #define __STDC_WANT_MATH_SPEC_FUNCS__ 1
| #define _TANDEM_SOURCE 1
| #define __EXTENSIONS__ 1
| #define YYTEXT_POINTER 1
| #define MAX_ACCSETS 32
| #define HAVE_ALLOCA_H 1
| #define HAVE_ALLOCA 1
| #define restrict __restrict
| #define HAVE_DECL_CLEARERR_UNLOCKED 1
| #define HAVE_DECL_FEOF_UNLOCKED 1
| #define HAVE_DECL_FERROR_UNLOCKED 1
| #define HAVE_DECL_FFLUSH_UNLOCKED 1
| #define HAVE_DECL_FGETS_UNLOCKED 1
| #define HAVE_DECL_FPUTC_UNLOCKED 1
| #define HAVE_DECL_FPUTS_UNLOCKED 1
| #define HAVE_DECL_FREAD_UNLOCKED 1
| #define HAVE_DECL_FWRITE_UNLOCKED 1
| #define HAVE_DECL_GETC_UNLOCKED 1
| #define HAVE_DECL_GETCHAR_UNLOCKED 1
| #define HAVE_DECL_PUTC_UNLOCKED 1
| #define HAVE_DECL_PUTCHAR_UNLOCKED 1
| #define HAVE_FLOCKFILE 1
| #define HAVE_FUNLOCKFILE 1
| #define HAVE_SYMLINK 1
| #define HAVE_GETTIMEOFDAY 1
| #define HAVE_LSTAT 1
| #define HAVE_MBSINIT 1
| #define HAVE_MBRTOWC 1
| #define HAVE_MPROTECT 1
| #define HAVE_MKSTEMP 1
| #define HAVE_MKSTEMPS 1
| #define HAVE_SECURE_GETENV 1
| #define HAVE_GETUID 1
| #define HAVE_GETEUID 1
| #define HAVE_GETGID 1
| #define HAVE_GETEGID 1
| #define HAVE_SLEEP 1
| #define HAVE_STRNDUP 1
| #define HAVE_SNPRINTF 1
| #define HAVE_ISWCNTRL 1
| #define HAVE_DECL_STRERROR_R 1
| #define HAVE_STRERROR_R 1
| #define STRERROR_R_CHAR_P 1
| #define HAVE_WORKING_O_NOATIME 1
| #define HAVE_WORKING_O_NOFOLLOW 1
| #define HAVE_GETOPT_H 1
| #define HAVE_GETOPT_LONG_ONLY 1
| #define HAVE_PTHREAD_API 1
| #define SETLOCALE_NULL_ALL_MTSAFE 1
| #define SETLOCALE_NULL_ONE_MTSAFE 1
| #define HAVE_WINT_T 1
| #define HAVE_LONG_LONG_INT 1
| #define HAVE_UNSIGNED_LONG_LONG_INT 1
| #define HAVE_LANGINFO_CODESET 1
| #define HAVE_WCHAR_T 1
| #define LSTAT_FOLLOWS_SLASHED_SYMLINK 1
| #define MALLOC_0_IS_NONNULL 1
| #define HAVE_MBSTATE_T 1
| #define HAVE_MAP_ANONYMOUS 1
| #define HAVE_MINMAX_IN_SYS_PARAM_H 1
| #define HAVE__BOOL 1
| #define HAVE_DECL_STRNDUP 1
| #define HAVE_DECL_STRNLEN 1
| #define _USE_STD_STAT 1
| #define HAVE_INTTYPES_H_WITH_UINTMAX 1
| #define HAVE_STDINT_H_WITH_UINTMAX 1
| #define HAVE_INTMAX_T 1
| #define DBL_EXPBIT0_WORD 1
| #define DBL_EXPBIT0_BIT 20
| #define HAVE_SNPRINTF 1
| #define HAVE_STRNLEN 1
| #define HAVE_WCSLEN 1
| #define HAVE_WCSNLEN 1
| #define HAVE_MBRTOWC 1
| #define HAVE_WCRTOMB 1
| #define HAVE_DECL__SNPRINTF 0
| #define HAVE_SNPRINTF_RETVAL_C99 1
| #define HAVE_DECL_VSNPRINTF 1
| #define HAVE_ALLOCA 1
| #define HAVE_DECL_PROGRAM_INVOCATION_NAME 1
| #define HAVE_DECL_PROGRAM_INVOCATION_SHORT_NAME 1
| #define HAVE_PROGRAM_INVOCATION_NAME 1
| #define HAVE_PROGRAM_INVOCATION_SHORT_NAME 1
| #define GNULIB_CLOSE_STREAM 1
| #define HAVE_DECL___FPENDING 1
| #define __GETOPT_PREFIX rpl_
| #define GNULIB_TEST_GETOPT_POSIX 1
| #define HAVE_DECL_PROGRAM_INVOCATION_NAME 1
| #define HAVE_DECL_PROGRAM_INVOCATION_SHORT_NAME 1
| #define HAVE_DECL___ARGV 0
| #define GETTIMEOFDAY_TIMEZONE void
| #define GNULIB_TEST_GETTIMEOFDAY 1
| #define GNULIB_TEST_ISATTY 1
| #define HAVE___INLINE 1
| #define GNULIB_TEST_LSTAT 1
| #define HAVE_MALLOC_GNU 1
| #define GNULIB_MALLOC_GNU 1
| #define HAVE_MALLOC_POSIX 1
| #define GNULIB_TEST_MALLOC_POSIX 1
| #define MBRTOWC_IN_C_LOCALE_MAYBE_EILSEQ 1
| #define GNULIB_TEST_MBRTOWC 1
| #define GNULIB_TEST_MBSINIT 1
| #define GNULIB_TEST_MEMCHR 1
| #define HAVE_MEMPCPY 1
| #define GNULIB_TEST_MEMPCPY 1
| #define GNULIB_TEST_MKSTEMP 1
| #define GNULIB_MKSTEMPS 1
| #define GNULIB_TEST_MKSTEMPS 1
| #define GNULIB_MSVC_NOTHROW 1
| #define HAVE_DECL_PROGRAM_INVOCATION_NAME 1
| #define HAVE_DECL_PROGRAM_INVOCATION_SHORT_NAME 1
| #define HAVE_RAWMEMCHR 1
| #define GNULIB_TEST_RAWMEMCHR 1
| #define GNULIB_TEST_SECURE_GETENV 1
| #define SETLOCALE_NULL_ALL_MTSAFE 1
| #define SETLOCALE_NULL_ONE_MTSAFE 1
| #define GNULIB_TEST_SETLOCALE_NULL 1
| #define HAVE_STDINT_H 1
| #define HAVE_DECL_SLEEP 1
| #define GNULIB_TEST_SLEEP 1
| #define GNULIB_TEST_STAT 1
| #define HAVE_STRUCT_STAT_ST_ATIM_TV_NSEC 1
| #define TYPEOF_STRUCT_STAT_ST_ATIM_IS_STRUCT_TIMESPEC 1
| /* end confdefs.h.  */
| #include <sys/types.h>
|           #include <sys/stat.h>
| 
| int
| main (void)
| {
| static struct stat ac_aggr;
| if (sizeof ac_aggr.st_birthtim.tv_nsec)
| return 0;
|   ;
|   return 0;
| }
configure:20369: result: no
configure:20386: checking for working stdalign.h
configure:20432: gcc -c  -std=c11  conftest.c >&5
configure:20432: $? = 0
configure:20440: result: yes
configure:20501: checking for good max_align_t
configure:20533: result: yes
configure:20545: checking whether NULL can be used in arbitrary expressions
configure:20572: result: yes
configure:20742: checking which flavor of printf attribute matches inttypes macros
configure:20770: gcc -c  -std=c11  conftest.c >&5
configure:20770: $? = 0
configure:20778: result: system
configure:20911: checking for stpcpy
configure:20911: gcc -o conftest  -std=c11   conftest.c  >&5
configure:20911: $? = 0
configure:20911: result: yes
configure:20955: checking for strcasecmp
configure:20955: gcc -o conftest  -std=c11   conftest.c  >&5
configure:20955: $? = 0
configure:20955: result: yes
configure:20968: checking for strncasecmp
configure:20968: gcc -o conftest  -std=c11   conftest.c  >&5
configure:20968: $? = 0
configure:20968: result: yes
configure:20980: checking whether strncasecmp is declared
configure:20980: gcc -c  -std=c11   conftest.c >&5
configure:20980: $? = 0
configure:20980: result: yes
configure:21028: checking for strchrnul
configure:21028: gcc -o conftest  -std=c11   conftest.c  >&5
configure:21028: $? = 0
configure:21028: result: yes
configure:21038: checking whether strchrnul works
configure:21085: gcc -o conftest  -std=c11   conftest.c  >&5
configure:21085: $? = 0
configure:21085: ./conftest
configure:21085: $? = 0
configure:21097: result: yes
configure:21139: checking for working strerror function
configure:21169: gcc -o conftest  -std=c11   conftest.c  >&5
configure:21169: $? = 0
configure:21169: ./conftest
configure:21169: $? = 0
configure:21181: result: yes
configure:21281: checking for working strndup
configure:21324: gcc -o conftest  -std=c11   conftest.c  >&5
configure:21324: $? = 0
configure:21324: ./conftest
configure:21324: $? = 0
configure:21335: result: yes
configure:21381: checking for working strnlen
configure:21421: gcc -o conftest  -std=c11   conftest.c  >&5
configure:21421: $? = 0
configure:21421: ./conftest
configure:21421: $? = 0
configure:21432: result: yes
configure:21474: checking for strverscmp
configure:21474: gcc -o conftest  -std=c11   conftest.c  >&5
configure:21474: $? = 0
configure:21474: result: yes
configure:21612: checking for nlink_t
configure:21612: result: yes
configure:21842: gcc -c  -std=c11  conftest.c >&5
configure:21842: $? = 0
configure:22031: checking for ptrdiff_t
configure:22031: gcc -c  -std=c11  conftest.c >&5
configure:22031: $? = 0
configure:22031: gcc -c  -std=c11  conftest.c >&5
conftest.c: In function 'main':
conftest.c:218:24: error: expected expression before ')' token
  218 | if (sizeof ((ptrdiff_t)))
      |                        ^
configure:22031: $? = 1
configure: failed program was:
| /* confdefs.h */
| #define PACKAGE_NAME "spot"
| #define PACKAGE_TARNAME "spot"
| #define PACKAGE_VERSION "2.10.4"
| #define PACKAGE_STRING "spot 2.10.4"
| #define PACKAGE_BUGREPORT "spot@lrde.epita.fr"
| #define PACKAGE_URL ""
| #define PACKAGE "spot"
| #define VERSION "2.10.4"
| #define HAVE_STDIO_H 1
| #define HAVE_STDLIB_H 1
| #define HAVE_STRING_H 1
| #define HAVE_INTTYPES_H 1
| #define HAVE_STDINT_H 1
| #define HAVE_STRINGS_H 1
| #define HAVE_SYS_STAT_H 1
| #define HAVE_SYS_TYPES_H 1
| #define HAVE_UNISTD_H 1
| #define HAVE_WCHAR_H 1
| #define HAVE_FEATURES_H 1
| #define HAVE_STDIO_EXT_H 1
| #define HAVE_GETOPT_H 1
| #define HAVE_SYS_CDEFS_H 1
| #define HAVE_SYS_TIME_H 1
| #define HAVE_SYS_SOCKET_H 1
| #define HAVE_THREADS_H 1
| #define HAVE_LIMITS_H 1
| #define HAVE_SYS_MMAN_H 1
| #define HAVE_SYS_PARAM_H 1
| #define HAVE_SYS_WAIT_H 1
| #define HAVE_SYSEXITS_H 1
| #define HAVE_WCTYPE_H 1
| #define STDC_HEADERS 1
| #define _ALL_SOURCE 1
| #define _DARWIN_C_SOURCE 1
| #define _GNU_SOURCE 1
| #define _HPUX_ALT_XOPEN_SOCKET_API 1
| #define _NETBSD_SOURCE 1
| #define _OPENBSD_SOURCE 1
| #define _POSIX_PTHREAD_SEMANTICS 1
| #define __STDC_WANT_IEC_60559_ATTRIBS_EXT__ 1
| #define __STDC_WANT_IEC_60559_BFP_EXT__ 1
| #define __STDC_WANT_IEC_60559_DFP_EXT__ 1
| #define __STDC_WANT_IEC_60559_FUNCS_EXT__ 1
| #define __STDC_WANT_IEC_60559_TYPES_EXT__ 1
| #define __STDC_WANT_LIB_EXT2__ 1
| #define __STDC_WANT_MATH_SPEC_FUNCS__ 1
| #define _TANDEM_SOURCE 1
| #define __EXTENSIONS__ 1
| #define YYTEXT_POINTER 1
| #define MAX_ACCSETS 32
| #define HAVE_ALLOCA_H 1
| #define HAVE_ALLOCA 1
| #define restrict __restrict
| #define HAVE_DECL_CLEARERR_UNLOCKED 1
| #define HAVE_DECL_FEOF_UNLOCKED 1
| #define HAVE_DECL_FERROR_UNLOCKED 1
| #define HAVE_DECL_FFLUSH_UNLOCKED 1
| #define HAVE_DECL_FGETS_UNLOCKED 1
| #define HAVE_DECL_FPUTC_UNLOCKED 1
| #define HAVE_DECL_FPUTS_UNLOCKED 1
| #define HAVE_DECL_FREAD_UNLOCKED 1
| #define HAVE_DECL_FWRITE_UNLOCKED 1
| #define HAVE_DECL_GETC_UNLOCKED 1
| #define HAVE_DECL_GETCHAR_UNLOCKED 1
| #define HAVE_DECL_PUTC_UNLOCKED 1
| #define HAVE_DECL_PUTCHAR_UNLOCKED 1
| #define HAVE_FLOCKFILE 1
| #define HAVE_FUNLOCKFILE 1
| #define HAVE_SYMLINK 1
| #define HAVE_GETTIMEOFDAY 1
| #define HAVE_LSTAT 1
| #define HAVE_MBSINIT 1
| #define HAVE_MBRTOWC 1
| #define HAVE_MPROTECT 1
| #define HAVE_MKSTEMP 1
| #define HAVE_MKSTEMPS 1
| #define HAVE_SECURE_GETENV 1
| #define HAVE_GETUID 1
| #define HAVE_GETEUID 1
| #define HAVE_GETGID 1
| #define HAVE_GETEGID 1
| #define HAVE_SLEEP 1
| #define HAVE_STRNDUP 1
| #define HAVE_SNPRINTF 1
| #define HAVE_ISWCNTRL 1
| #define HAVE_DECL_STRERROR_R 1
| #define HAVE_STRERROR_R 1
| #define STRERROR_R_CHAR_P 1
| #define HAVE_WORKING_O_NOATIME 1
| #define HAVE_WORKING_O_NOFOLLOW 1
| #define HAVE_GETOPT_H 1
| #define HAVE_GETOPT_LONG_ONLY 1
| #define HAVE_PTHREAD_API 1
| #define SETLOCALE_NULL_ALL_MTSAFE 1
| #define SETLOCALE_NULL_ONE_MTSAFE 1
| #define HAVE_WINT_T 1
| #define HAVE_LONG_LONG_INT 1
| #define HAVE_UNSIGNED_LONG_LONG_INT 1
| #define HAVE_LANGINFO_CODESET 1
| #define HAVE_WCHAR_T 1
| #define LSTAT_FOLLOWS_SLASHED_SYMLINK 1
| #define MALLOC_0_IS_NONNULL 1
| #define HAVE_MBSTATE_T 1
| #define HAVE_MAP_ANONYMOUS 1
| #define HAVE_MINMAX_IN_SYS_PARAM_H 1
| #define HAVE__BOOL 1
| #define HAVE_DECL_STRNDUP 1
| #define HAVE_DECL_STRNLEN 1
| #define _USE_STD_STAT 1
| #define HAVE_INTTYPES_H_WITH_UINTMAX 1
| #define HAVE_STDINT_H_WITH_UINTMAX 1
| #define HAVE_INTMAX_T 1
| #define DBL_EXPBIT0_WORD 1
| #define DBL_EXPBIT0_BIT 20
| #define HAVE_SNPRINTF 1
| #define HAVE_STRNLEN 1
| #define HAVE_WCSLEN 1
| #define HAVE_WCSNLEN 1
| #define HAVE_MBRTOWC 1
| #define HAVE_WCRTOMB 1
| #define HAVE_DECL__SNPRINTF 0
| #define HAVE_SNPRINTF_RETVAL_C99 1
| #define HAVE_DECL_VSNPRINTF 1
| #define HAVE_ALLOCA 1
| #define HAVE_DECL_PROGRAM_INVOCATION_NAME 1
| #define HAVE_DECL_PROGRAM_INVOCATION_SHORT_NAME 1
| #define HAVE_PROGRAM_INVOCATION_NAME 1
| #define HAVE_PROGRAM_INVOCATION_SHORT_NAME 1
| #define GNULIB_CLOSE_STREAM 1
| #define HAVE_DECL___FPENDING 1
| #define __GETOPT_PREFIX rpl_
| #define GNULIB_TEST_GETOPT_POSIX 1
| #define HAVE_DECL_PROGRAM_INVOCATION_NAME 1
| #define HAVE_DECL_PROGRAM_INVOCATION_SHORT_NAME 1
| #define HAVE_DECL___ARGV 0
| #define GETTIMEOFDAY_TIMEZONE void
| #define GNULIB_TEST_GETTIMEOFDAY 1
| #define GNULIB_TEST_ISATTY 1
| #define HAVE___INLINE 1
| #define GNULIB_TEST_LSTAT 1
| #define HAVE_MALLOC_GNU 1
| #define GNULIB_MALLOC_GNU 1
| #define HAVE_MALLOC_POSIX 1
| #define GNULIB_TEST_MALLOC_POSIX 1
| #define MBRTOWC_IN_C_LOCALE_MAYBE_EILSEQ 1
| #define GNULIB_TEST_MBRTOWC 1
| #define GNULIB_TEST_MBSINIT 1
| #define GNULIB_TEST_MEMCHR 1
| #define HAVE_MEMPCPY 1
| #define GNULIB_TEST_MEMPCPY 1
| #define GNULIB_TEST_MKSTEMP 1
| #define GNULIB_MKSTEMPS 1
| #define GNULIB_TEST_MKSTEMPS 1
| #define GNULIB_MSVC_NOTHROW 1
| #define HAVE_DECL_PROGRAM_INVOCATION_NAME 1
| #define HAVE_DECL_PROGRAM_INVOCATION_SHORT_NAME 1
| #define HAVE_RAWMEMCHR 1
| #define GNULIB_TEST_RAWMEMCHR 1
| #define GNULIB_TEST_SECURE_GETENV 1
| #define SETLOCALE_NULL_ALL_MTSAFE 1
| #define SETLOCALE_NULL_ONE_MTSAFE 1
| #define GNULIB_TEST_SETLOCALE_NULL 1
| #define HAVE_STDINT_H 1
| #define HAVE_DECL_SLEEP 1
| #define GNULIB_TEST_SLEEP 1
| #define GNULIB_TEST_STAT 1
| #define HAVE_STRUCT_STAT_ST_ATIM_TV_NSEC 1
| #define TYPEOF_STRUCT_STAT_ST_ATIM_IS_STRUCT_TIMESPEC 1
| #define __USE_MINGW_ANSI_STDIO 1
| #define GNULIB_FSCANF 1
| #define GNULIB_SCANF 1
| #define HAVE_STPCPY 1
| #define GNULIB_TEST_STPCPY 1
| #define HAVE_STRCASECMP 1
| #define HAVE_STRNCASECMP 1
| #define HAVE_DECL_STRNCASECMP 1
| #define HAVE_STRCHRNUL 1
| #define GNULIB_TEST_STRCHRNUL 1
| #define GNULIB_STRERROR 1
| #define GNULIB_TEST_STRERROR 1
| #define GNULIB_TEST_STRNDUP 1
| #define GNULIB_TEST_STRNLEN 1
| #define HAVE_STRVERSCMP 1
| #define GNULIB_TEST_STRVERSCMP 1
| /* end confdefs.h.  */
| #include <stddef.h>
| #ifdef HAVE_STDIO_H
| # include <stdio.h>
| #endif
| #ifdef HAVE_STDLIB_H
| # include <stdlib.h>
| #endif
| #ifdef HAVE_STRING_H
| # include <string.h>
| #endif
| #ifdef HAVE_INTTYPES_H
| # include <inttypes.h>
| #endif
| #ifdef HAVE_STDINT_H
| # include <stdint.h>
| #endif
| #ifdef HAVE_STRINGS_H
| # include <strings.h>
| #endif
| #ifdef HAVE_SYS_TYPES_H
| # include <sys/types.h>
| #endif
| #ifdef HAVE_SYS_STAT_H
| # include <sys/stat.h>
| #endif
| #ifdef HAVE_UNISTD_H
| # include <unistd.h>
| #endif
| int
| main (void)
| {
| if (sizeof ((ptrdiff_t)))
| 	    return 0;
|   ;
|   return 0;
| }
configure:22031: result: yes
configure:22053: checking for vsnprintf
configure:22053: gcc -o conftest  -std=c11   conftest.c  >&5
conftest.c:203:6: warning: conflicting types for built-in function 'vsnprintf'; expected 'int(char *, long unsigned int,  const char *, __va_list_tag *)' [-Wbuiltin-declaration-mismatch]
  203 | char vsnprintf ();
      |      ^~~~~~~~~
conftest.c:195:1: note: 'vsnprintf' is declared in header '<stdio.h>'
  194 | #include <limits.h>
  195 | #undef vsnprintf
configure:22053: $? = 0
configure:22053: result: yes
configure:22064: checking whether snprintf respects a size of 1
configure:22107: gcc -o conftest  -std=c11   conftest.c  >&5
conftest.c: In function 'main':
conftest.c:207:25: warning: '%d' directive output truncated writing 5 bytes into a region of size 1 [-Wformat-truncation=]
  207 |   my_snprintf (buf, 1, "%d", 12345);
      |                         ^~
conftest.c:191:22: note: 'snprintf' output 6 bytes into a destination of size 1
  191 | # define my_snprintf snprintf
      |                      ^
conftest.c:207:3: note: in expansion of macro 'my_snprintf'
  207 |   my_snprintf (buf, 1, "%d", 12345);
      |   ^~~~~~~~~~~
configure:22107: $? = 0
configure:22107: ./conftest
configure:22107: $? = 0
configure:22119: result: yes
configure:22129: checking whether printf supports POSIX/XSI format strings with positions
configure:22166: gcc -o conftest  -std=c11   conftest.c  >&5
configure:22166: $? = 0
configure:22166: ./conftest
configure:22166: $? = 0
configure:22178: result: yes
configure:22445: checking whether iswcntrl works
configure:22492: gcc -o conftest  -std=c11   conftest.c  >&5
configure:22492: $? = 0
configure:22492: ./conftest
configure:22492: $? = 0
configure:22504: result: yes
configure:22530: checking for towlower
configure:22530: gcc -o conftest  -std=c11   conftest.c  >&5
conftest.c:205:6: warning: conflicting types for built-in function 'towlower'; expected 'unsigned int(unsigned int)' [-Wbuiltin-declaration-mismatch]
  205 | char towlower ();
      |      ^~~~~~~~
conftest.c:197:1: note: 'towlower' is declared in header '<wctype.h>'
  196 | #include <limits.h>
  197 | #undef towlower
configure:22530: $? = 0
configure:22530: result: yes
configure:22574: checking for wctype_t
configure:22603: gcc -c  -std=c11  conftest.c >&5
configure:22603: $? = 0
configure:22612: result: yes
configure:22618: checking for wctrans_t
configure:22645: gcc -c  -std=c11  conftest.c >&5
configure:22645: $? = 0
configure:22654: result: yes
configure:22667: checking for stdint.h
configure:22667: result: yes
configure:22714: checking whether C compiler accepts -Werror -fvisibility=hidden
configure:22734: gcc -c  -std=c11  -Werror -fvisibility=hidden  conftest.c >&5
configure:22734: $? = 0
configure:22743: result: yes
configure:22757: checking whether C++ compiler accepts -Werror -fvisibility=hidden
configure:22777: g++ -c   -Werror -fvisibility=hidden  conftest.cpp >&5
configure:22777: $? = 0
configure:22786: result: yes
configure:22791: checking whether C++ compiler accepts -fvisibility-inlines-hidden
configure:22811: g++ -c  -fvisibility=hidden  -fvisibility-inlines-hidden  conftest.cpp >&5
configure:22811: $? = 0
configure:22820: result: yes
configure:22903: checking whether C++ compiler accepts -std=c++17
configure:22942: g++ -c  -fvisibility=hidden -fvisibility-inlines-hidden -DSPOT_BUILD  -std=c++17  conftest.cpp >&5
configure:22942: $? = 0
configure:22952: result: yes
configure:22973: checking whether std::atomic can be used without link library
configure:23002: g++ -o conftest  -fvisibility=hidden -fvisibility-inlines-hidden -DSPOT_BUILD -std=c++17   conftest.cpp  >&5
configure:23002: $? = 0
configure:23005: result: yes
configure:23083: checking for sys/times.h
configure:23083: g++ -c  -fvisibility=hidden -fvisibility-inlines-hidden -DSPOT_BUILD -std=c++17  conftest.cpp >&5
configure:23083: $? = 0
configure:23083: result: yes
configure:23089: checking for valgrind/memcheck.h
configure:23089: g++ -c  -fvisibility=hidden -fvisibility-inlines-hidden -DSPOT_BUILD -std=c++17  conftest.cpp >&5
configure:23089: $? = 0
configure:23089: result: yes
configure:23095: checking for spawn.h
configure:23095: g++ -c  -fvisibility=hidden -fvisibility-inlines-hidden -DSPOT_BUILD -std=c++17  conftest.cpp >&5
configure:23095: $? = 0
configure:23095: result: yes
configure:23102: checking for times
configure:23102: g++ -o conftest  -fvisibility=hidden -fvisibility-inlines-hidden -DSPOT_BUILD -std=c++17   conftest.cpp  >&5
configure:23102: $? = 0
configure:23102: result: yes
configure:23108: checking for kill
configure:23108: g++ -o conftest  -fvisibility=hidden -fvisibility-inlines-hidden -DSPOT_BUILD -std=c++17   conftest.cpp  >&5
configure:23108: $? = 0
configure:23108: result: yes
configure:23114: checking for alarm
configure:23114: g++ -o conftest  -fvisibility=hidden -fvisibility-inlines-hidden -DSPOT_BUILD -std=c++17   conftest.cpp  >&5
configure:23114: $? = 0
configure:23114: result: yes
configure:23120: checking for sigaction
configure:23120: g++ -o conftest  -fvisibility=hidden -fvisibility-inlines-hidden -DSPOT_BUILD -std=c++17   conftest.cpp  >&5
configure:23120: $? = 0
configure:23120: result: yes
configure:23126: checking for sched_getcpu
configure:23126: g++ -o conftest  -fvisibility=hidden -fvisibility-inlines-hidden -DSPOT_BUILD -std=c++17   conftest.cpp  >&5
configure:23126: $? = 0
configure:23126: result: yes
configure:23136: checking for pthread_setaffinity_np
configure:23136: g++ -o conftest  -fvisibility=hidden -fvisibility-inlines-hidden -DSPOT_BUILD -std=c++17   conftest.cpp  -lpthread >&5
configure:23136: $? = 0
configure:23136: result: yes
configure:23199: checking how to print strings
configure:23226: result: printf
configure:23247: checking for a sed that does not truncate output
configure:23317: result: /usr/bin/sed
configure:23335: checking for fgrep
configure:23403: result: /usr/bin/grep -F
configure:23439: checking for ld used by gcc
configure:23507: result: /usr/bin/ld
configure:23514: checking if the linker (/usr/bin/ld) is GNU ld
configure:23530: result: yes
configure:23542: checking for BSD- or MS-compatible name lister (nm)
configure:23597: result: /usr/bin/nm -B
configure:23737: checking the name lister (/usr/bin/nm -B) interface
configure:23745: g++ -c  -fvisibility=hidden -fvisibility-inlines-hidden -DSPOT_BUILD -std=c++17  conftest.cpp >&5
configure:23748: /usr/bin/nm -B "conftest.o"
configure:23751: output
0000000000000000 B some_variable
configure:23758: result: BSD nm
configure:23761: checking whether ln -s works
configure:23765: result: yes
configure:23773: checking the maximum length of command line arguments
configure:23905: result: 1572864
configure:23953: checking how to convert x86_64-pc-linux-gnu file names to x86_64-pc-linux-gnu format
configure:23994: result: func_convert_file_noop
configure:24001: checking how to convert x86_64-pc-linux-gnu file names to toolchain format
configure:24022: result: func_convert_file_noop
configure:24029: checking for /usr/bin/ld option to reload object files
configure:24037: result: -r
configure:24116: checking for objdump
configure:24137: found /usr/bin/objdump
configure:24148: result: objdump
configure:24177: checking how to recognize dependent libraries
configure:24378: result: pass_all
configure:24468: checking for dlltool
configure:24503: result: no
configure:24530: checking how to associate runtime and link libraries
configure:24558: result: printf %s\n
configure:24692: checking for archiver @FILE support
configure:24710: g++ -c  -fvisibility=hidden -fvisibility-inlines-hidden -DSPOT_BUILD -std=c++17  conftest.cpp >&5
configure:24710: $? = 0
configure:24714: ar cr libconftest.a @conftest.lst >&5
configure:24717: $? = 0
configure:24722: ar cr libconftest.a @conftest.lst >&5
ar: conftest.o: No such file or directory
configure:24725: $? = 1
configure:24737: result: @
configure:24800: checking for strip
configure:24821: found /usr/bin/strip
configure:24832: result: strip
configure:24909: checking for ranlib
configure:24941: result: ranlib
configure:25043: checking command to parse /usr/bin/nm -B output from gcc object
configure:25197: g++ -c  -fvisibility=hidden -fvisibility-inlines-hidden -DSPOT_BUILD -std=c++17  conftest.cpp >&5
configure:25200: $? = 0
configure:25204: /usr/bin/nm -B conftest.o | sed -n -e 's/^.*[	 ]\([ABCDGIRSTW][ABCDGIRSTW]*\)[	 ][	 ]*\([_A-Za-z][_A-Za-z0-9]*\)$/\1 \2 \2/p' | sed '/ __gnu_lto/d' > conftest.nm
configure:25270: g++ -o conftest  -fvisibility=hidden -fvisibility-inlines-hidden -DSPOT_BUILD -std=c++17   conftest.cpp conftstm.o >&5
configure:25273: $? = 0
configure:25311: result: ok
configure:25358: checking for sysroot
configure:25389: result: no
configure:25396: checking for a working dd
configure:25440: result: /usr/bin/dd
configure:25444: checking how to truncate binary pipes
configure:25460: result: /usr/bin/dd bs=4096 count=1
configure:25597: g++ -c  -fvisibility=hidden -fvisibility-inlines-hidden -DSPOT_BUILD -std=c++17  conftest.cpp >&5
configure:25600: $? = 0
configure:25797: checking for mt
configure:25818: found /usr/bin/mt
configure:25829: result: mt
configure:25852: checking if mt is a manifest tool
configure:25859: mt '-?'
configure:25867: result: no
configure:26593: checking for dlfcn.h
configure:26593: g++ -c  -fvisibility=hidden -fvisibility-inlines-hidden -DSPOT_BUILD -std=c++17  conftest.cpp >&5
configure:26593: $? = 0
configure:26593: result: yes
configure:27190: checking for objdir
configure:27206: result: .libs
configure:27470: checking if gcc supports -fno-rtti -fno-exceptions
configure:27489: gcc -c  -std=c11 -fvisibility=hidden  -fno-rtti -fno-exceptions conftest.c >&5
cc1: warning: command-line option '-fno-rtti' is valid for C++/D/ObjC++ but not for C
configure:27493: $? = 0
configure:27506: result: no
configure:27870: checking for gcc option to produce PIC
configure:27878: result: -fPIC -DPIC
configure:27886: checking if gcc PIC flag -fPIC -DPIC works
configure:27905: gcc -c  -std=c11 -fvisibility=hidden  -fPIC -DPIC -DPIC conftest.c >&5
configure:27909: $? = 0
configure:27922: result: yes
configure:27951: checking if gcc static flag -static works
configure:27980: result: yes
configure:27995: checking if gcc supports -c -o file.o
configure:28017: gcc -c  -std=c11 -fvisibility=hidden  -o out/conftest2.o conftest.c >&5
configure:28021: $? = 0
configure:28043: result: yes
configure:28051: checking if gcc supports -c -o file.o
configure:28099: result: yes
configure:28132: checking whether the gcc linker (/usr/bin/ld -m elf_x86_64) supports shared libraries
configure:29402: result: yes
configure:29439: checking whether -lc should be explicitly linked in
configure:29448: gcc -c  -std=c11 -fvisibility=hidden  conftest.c >&5
configure:29451: $? = 0
configure:29466: gcc -shared  -fPIC -DPIC conftest.o  -v -Wl,-soname -Wl,conftest -o conftest 2\>\&1 \| /usr/bin/grep  -lc  \>/dev/null 2\>\&1
configure:29469: $? = 0
configure:29483: result: no
configure:29643: checking dynamic linker characteristics
configure:30225: gcc -o conftest  -std=c11 -fvisibility=hidden   -Wl,-rpath -Wl,/foo conftest.c  >&5
configure:30225: $? = 0
configure:30476: result: GNU/Linux ld.so
configure:30598: checking how to hardcode library paths into programs
configure:30623: result: immediate
configure:31175: checking whether stripping libraries is possible
configure:31180: result: yes
configure:31215: checking if libtool supports shared libraries
configure:31217: result: yes
configure:31220: checking whether to build shared libraries
configure:31245: result: yes
configure:31248: checking whether to build static libraries
configure:31252: result: yes
configure:31275: checking how to run the C++ preprocessor
configure:31297: g++ -E  conftest.cpp
configure:31297: $? = 0
configure:31312: g++ -E  conftest.cpp
conftest.cpp:202:10: fatal error: ac_nonexistent.h: No such file or directory
  202 | #include <ac_nonexistent.h>
      |          ^~~~~~~~~~~~~~~~~~
compilation terminated.
configure:31312: $? = 1
configure: failed program was:
| /* confdefs.h */
| #define PACKAGE_NAME "spot"
| #define PACKAGE_TARNAME "spot"
| #define PACKAGE_VERSION "2.10.4"
| #define PACKAGE_STRING "spot 2.10.4"
| #define PACKAGE_BUGREPORT "spot@lrde.epita.fr"
| #define PACKAGE_URL ""
| #define PACKAGE "spot"
| #define VERSION "2.10.4"
| #define HAVE_STDIO_H 1
| #define HAVE_STDLIB_H 1
| #define HAVE_STRING_H 1
| #define HAVE_INTTYPES_H 1
| #define HAVE_STDINT_H 1
| #define HAVE_STRINGS_H 1
| #define HAVE_SYS_STAT_H 1
| #define HAVE_SYS_TYPES_H 1
| #define HAVE_UNISTD_H 1
| #define HAVE_WCHAR_H 1
| #define HAVE_FEATURES_H 1
| #define HAVE_STDIO_EXT_H 1
| #define HAVE_GETOPT_H 1
| #define HAVE_SYS_CDEFS_H 1
| #define HAVE_SYS_TIME_H 1
| #define HAVE_SYS_SOCKET_H 1
| #define HAVE_THREADS_H 1
| #define HAVE_LIMITS_H 1
| #define HAVE_SYS_MMAN_H 1
| #define HAVE_SYS_PARAM_H 1
| #define HAVE_SYS_WAIT_H 1
| #define HAVE_SYSEXITS_H 1
| #define HAVE_WCTYPE_H 1
| #define STDC_HEADERS 1
| #define _ALL_SOURCE 1
| #define _DARWIN_C_SOURCE 1
| #define _GNU_SOURCE 1
| #define _HPUX_ALT_XOPEN_SOCKET_API 1
| #define _NETBSD_SOURCE 1
| #define _OPENBSD_SOURCE 1
| #define _POSIX_PTHREAD_SEMANTICS 1
| #define __STDC_WANT_IEC_60559_ATTRIBS_EXT__ 1
| #define __STDC_WANT_IEC_60559_BFP_EXT__ 1
| #define __STDC_WANT_IEC_60559_DFP_EXT__ 1
| #define __STDC_WANT_IEC_60559_FUNCS_EXT__ 1
| #define __STDC_WANT_IEC_60559_TYPES_EXT__ 1
| #define __STDC_WANT_LIB_EXT2__ 1
| #define __STDC_WANT_MATH_SPEC_FUNCS__ 1
| #define _TANDEM_SOURCE 1
| #define __EXTENSIONS__ 1
| #define YYTEXT_POINTER 1
| #define MAX_ACCSETS 32
| #define HAVE_ALLOCA_H 1
| #define HAVE_ALLOCA 1
| #define restrict __restrict
| #define HAVE_DECL_CLEARERR_UNLOCKED 1
| #define HAVE_DECL_FEOF_UNLOCKED 1
| #define HAVE_DECL_FERROR_UNLOCKED 1
| #define HAVE_DECL_FFLUSH_UNLOCKED 1
| #define HAVE_DECL_FGETS_UNLOCKED 1
| #define HAVE_DECL_FPUTC_UNLOCKED 1
| #define HAVE_DECL_FPUTS_UNLOCKED 1
| #define HAVE_DECL_FREAD_UNLOCKED 1
| #define HAVE_DECL_FWRITE_UNLOCKED 1
| #define HAVE_DECL_GETC_UNLOCKED 1
| #define HAVE_DECL_GETCHAR_UNLOCKED 1
| #define HAVE_DECL_PUTC_UNLOCKED 1
| #define HAVE_DECL_PUTCHAR_UNLOCKED 1
| #define HAVE_FLOCKFILE 1
| #define HAVE_FUNLOCKFILE 1
| #define HAVE_SYMLINK 1
| #define HAVE_GETTIMEOFDAY 1
| #define HAVE_LSTAT 1
| #define HAVE_MBSINIT 1
| #define HAVE_MBRTOWC 1
| #define HAVE_MPROTECT 1
| #define HAVE_MKSTEMP 1
| #define HAVE_MKSTEMPS 1
| #define HAVE_SECURE_GETENV 1
| #define HAVE_GETUID 1
| #define HAVE_GETEUID 1
| #define HAVE_GETGID 1
| #define HAVE_GETEGID 1
| #define HAVE_SLEEP 1
| #define HAVE_STRNDUP 1
| #define HAVE_SNPRINTF 1
| #define HAVE_ISWCNTRL 1
| #define HAVE_DECL_STRERROR_R 1
| #define HAVE_STRERROR_R 1
| #define STRERROR_R_CHAR_P 1
| #define HAVE_WORKING_O_NOATIME 1
| #define HAVE_WORKING_O_NOFOLLOW 1
| #define HAVE_GETOPT_H 1
| #define HAVE_GETOPT_LONG_ONLY 1
| #define HAVE_PTHREAD_API 1
| #define SETLOCALE_NULL_ALL_MTSAFE 1
| #define SETLOCALE_NULL_ONE_MTSAFE 1
| #define HAVE_WINT_T 1
| #define HAVE_LONG_LONG_INT 1
| #define HAVE_UNSIGNED_LONG_LONG_INT 1
| #define HAVE_LANGINFO_CODESET 1
| #define HAVE_WCHAR_T 1
| #define LSTAT_FOLLOWS_SLASHED_SYMLINK 1
| #define MALLOC_0_IS_NONNULL 1
| #define HAVE_MBSTATE_T 1
| #define HAVE_MAP_ANONYMOUS 1
| #define HAVE_MINMAX_IN_SYS_PARAM_H 1
| #define HAVE__BOOL 1
| #define HAVE_DECL_STRNDUP 1
| #define HAVE_DECL_STRNLEN 1
| #define _USE_STD_STAT 1
| #define HAVE_INTTYPES_H_WITH_UINTMAX 1
| #define HAVE_STDINT_H_WITH_UINTMAX 1
| #define HAVE_INTMAX_T 1
| #define DBL_EXPBIT0_WORD 1
| #define DBL_EXPBIT0_BIT 20
| #define HAVE_SNPRINTF 1
| #define HAVE_STRNLEN 1
| #define HAVE_WCSLEN 1
| #define HAVE_WCSNLEN 1
| #define HAVE_MBRTOWC 1
| #define HAVE_WCRTOMB 1
| #define HAVE_DECL__SNPRINTF 0
| #define HAVE_SNPRINTF_RETVAL_C99 1
| #define HAVE_DECL_VSNPRINTF 1
| #define HAVE_ALLOCA 1
| #define HAVE_DECL_PROGRAM_INVOCATION_NAME 1
| #define HAVE_DECL_PROGRAM_INVOCATION_SHORT_NAME 1
| #define HAVE_PROGRAM_INVOCATION_NAME 1
| #define HAVE_PROGRAM_INVOCATION_SHORT_NAME 1
| #define GNULIB_CLOSE_STREAM 1
| #define HAVE_DECL___FPENDING 1
| #define __GETOPT_PREFIX rpl_
| #define GNULIB_TEST_GETOPT_POSIX 1
| #define HAVE_DECL_PROGRAM_INVOCATION_NAME 1
| #define HAVE_DECL_PROGRAM_INVOCATION_SHORT_NAME 1
| #define HAVE_DECL___ARGV 0
| #define GETTIMEOFDAY_TIMEZONE void
| #define GNULIB_TEST_GETTIMEOFDAY 1
| #define GNULIB_TEST_ISATTY 1
| #define HAVE___INLINE 1
| #define GNULIB_TEST_LSTAT 1
| #define HAVE_MALLOC_GNU 1
| #define GNULIB_MALLOC_GNU 1
| #define HAVE_MALLOC_POSIX 1
| #define GNULIB_TEST_MALLOC_POSIX 1
| #define MBRTOWC_IN_C_LOCALE_MAYBE_EILSEQ 1
| #define GNULIB_TEST_MBRTOWC 1
| #define GNULIB_TEST_MBSINIT 1
| #define GNULIB_TEST_MEMCHR 1
| #define HAVE_MEMPCPY 1
| #define GNULIB_TEST_MEMPCPY 1
| #define GNULIB_TEST_MKSTEMP 1
| #define GNULIB_MKSTEMPS 1
| #define GNULIB_TEST_MKSTEMPS 1
| #define GNULIB_MSVC_NOTHROW 1
| #define HAVE_DECL_PROGRAM_INVOCATION_NAME 1
| #define HAVE_DECL_PROGRAM_INVOCATION_SHORT_NAME 1
| #define HAVE_RAWMEMCHR 1
| #define GNULIB_TEST_RAWMEMCHR 1
| #define GNULIB_TEST_SECURE_GETENV 1
| #define SETLOCALE_NULL_ALL_MTSAFE 1
| #define SETLOCALE_NULL_ONE_MTSAFE 1
| #define GNULIB_TEST_SETLOCALE_NULL 1
| #define HAVE_STDINT_H 1
| #define HAVE_DECL_SLEEP 1
| #define GNULIB_TEST_SLEEP 1
| #define GNULIB_TEST_STAT 1
| #define HAVE_STRUCT_STAT_ST_ATIM_TV_NSEC 1
| #define TYPEOF_STRUCT_STAT_ST_ATIM_IS_STRUCT_TIMESPEC 1
| #define __USE_MINGW_ANSI_STDIO 1
| #define GNULIB_FSCANF 1
| #define GNULIB_SCANF 1
| #define HAVE_STPCPY 1
| #define GNULIB_TEST_STPCPY 1
| #define HAVE_STRCASECMP 1
| #define HAVE_STRNCASECMP 1
| #define HAVE_DECL_STRNCASECMP 1
| #define HAVE_STRCHRNUL 1
| #define GNULIB_TEST_STRCHRNUL 1
| #define GNULIB_STRERROR 1
| #define GNULIB_TEST_STRERROR 1
| #define GNULIB_TEST_STRNDUP 1
| #define GNULIB_TEST_STRNLEN 1
| #define HAVE_STRVERSCMP 1
| #define GNULIB_TEST_STRVERSCMP 1
| #define HAVE_VSNPRINTF 1
| #define GNULIB_TEST_VSNPRINTF 1
| #define HAVE_TOWLOWER 1
| #define HAVE_STDINT_H 1
| #define HAVE_SYS_TIMES_H 1
| #define HAVE_VALGRIND_MEMCHECK_H 1
| #define HAVE_SPAWN_H 1
| #define HAVE_TIMES 1
| #define HAVE_KILL 1
| #define HAVE_ALARM 1
| #define HAVE_SIGACTION 1
| #define HAVE_SCHED_GETCPU 1
| #define HAVE_PTHREAD_SETAFFINITY_NP 1
| #define HAVE_DLFCN_H 1
| #define LT_OBJDIR ".libs/"
| /* end confdefs.h.  */
| #include <ac_nonexistent.h>
configure:31339: result: g++ -E
configure:31353: g++ -E  conftest.cpp
configure:31353: $? = 0
configure:31368: g++ -E  conftest.cpp
conftest.cpp:202:10: fatal error: ac_nonexistent.h: No such file or directory
  202 | #include <ac_nonexistent.h>
      |          ^~~~~~~~~~~~~~~~~~
compilation terminated.
configure:31368: $? = 1
configure: failed program was:
| /* confdefs.h */
| #define PACKAGE_NAME "spot"
| #define PACKAGE_TARNAME "spot"
| #define PACKAGE_VERSION "2.10.4"
| #define PACKAGE_STRING "spot 2.10.4"
| #define PACKAGE_BUGREPORT "spot@lrde.epita.fr"
| #define PACKAGE_URL ""
| #define PACKAGE "spot"
| #define VERSION "2.10.4"
| #define HAVE_STDIO_H 1
| #define HAVE_STDLIB_H 1
| #define HAVE_STRING_H 1
| #define HAVE_INTTYPES_H 1
| #define HAVE_STDINT_H 1
| #define HAVE_STRINGS_H 1
| #define HAVE_SYS_STAT_H 1
| #define HAVE_SYS_TYPES_H 1
| #define HAVE_UNISTD_H 1
| #define HAVE_WCHAR_H 1
| #define HAVE_FEATURES_H 1
| #define HAVE_STDIO_EXT_H 1
| #define HAVE_GETOPT_H 1
| #define HAVE_SYS_CDEFS_H 1
| #define HAVE_SYS_TIME_H 1
| #define HAVE_SYS_SOCKET_H 1
| #define HAVE_THREADS_H 1
| #define HAVE_LIMITS_H 1
| #define HAVE_SYS_MMAN_H 1
| #define HAVE_SYS_PARAM_H 1
| #define HAVE_SYS_WAIT_H 1
| #define HAVE_SYSEXITS_H 1
| #define HAVE_WCTYPE_H 1
| #define STDC_HEADERS 1
| #define _ALL_SOURCE 1
| #define _DARWIN_C_SOURCE 1
| #define _GNU_SOURCE 1
| #define _HPUX_ALT_XOPEN_SOCKET_API 1
| #define _NETBSD_SOURCE 1
| #define _OPENBSD_SOURCE 1
| #define _POSIX_PTHREAD_SEMANTICS 1
| #define __STDC_WANT_IEC_60559_ATTRIBS_EXT__ 1
| #define __STDC_WANT_IEC_60559_BFP_EXT__ 1
| #define __STDC_WANT_IEC_60559_DFP_EXT__ 1
| #define __STDC_WANT_IEC_60559_FUNCS_EXT__ 1
| #define __STDC_WANT_IEC_60559_TYPES_EXT__ 1
| #define __STDC_WANT_LIB_EXT2__ 1
| #define __STDC_WANT_MATH_SPEC_FUNCS__ 1
| #define _TANDEM_SOURCE 1
| #define __EXTENSIONS__ 1
| #define YYTEXT_POINTER 1
| #define MAX_ACCSETS 32
| #define HAVE_ALLOCA_H 1
| #define HAVE_ALLOCA 1
| #define restrict __restrict
| #define HAVE_DECL_CLEARERR_UNLOCKED 1
| #define HAVE_DECL_FEOF_UNLOCKED 1
| #define HAVE_DECL_FERROR_UNLOCKED 1
| #define HAVE_DECL_FFLUSH_UNLOCKED 1
| #define HAVE_DECL_FGETS_UNLOCKED 1
| #define HAVE_DECL_FPUTC_UNLOCKED 1
| #define HAVE_DECL_FPUTS_UNLOCKED 1
| #define HAVE_DECL_FREAD_UNLOCKED 1
| #define HAVE_DECL_FWRITE_UNLOCKED 1
| #define HAVE_DECL_GETC_UNLOCKED 1
| #define HAVE_DECL_GETCHAR_UNLOCKED 1
| #define HAVE_DECL_PUTC_UNLOCKED 1
| #define HAVE_DECL_PUTCHAR_UNLOCKED 1
| #define HAVE_FLOCKFILE 1
| #define HAVE_FUNLOCKFILE 1
| #define HAVE_SYMLINK 1
| #define HAVE_GETTIMEOFDAY 1
| #define HAVE_LSTAT 1
| #define HAVE_MBSINIT 1
| #define HAVE_MBRTOWC 1
| #define HAVE_MPROTECT 1
| #define HAVE_MKSTEMP 1
| #define HAVE_MKSTEMPS 1
| #define HAVE_SECURE_GETENV 1
| #define HAVE_GETUID 1
| #define HAVE_GETEUID 1
| #define HAVE_GETGID 1
| #define HAVE_GETEGID 1
| #define HAVE_SLEEP 1
| #define HAVE_STRNDUP 1
| #define HAVE_SNPRINTF 1
| #define HAVE_ISWCNTRL 1
| #define HAVE_DECL_STRERROR_R 1
| #define HAVE_STRERROR_R 1
| #define STRERROR_R_CHAR_P 1
| #define HAVE_WORKING_O_NOATIME 1
| #define HAVE_WORKING_O_NOFOLLOW 1
| #define HAVE_GETOPT_H 1
| #define HAVE_GETOPT_LONG_ONLY 1
| #define HAVE_PTHREAD_API 1
| #define SETLOCALE_NULL_ALL_MTSAFE 1
| #define SETLOCALE_NULL_ONE_MTSAFE 1
| #define HAVE_WINT_T 1
| #define HAVE_LONG_LONG_INT 1
| #define HAVE_UNSIGNED_LONG_LONG_INT 1
| #define HAVE_LANGINFO_CODESET 1
| #define HAVE_WCHAR_T 1
| #define LSTAT_FOLLOWS_SLASHED_SYMLINK 1
| #define MALLOC_0_IS_NONNULL 1
| #define HAVE_MBSTATE_T 1
| #define HAVE_MAP_ANONYMOUS 1
| #define HAVE_MINMAX_IN_SYS_PARAM_H 1
| #define HAVE__BOOL 1
| #define HAVE_DECL_STRNDUP 1
| #define HAVE_DECL_STRNLEN 1
| #define _USE_STD_STAT 1
| #define HAVE_INTTYPES_H_WITH_UINTMAX 1
| #define HAVE_STDINT_H_WITH_UINTMAX 1
| #define HAVE_INTMAX_T 1
| #define DBL_EXPBIT0_WORD 1
| #define DBL_EXPBIT0_BIT 20
| #define HAVE_SNPRINTF 1
| #define HAVE_STRNLEN 1
| #define HAVE_WCSLEN 1
| #define HAVE_WCSNLEN 1
| #define HAVE_MBRTOWC 1
| #define HAVE_WCRTOMB 1
| #define HAVE_DECL__SNPRINTF 0
| #define HAVE_SNPRINTF_RETVAL_C99 1
| #define HAVE_DECL_VSNPRINTF 1
| #define HAVE_ALLOCA 1
| #define HAVE_DECL_PROGRAM_INVOCATION_NAME 1
| #define HAVE_DECL_PROGRAM_INVOCATION_SHORT_NAME 1
| #define HAVE_PROGRAM_INVOCATION_NAME 1
| #define HAVE_PROGRAM_INVOCATION_SHORT_NAME 1
| #define GNULIB_CLOSE_STREAM 1
| #define HAVE_DECL___FPENDING 1
| #define __GETOPT_PREFIX rpl_
| #define GNULIB_TEST_GETOPT_POSIX 1
| #define HAVE_DECL_PROGRAM_INVOCATION_NAME 1
| #define HAVE_DECL_PROGRAM_INVOCATION_SHORT_NAME 1
| #define HAVE_DECL___ARGV 0
| #define GETTIMEOFDAY_TIMEZONE void
| #define GNULIB_TEST_GETTIMEOFDAY 1
| #define GNULIB_TEST_ISATTY 1
| #define HAVE___INLINE 1
| #define GNULIB_TEST_LSTAT 1
| #define HAVE_MALLOC_GNU 1
| #define GNULIB_MALLOC_GNU 1
| #define HAVE_MALLOC_POSIX 1
| #define GNULIB_TEST_MALLOC_POSIX 1
| #define MBRTOWC_IN_C_LOCALE_MAYBE_EILSEQ 1
| #define GNULIB_TEST_MBRTOWC 1
| #define GNULIB_TEST_MBSINIT 1
| #define GNULIB_TEST_MEMCHR 1
| #define HAVE_MEMPCPY 1
| #define GNULIB_TEST_MEMPCPY 1
| #define GNULIB_TEST_MKSTEMP 1
| #define GNULIB_MKSTEMPS 1
| #define GNULIB_TEST_MKSTEMPS 1
| #define GNULIB_MSVC_NOTHROW 1
| #define HAVE_DECL_PROGRAM_INVOCATION_NAME 1
| #define HAVE_DECL_PROGRAM_INVOCATION_SHORT_NAME 1
| #define HAVE_RAWMEMCHR 1
| #define GNULIB_TEST_RAWMEMCHR 1
| #define GNULIB_TEST_SECURE_GETENV 1
| #define SETLOCALE_NULL_ALL_MTSAFE 1
| #define SETLOCALE_NULL_ONE_MTSAFE 1
| #define GNULIB_TEST_SETLOCALE_NULL 1
| #define HAVE_STDINT_H 1
| #define HAVE_DECL_SLEEP 1
| #define GNULIB_TEST_SLEEP 1
| #define GNULIB_TEST_STAT 1
| #define HAVE_STRUCT_STAT_ST_ATIM_TV_NSEC 1
| #define TYPEOF_STRUCT_STAT_ST_ATIM_IS_STRUCT_TIMESPEC 1
| #define __USE_MINGW_ANSI_STDIO 1
| #define GNULIB_FSCANF 1
| #define GNULIB_SCANF 1
| #define HAVE_STPCPY 1
| #define GNULIB_TEST_STPCPY 1
| #define HAVE_STRCASECMP 1
| #define HAVE_STRNCASECMP 1
| #define HAVE_DECL_STRNCASECMP 1
| #define HAVE_STRCHRNUL 1
| #define GNULIB_TEST_STRCHRNUL 1
| #define GNULIB_STRERROR 1
| #define GNULIB_TEST_STRERROR 1
| #define GNULIB_TEST_STRNDUP 1
| #define GNULIB_TEST_STRNLEN 1
| #define HAVE_STRVERSCMP 1
| #define GNULIB_TEST_STRVERSCMP 1
| #define HAVE_VSNPRINTF 1
| #define GNULIB_TEST_VSNPRINTF 1
| #define HAVE_TOWLOWER 1
| #define HAVE_STDINT_H 1
| #define HAVE_SYS_TIMES_H 1
| #define HAVE_VALGRIND_MEMCHECK_H 1
| #define HAVE_SPAWN_H 1
| #define HAVE_TIMES 1
| #define HAVE_KILL 1
| #define HAVE_ALARM 1
| #define HAVE_SIGACTION 1
| #define HAVE_SCHED_GETCPU 1
| #define HAVE_PTHREAD_SETAFFINITY_NP 1
| #define HAVE_DLFCN_H 1
| #define LT_OBJDIR ".libs/"
| /* end confdefs.h.  */
| #include <ac_nonexistent.h>
configure:31533: checking for ld used by g++
configure:31601: result: /usr/bin/ld -m elf_x86_64
configure:31608: checking if the linker (/usr/bin/ld -m elf_x86_64) is GNU ld
configure:31624: result: yes
configure:31679: checking whether the g++ linker (/usr/bin/ld -m elf_x86_64) supports shared libraries
configure:32756: result: yes
configure:32792: g++ -c  -fvisibility=hidden -fvisibility-inlines-hidden -DSPOT_BUILD -std=c++17  conftest.cpp >&5
configure:32795: $? = 0
configure:33276: checking for g++ option to produce PIC
configure:33284: result: -fPIC -DPIC
configure:33292: checking if g++ PIC flag -fPIC -DPIC works
configure:33311: g++ -c  -fvisibility=hidden -fvisibility-inlines-hidden -DSPOT_BUILD -std=c++17  -fPIC -DPIC -DPIC conftest.cpp >&5
configure:33315: $? = 0
configure:33328: result: yes
configure:33351: checking if g++ static flag -static works
configure:33380: result: yes
configure:33392: checking if g++ supports -c -o file.o
configure:33414: g++ -c  -fvisibility=hidden -fvisibility-inlines-hidden -DSPOT_BUILD -std=c++17  -o out/conftest2.o conftest.cpp >&5
configure:33418: $? = 0
configure:33440: result: yes
configure:33445: checking if g++ supports -c -o file.o
configure:33493: result: yes
configure:33523: checking whether the g++ linker (/usr/bin/ld -m elf_x86_64) supports shared libraries
configure:33566: result: yes
configure:33708: checking dynamic linker characteristics
configure:34468: result: GNU/Linux ld.so
configure:34533: checking how to hardcode library paths into programs
configure:34558: result: immediate
configure:34619: checking for g++ options needed to detect all undeclared functions
configure:34641: g++ -c  -fvisibility=hidden -fvisibility-inlines-hidden -DSPOT_BUILD -std=c++17  conftest.cpp >&5
conftest.cpp: In function 'int main()':
conftest.cpp:206:8: error: 'strchr' was not declared in this scope
  206 | (void) strchr;
      |        ^~~~~~
conftest.cpp:1:1: note: 'strchr' is defined in header '<cstring>'; did you forget to '#include <cstring>'?
    1 | /* confdefs.h */
configure:34641: $? = 1
configure: failed program was:
| /* confdefs.h */
| #define PACKAGE_NAME "spot"
| #define PACKAGE_TARNAME "spot"
| #define PACKAGE_VERSION "2.10.4"
| #define PACKAGE_STRING "spot 2.10.4"
| #define PACKAGE_BUGREPORT "spot@lrde.epita.fr"
| #define PACKAGE_URL ""
| #define PACKAGE "spot"
| #define VERSION "2.10.4"
| #define HAVE_STDIO_H 1
| #define HAVE_STDLIB_H 1
| #define HAVE_STRING_H 1
| #define HAVE_INTTYPES_H 1
| #define HAVE_STDINT_H 1
| #define HAVE_STRINGS_H 1
| #define HAVE_SYS_STAT_H 1
| #define HAVE_SYS_TYPES_H 1
| #define HAVE_UNISTD_H 1
| #define HAVE_WCHAR_H 1
| #define HAVE_FEATURES_H 1
| #define HAVE_STDIO_EXT_H 1
| #define HAVE_GETOPT_H 1
| #define HAVE_SYS_CDEFS_H 1
| #define HAVE_SYS_TIME_H 1
| #define HAVE_SYS_SOCKET_H 1
| #define HAVE_THREADS_H 1
| #define HAVE_LIMITS_H 1
| #define HAVE_SYS_MMAN_H 1
| #define HAVE_SYS_PARAM_H 1
| #define HAVE_SYS_WAIT_H 1
| #define HAVE_SYSEXITS_H 1
| #define HAVE_WCTYPE_H 1
| #define STDC_HEADERS 1
| #define _ALL_SOURCE 1
| #define _DARWIN_C_SOURCE 1
| #define _GNU_SOURCE 1
| #define _HPUX_ALT_XOPEN_SOCKET_API 1
| #define _NETBSD_SOURCE 1
| #define _OPENBSD_SOURCE 1
| #define _POSIX_PTHREAD_SEMANTICS 1
| #define __STDC_WANT_IEC_60559_ATTRIBS_EXT__ 1
| #define __STDC_WANT_IEC_60559_BFP_EXT__ 1
| #define __STDC_WANT_IEC_60559_DFP_EXT__ 1
| #define __STDC_WANT_IEC_60559_FUNCS_EXT__ 1
| #define __STDC_WANT_IEC_60559_TYPES_EXT__ 1
| #define __STDC_WANT_LIB_EXT2__ 1
| #define __STDC_WANT_MATH_SPEC_FUNCS__ 1
| #define _TANDEM_SOURCE 1
| #define __EXTENSIONS__ 1
| #define YYTEXT_POINTER 1
| #define MAX_ACCSETS 32
| #define HAVE_ALLOCA_H 1
| #define HAVE_ALLOCA 1
| #define restrict __restrict
| #define HAVE_DECL_CLEARERR_UNLOCKED 1
| #define HAVE_DECL_FEOF_UNLOCKED 1
| #define HAVE_DECL_FERROR_UNLOCKED 1
| #define HAVE_DECL_FFLUSH_UNLOCKED 1
| #define HAVE_DECL_FGETS_UNLOCKED 1
| #define HAVE_DECL_FPUTC_UNLOCKED 1
| #define HAVE_DECL_FPUTS_UNLOCKED 1
| #define HAVE_DECL_FREAD_UNLOCKED 1
| #define HAVE_DECL_FWRITE_UNLOCKED 1
| #define HAVE_DECL_GETC_UNLOCKED 1
| #define HAVE_DECL_GETCHAR_UNLOCKED 1
| #define HAVE_DECL_PUTC_UNLOCKED 1
| #define HAVE_DECL_PUTCHAR_UNLOCKED 1
| #define HAVE_FLOCKFILE 1
| #define HAVE_FUNLOCKFILE 1
| #define HAVE_SYMLINK 1
| #define HAVE_GETTIMEOFDAY 1
| #define HAVE_LSTAT 1
| #define HAVE_MBSINIT 1
| #define HAVE_MBRTOWC 1
| #define HAVE_MPROTECT 1
| #define HAVE_MKSTEMP 1
| #define HAVE_MKSTEMPS 1
| #define HAVE_SECURE_GETENV 1
| #define HAVE_GETUID 1
| #define HAVE_GETEUID 1
| #define HAVE_GETGID 1
| #define HAVE_GETEGID 1
| #define HAVE_SLEEP 1
| #define HAVE_STRNDUP 1
| #define HAVE_SNPRINTF 1
| #define HAVE_ISWCNTRL 1
| #define HAVE_DECL_STRERROR_R 1
| #define HAVE_STRERROR_R 1
| #define STRERROR_R_CHAR_P 1
| #define HAVE_WORKING_O_NOATIME 1
| #define HAVE_WORKING_O_NOFOLLOW 1
| #define HAVE_GETOPT_H 1
| #define HAVE_GETOPT_LONG_ONLY 1
| #define HAVE_PTHREAD_API 1
| #define SETLOCALE_NULL_ALL_MTSAFE 1
| #define SETLOCALE_NULL_ONE_MTSAFE 1
| #define HAVE_WINT_T 1
| #define HAVE_LONG_LONG_INT 1
| #define HAVE_UNSIGNED_LONG_LONG_INT 1
| #define HAVE_LANGINFO_CODESET 1
| #define HAVE_WCHAR_T 1
| #define LSTAT_FOLLOWS_SLASHED_SYMLINK 1
| #define MALLOC_0_IS_NONNULL 1
| #define HAVE_MBSTATE_T 1
| #define HAVE_MAP_ANONYMOUS 1
| #define HAVE_MINMAX_IN_SYS_PARAM_H 1
| #define HAVE__BOOL 1
| #define HAVE_DECL_STRNDUP 1
| #define HAVE_DECL_STRNLEN 1
| #define _USE_STD_STAT 1
| #define HAVE_INTTYPES_H_WITH_UINTMAX 1
| #define HAVE_STDINT_H_WITH_UINTMAX 1
| #define HAVE_INTMAX_T 1
| #define DBL_EXPBIT0_WORD 1
| #define DBL_EXPBIT0_BIT 20
| #define HAVE_SNPRINTF 1
| #define HAVE_STRNLEN 1
| #define HAVE_WCSLEN 1
| #define HAVE_WCSNLEN 1
| #define HAVE_MBRTOWC 1
| #define HAVE_WCRTOMB 1
| #define HAVE_DECL__SNPRINTF 0
| #define HAVE_SNPRINTF_RETVAL_C99 1
| #define HAVE_DECL_VSNPRINTF 1
| #define HAVE_ALLOCA 1
| #define HAVE_DECL_PROGRAM_INVOCATION_NAME 1
| #define HAVE_DECL_PROGRAM_INVOCATION_SHORT_NAME 1
| #define HAVE_PROGRAM_INVOCATION_NAME 1
| #define HAVE_PROGRAM_INVOCATION_SHORT_NAME 1
| #define GNULIB_CLOSE_STREAM 1
| #define HAVE_DECL___FPENDING 1
| #define __GETOPT_PREFIX rpl_
| #define GNULIB_TEST_GETOPT_POSIX 1
| #define HAVE_DECL_PROGRAM_INVOCATION_NAME 1
| #define HAVE_DECL_PROGRAM_INVOCATION_SHORT_NAME 1
| #define HAVE_DECL___ARGV 0
| #define GETTIMEOFDAY_TIMEZONE void
| #define GNULIB_TEST_GETTIMEOFDAY 1
| #define GNULIB_TEST_ISATTY 1
| #define HAVE___INLINE 1
| #define GNULIB_TEST_LSTAT 1
| #define HAVE_MALLOC_GNU 1
| #define GNULIB_MALLOC_GNU 1
| #define HAVE_MALLOC_POSIX 1
| #define GNULIB_TEST_MALLOC_POSIX 1
| #define MBRTOWC_IN_C_LOCALE_MAYBE_EILSEQ 1
| #define GNULIB_TEST_MBRTOWC 1
| #define GNULIB_TEST_MBSINIT 1
| #define GNULIB_TEST_MEMCHR 1
| #define HAVE_MEMPCPY 1
| #define GNULIB_TEST_MEMPCPY 1
| #define GNULIB_TEST_MKSTEMP 1
| #define GNULIB_MKSTEMPS 1
| #define GNULIB_TEST_MKSTEMPS 1
| #define GNULIB_MSVC_NOTHROW 1
| #define HAVE_DECL_PROGRAM_INVOCATION_NAME 1
| #define HAVE_DECL_PROGRAM_INVOCATION_SHORT_NAME 1
| #define HAVE_RAWMEMCHR 1
| #define GNULIB_TEST_RAWMEMCHR 1
| #define GNULIB_TEST_SECURE_GETENV 1
| #define SETLOCALE_NULL_ALL_MTSAFE 1
| #define SETLOCALE_NULL_ONE_MTSAFE 1
| #define GNULIB_TEST_SETLOCALE_NULL 1
| #define HAVE_STDINT_H 1
| #define HAVE_DECL_SLEEP 1
| #define GNULIB_TEST_SLEEP 1
| #define GNULIB_TEST_STAT 1
| #define HAVE_STRUCT_STAT_ST_ATIM_TV_NSEC 1
| #define TYPEOF_STRUCT_STAT_ST_ATIM_IS_STRUCT_TIMESPEC 1
| #define __USE_MINGW_ANSI_STDIO 1
| #define GNULIB_FSCANF 1
| #define GNULIB_SCANF 1
| #define HAVE_STPCPY 1
| #define GNULIB_TEST_STPCPY 1
| #define HAVE_STRCASECMP 1
| #define HAVE_STRNCASECMP 1
| #define HAVE_DECL_STRNCASECMP 1
| #define HAVE_STRCHRNUL 1
| #define GNULIB_TEST_STRCHRNUL 1
| #define GNULIB_STRERROR 1
| #define GNULIB_TEST_STRERROR 1
| #define GNULIB_TEST_STRNDUP 1
| #define GNULIB_TEST_STRNLEN 1
| #define HAVE_STRVERSCMP 1
| #define GNULIB_TEST_STRVERSCMP 1
| #define HAVE_VSNPRINTF 1
| #define GNULIB_TEST_VSNPRINTF 1
| #define HAVE_TOWLOWER 1
| #define HAVE_STDINT_H 1
| #define HAVE_SYS_TIMES_H 1
| #define HAVE_VALGRIND_MEMCHECK_H 1
| #define HAVE_SPAWN_H 1
| #define HAVE_TIMES 1
| #define HAVE_KILL 1
| #define HAVE_ALARM 1
| #define HAVE_SIGACTION 1
| #define HAVE_SCHED_GETCPU 1
| #define HAVE_PTHREAD_SETAFFINITY_NP 1
| #define HAVE_DLFCN_H 1
| #define LT_OBJDIR ".libs/"
| /* end confdefs.h.  */
| 
| int
| main (void)
| {
| (void) strchr;
|   ;
|   return 0;
| }
configure:34668: g++ -c  -fvisibility=hidden -fvisibility-inlines-hidden -DSPOT_BUILD -std=c++17  conftest.cpp >&5
configure:34668: $? = 0
configure:34685: result: none needed
configure:34699: checking what extension is used for runtime loadable modules
configure:34712: result: .so
configure:34730: checking what variable specifies run-time module search path
configure:34738: result: LD_LIBRARY_PATH
configure:34746: checking for the default library search path
configure:34754: result: /lib /usr/lib /usr/lib/x86_64-linux-gnu/libfakeroot /usr/local/lib/i386-linux-gnu /lib/i386-linux-gnu /usr/lib/i386-linux-gnu /usr/local/lib/i686-linux-gnu /lib/i686-linux-gnu /usr/lib/i686-linux-gnu /usr/local/lib /usr/local/lib/x86_64-linux-gnu /lib/x86_64-linux-gnu /usr/lib/x86_64-linux-gnu /lib32 /usr/lib32 
configure:34783: checking for library containing dlopen
configure:34813: gcc -o conftest  -std=c11 -fvisibility=hidden   conftest.c  >&5
configure:34813: $? = 0
configure:34833: result: none required
configure:34923: checking for dlerror
configure:34923: gcc -o conftest  -std=c11 -fvisibility=hidden   conftest.c   >&5
configure:34923: $? = 0
configure:34923: result: yes
configure:34935: checking for shl_load
configure:34935: gcc -o conftest  -std=c11 -fvisibility=hidden   conftest.c  >&5
/usr/bin/ld: /tmp/ccTJgAyi.o: in function `main':
conftest.c:(.text+0xe): undefined reference to `shl_load'
collect2: error: ld returned 1 exit status
configure:34935: $? = 1
configure: failed program was:
| /* confdefs.h */
| #define PACKAGE_NAME "spot"
| #define PACKAGE_TARNAME "spot"
| #define PACKAGE_VERSION "2.10.4"
| #define PACKAGE_STRING "spot 2.10.4"
| #define PACKAGE_BUGREPORT "spot@lrde.epita.fr"
| #define PACKAGE_URL ""
| #define PACKAGE "spot"
| #define VERSION "2.10.4"
| #define HAVE_STDIO_H 1
| #define HAVE_STDLIB_H 1
| #define HAVE_STRING_H 1
| #define HAVE_INTTYPES_H 1
| #define HAVE_STDINT_H 1
| #define HAVE_STRINGS_H 1
| #define HAVE_SYS_STAT_H 1
| #define HAVE_SYS_TYPES_H 1
| #define HAVE_UNISTD_H 1
| #define HAVE_WCHAR_H 1
| #define HAVE_FEATURES_H 1
| #define HAVE_STDIO_EXT_H 1
| #define HAVE_GETOPT_H 1
| #define HAVE_SYS_CDEFS_H 1
| #define HAVE_SYS_TIME_H 1
| #define HAVE_SYS_SOCKET_H 1
| #define HAVE_THREADS_H 1
| #define HAVE_LIMITS_H 1
| #define HAVE_SYS_MMAN_H 1
| #define HAVE_SYS_PARAM_H 1
| #define HAVE_SYS_WAIT_H 1
| #define HAVE_SYSEXITS_H 1
| #define HAVE_WCTYPE_H 1
| #define STDC_HEADERS 1
| #define _ALL_SOURCE 1
| #define _DARWIN_C_SOURCE 1
| #define _GNU_SOURCE 1
| #define _HPUX_ALT_XOPEN_SOCKET_API 1
| #define _NETBSD_SOURCE 1
| #define _OPENBSD_SOURCE 1
| #define _POSIX_PTHREAD_SEMANTICS 1
| #define __STDC_WANT_IEC_60559_ATTRIBS_EXT__ 1
| #define __STDC_WANT_IEC_60559_BFP_EXT__ 1
| #define __STDC_WANT_IEC_60559_DFP_EXT__ 1
| #define __STDC_WANT_IEC_60559_FUNCS_EXT__ 1
| #define __STDC_WANT_IEC_60559_TYPES_EXT__ 1
| #define __STDC_WANT_LIB_EXT2__ 1
| #define __STDC_WANT_MATH_SPEC_FUNCS__ 1
| #define _TANDEM_SOURCE 1
| #define __EXTENSIONS__ 1
| #define YYTEXT_POINTER 1
| #define MAX_ACCSETS 32
| #define HAVE_ALLOCA_H 1
| #define HAVE_ALLOCA 1
| #define restrict __restrict
| #define HAVE_DECL_CLEARERR_UNLOCKED 1
| #define HAVE_DECL_FEOF_UNLOCKED 1
| #define HAVE_DECL_FERROR_UNLOCKED 1
| #define HAVE_DECL_FFLUSH_UNLOCKED 1
| #define HAVE_DECL_FGETS_UNLOCKED 1
| #define HAVE_DECL_FPUTC_UNLOCKED 1
| #define HAVE_DECL_FPUTS_UNLOCKED 1
| #define HAVE_DECL_FREAD_UNLOCKED 1
| #define HAVE_DECL_FWRITE_UNLOCKED 1
| #define HAVE_DECL_GETC_UNLOCKED 1
| #define HAVE_DECL_GETCHAR_UNLOCKED 1
| #define HAVE_DECL_PUTC_UNLOCKED 1
| #define HAVE_DECL_PUTCHAR_UNLOCKED 1
| #define HAVE_FLOCKFILE 1
| #define HAVE_FUNLOCKFILE 1
| #define HAVE_SYMLINK 1
| #define HAVE_GETTIMEOFDAY 1
| #define HAVE_LSTAT 1
| #define HAVE_MBSINIT 1
| #define HAVE_MBRTOWC 1
| #define HAVE_MPROTECT 1
| #define HAVE_MKSTEMP 1
| #define HAVE_MKSTEMPS 1
| #define HAVE_SECURE_GETENV 1
| #define HAVE_GETUID 1
| #define HAVE_GETEUID 1
| #define HAVE_GETGID 1
| #define HAVE_GETEGID 1
| #define HAVE_SLEEP 1
| #define HAVE_STRNDUP 1
| #define HAVE_SNPRINTF 1
| #define HAVE_ISWCNTRL 1
| #define HAVE_DECL_STRERROR_R 1
| #define HAVE_STRERROR_R 1
| #define STRERROR_R_CHAR_P 1
| #define HAVE_WORKING_O_NOATIME 1
| #define HAVE_WORKING_O_NOFOLLOW 1
| #define HAVE_GETOPT_H 1
| #define HAVE_GETOPT_LONG_ONLY 1
| #define HAVE_PTHREAD_API 1
| #define SETLOCALE_NULL_ALL_MTSAFE 1
| #define SETLOCALE_NULL_ONE_MTSAFE 1
| #define HAVE_WINT_T 1
| #define HAVE_LONG_LONG_INT 1
| #define HAVE_UNSIGNED_LONG_LONG_INT 1
| #define HAVE_LANGINFO_CODESET 1
| #define HAVE_WCHAR_T 1
| #define LSTAT_FOLLOWS_SLASHED_SYMLINK 1
| #define MALLOC_0_IS_NONNULL 1
| #define HAVE_MBSTATE_T 1
| #define HAVE_MAP_ANONYMOUS 1
| #define HAVE_MINMAX_IN_SYS_PARAM_H 1
| #define HAVE__BOOL 1
| #define HAVE_DECL_STRNDUP 1
| #define HAVE_DECL_STRNLEN 1
| #define _USE_STD_STAT 1
| #define HAVE_INTTYPES_H_WITH_UINTMAX 1
| #define HAVE_STDINT_H_WITH_UINTMAX 1
| #define HAVE_INTMAX_T 1
| #define DBL_EXPBIT0_WORD 1
| #define DBL_EXPBIT0_BIT 20
| #define HAVE_SNPRINTF 1
| #define HAVE_STRNLEN 1
| #define HAVE_WCSLEN 1
| #define HAVE_WCSNLEN 1
| #define HAVE_MBRTOWC 1
| #define HAVE_WCRTOMB 1
| #define HAVE_DECL__SNPRINTF 0
| #define HAVE_SNPRINTF_RETVAL_C99 1
| #define HAVE_DECL_VSNPRINTF 1
| #define HAVE_ALLOCA 1
| #define HAVE_DECL_PROGRAM_INVOCATION_NAME 1
| #define HAVE_DECL_PROGRAM_INVOCATION_SHORT_NAME 1
| #define HAVE_PROGRAM_INVOCATION_NAME 1
| #define HAVE_PROGRAM_INVOCATION_SHORT_NAME 1
| #define GNULIB_CLOSE_STREAM 1
| #define HAVE_DECL___FPENDING 1
| #define __GETOPT_PREFIX rpl_
| #define GNULIB_TEST_GETOPT_POSIX 1
| #define HAVE_DECL_PROGRAM_INVOCATION_NAME 1
| #define HAVE_DECL_PROGRAM_INVOCATION_SHORT_NAME 1
| #define HAVE_DECL___ARGV 0
| #define GETTIMEOFDAY_TIMEZONE void
| #define GNULIB_TEST_GETTIMEOFDAY 1
| #define GNULIB_TEST_ISATTY 1
| #define HAVE___INLINE 1
| #define GNULIB_TEST_LSTAT 1
| #define HAVE_MALLOC_GNU 1
| #define GNULIB_MALLOC_GNU 1
| #define HAVE_MALLOC_POSIX 1
| #define GNULIB_TEST_MALLOC_POSIX 1
| #define MBRTOWC_IN_C_LOCALE_MAYBE_EILSEQ 1
| #define GNULIB_TEST_MBRTOWC 1
| #define GNULIB_TEST_MBSINIT 1
| #define GNULIB_TEST_MEMCHR 1
| #define HAVE_MEMPCPY 1
| #define GNULIB_TEST_MEMPCPY 1
| #define GNULIB_TEST_MKSTEMP 1
| #define GNULIB_MKSTEMPS 1
| #define GNULIB_TEST_MKSTEMPS 1
| #define GNULIB_MSVC_NOTHROW 1
| #define HAVE_DECL_PROGRAM_INVOCATION_NAME 1
| #define HAVE_DECL_PROGRAM_INVOCATION_SHORT_NAME 1
| #define HAVE_RAWMEMCHR 1
| #define GNULIB_TEST_RAWMEMCHR 1
| #define GNULIB_TEST_SECURE_GETENV 1
| #define SETLOCALE_NULL_ALL_MTSAFE 1
| #define SETLOCALE_NULL_ONE_MTSAFE 1
| #define GNULIB_TEST_SETLOCALE_NULL 1
| #define HAVE_STDINT_H 1
| #define HAVE_DECL_SLEEP 1
| #define GNULIB_TEST_SLEEP 1
| #define GNULIB_TEST_STAT 1
| #define HAVE_STRUCT_STAT_ST_ATIM_TV_NSEC 1
| #define TYPEOF_STRUCT_STAT_ST_ATIM_IS_STRUCT_TIMESPEC 1
| #define __USE_MINGW_ANSI_STDIO 1
| #define GNULIB_FSCANF 1
| #define GNULIB_SCANF 1
| #define HAVE_STPCPY 1
| #define GNULIB_TEST_STPCPY 1
| #define HAVE_STRCASECMP 1
| #define HAVE_STRNCASECMP 1
| #define HAVE_DECL_STRNCASECMP 1
| #define HAVE_STRCHRNUL 1
| #define GNULIB_TEST_STRCHRNUL 1
| #define GNULIB_STRERROR 1
| #define GNULIB_TEST_STRERROR 1
| #define GNULIB_TEST_STRNDUP 1
| #define GNULIB_TEST_STRNLEN 1
| #define HAVE_STRVERSCMP 1
| #define GNULIB_TEST_STRVERSCMP 1
| #define HAVE_VSNPRINTF 1
| #define GNULIB_TEST_VSNPRINTF 1
| #define HAVE_TOWLOWER 1
| #define HAVE_STDINT_H 1
| #define HAVE_SYS_TIMES_H 1
| #define HAVE_VALGRIND_MEMCHECK_H 1
| #define HAVE_SPAWN_H 1
| #define HAVE_TIMES 1
| #define HAVE_KILL 1
| #define HAVE_ALARM 1
| #define HAVE_SIGACTION 1
| #define HAVE_SCHED_GETCPU 1
| #define HAVE_PTHREAD_SETAFFINITY_NP 1
| #define HAVE_DLFCN_H 1
| #define LT_OBJDIR ".libs/"
| #define LT_MODULE_EXT ".so"
| #define LT_MODULE_PATH_VAR "LD_LIBRARY_PATH"
| #define LT_DLSEARCH_PATH "/lib:/usr/lib:/usr/lib/x86_64-linux-gnu/libfakeroot:/usr/local/lib/i386-linux-gnu:/lib/i386-linux-gnu:/usr/lib/i386-linux-gnu:/usr/local/lib/i686-linux-gnu:/lib/i686-linux-gnu:/usr/lib/i686-linux-gnu:/usr/local/lib:/usr/local/lib/x86_64-linux-gnu:/lib/x86_64-linux-gnu:/usr/lib/x86_64-linux-gnu:/lib32:/usr/lib32"
| #define HAVE_LIBDL 1
| #define HAVE_DLERROR 1
| /* end confdefs.h.  */
| /* Define shl_load to an innocuous variant, in case <limits.h> declares shl_load.
|    For example, HP-UX 11i <limits.h> declares gettimeofday.  */
| #define shl_load innocuous_shl_load
| 
| /* System header to define __stub macros and hopefully few prototypes,
|    which can conflict with char shl_load (); below.  */
| 
| #include <limits.h>
| #undef shl_load
| 
| /* Override any GCC internal prototype to avoid an error.
|    Use char because int might match the return type of a GCC
|    builtin and then its argument prototype would still apply.  */
| #ifdef __cplusplus
| extern "C"
| #endif
| char shl_load ();
| /* The GNU C library defines this for functions which it implements
|     to always fail with ENOSYS.  Some functions are actually named
|     something starting with __ and the normal name is an alias.  */
| #if defined __stub_shl_load || defined __stub___shl_load
| choke me
| #endif
| 
| int
| main (void)
| {
| return shl_load ();
|   ;
|   return 0;
| }
configure:34935: result: no
configure:34943: checking for shl_load in -ldld
configure:34966: gcc -o conftest  -std=c11 -fvisibility=hidden   conftest.c -ldld   >&5
/usr/bin/ld: cannot find -ldld: No such file or directory
collect2: error: ld returned 1 exit status
configure:34966: $? = 1
configure: failed program was:
| /* confdefs.h */
| #define PACKAGE_NAME "spot"
| #define PACKAGE_TARNAME "spot"
| #define PACKAGE_VERSION "2.10.4"
| #define PACKAGE_STRING "spot 2.10.4"
| #define PACKAGE_BUGREPORT "spot@lrde.epita.fr"
| #define PACKAGE_URL ""
| #define PACKAGE "spot"
| #define VERSION "2.10.4"
| #define HAVE_STDIO_H 1
| #define HAVE_STDLIB_H 1
| #define HAVE_STRING_H 1
| #define HAVE_INTTYPES_H 1
| #define HAVE_STDINT_H 1
| #define HAVE_STRINGS_H 1
| #define HAVE_SYS_STAT_H 1
| #define HAVE_SYS_TYPES_H 1
| #define HAVE_UNISTD_H 1
| #define HAVE_WCHAR_H 1
| #define HAVE_FEATURES_H 1
| #define HAVE_STDIO_EXT_H 1
| #define HAVE_GETOPT_H 1
| #define HAVE_SYS_CDEFS_H 1
| #define HAVE_SYS_TIME_H 1
| #define HAVE_SYS_SOCKET_H 1
| #define HAVE_THREADS_H 1
| #define HAVE_LIMITS_H 1
| #define HAVE_SYS_MMAN_H 1
| #define HAVE_SYS_PARAM_H 1
| #define HAVE_SYS_WAIT_H 1
| #define HAVE_SYSEXITS_H 1
| #define HAVE_WCTYPE_H 1
| #define STDC_HEADERS 1
| #define _ALL_SOURCE 1
| #define _DARWIN_C_SOURCE 1
| #define _GNU_SOURCE 1
| #define _HPUX_ALT_XOPEN_SOCKET_API 1
| #define _NETBSD_SOURCE 1
| #define _OPENBSD_SOURCE 1
| #define _POSIX_PTHREAD_SEMANTICS 1
| #define __STDC_WANT_IEC_60559_ATTRIBS_EXT__ 1
| #define __STDC_WANT_IEC_60559_BFP_EXT__ 1
| #define __STDC_WANT_IEC_60559_DFP_EXT__ 1
| #define __STDC_WANT_IEC_60559_FUNCS_EXT__ 1
| #define __STDC_WANT_IEC_60559_TYPES_EXT__ 1
| #define __STDC_WANT_LIB_EXT2__ 1
| #define __STDC_WANT_MATH_SPEC_FUNCS__ 1
| #define _TANDEM_SOURCE 1
| #define __EXTENSIONS__ 1
| #define YYTEXT_POINTER 1
| #define MAX_ACCSETS 32
| #define HAVE_ALLOCA_H 1
| #define HAVE_ALLOCA 1
| #define restrict __restrict
| #define HAVE_DECL_CLEARERR_UNLOCKED 1
| #define HAVE_DECL_FEOF_UNLOCKED 1
| #define HAVE_DECL_FERROR_UNLOCKED 1
| #define HAVE_DECL_FFLUSH_UNLOCKED 1
| #define HAVE_DECL_FGETS_UNLOCKED 1
| #define HAVE_DECL_FPUTC_UNLOCKED 1
| #define HAVE_DECL_FPUTS_UNLOCKED 1
| #define HAVE_DECL_FREAD_UNLOCKED 1
| #define HAVE_DECL_FWRITE_UNLOCKED 1
| #define HAVE_DECL_GETC_UNLOCKED 1
| #define HAVE_DECL_GETCHAR_UNLOCKED 1
| #define HAVE_DECL_PUTC_UNLOCKED 1
| #define HAVE_DECL_PUTCHAR_UNLOCKED 1
| #define HAVE_FLOCKFILE 1
| #define HAVE_FUNLOCKFILE 1
| #define HAVE_SYMLINK 1
| #define HAVE_GETTIMEOFDAY 1
| #define HAVE_LSTAT 1
| #define HAVE_MBSINIT 1
| #define HAVE_MBRTOWC 1
| #define HAVE_MPROTECT 1
| #define HAVE_MKSTEMP 1
| #define HAVE_MKSTEMPS 1
| #define HAVE_SECURE_GETENV 1
| #define HAVE_GETUID 1
| #define HAVE_GETEUID 1
| #define HAVE_GETGID 1
| #define HAVE_GETEGID 1
| #define HAVE_SLEEP 1
| #define HAVE_STRNDUP 1
| #define HAVE_SNPRINTF 1
| #define HAVE_ISWCNTRL 1
| #define HAVE_DECL_STRERROR_R 1
| #define HAVE_STRERROR_R 1
| #define STRERROR_R_CHAR_P 1
| #define HAVE_WORKING_O_NOATIME 1
| #define HAVE_WORKING_O_NOFOLLOW 1
| #define HAVE_GETOPT_H 1
| #define HAVE_GETOPT_LONG_ONLY 1
| #define HAVE_PTHREAD_API 1
| #define SETLOCALE_NULL_ALL_MTSAFE 1
| #define SETLOCALE_NULL_ONE_MTSAFE 1
| #define HAVE_WINT_T 1
| #define HAVE_LONG_LONG_INT 1
| #define HAVE_UNSIGNED_LONG_LONG_INT 1
| #define HAVE_LANGINFO_CODESET 1
| #define HAVE_WCHAR_T 1
| #define LSTAT_FOLLOWS_SLASHED_SYMLINK 1
| #define MALLOC_0_IS_NONNULL 1
| #define HAVE_MBSTATE_T 1
| #define HAVE_MAP_ANONYMOUS 1
| #define HAVE_MINMAX_IN_SYS_PARAM_H 1
| #define HAVE__BOOL 1
| #define HAVE_DECL_STRNDUP 1
| #define HAVE_DECL_STRNLEN 1
| #define _USE_STD_STAT 1
| #define HAVE_INTTYPES_H_WITH_UINTMAX 1
| #define HAVE_STDINT_H_WITH_UINTMAX 1
| #define HAVE_INTMAX_T 1
| #define DBL_EXPBIT0_WORD 1
| #define DBL_EXPBIT0_BIT 20
| #define HAVE_SNPRINTF 1
| #define HAVE_STRNLEN 1
| #define HAVE_WCSLEN 1
| #define HAVE_WCSNLEN 1
| #define HAVE_MBRTOWC 1
| #define HAVE_WCRTOMB 1
| #define HAVE_DECL__SNPRINTF 0
| #define HAVE_SNPRINTF_RETVAL_C99 1
| #define HAVE_DECL_VSNPRINTF 1
| #define HAVE_ALLOCA 1
| #define HAVE_DECL_PROGRAM_INVOCATION_NAME 1
| #define HAVE_DECL_PROGRAM_INVOCATION_SHORT_NAME 1
| #define HAVE_PROGRAM_INVOCATION_NAME 1
| #define HAVE_PROGRAM_INVOCATION_SHORT_NAME 1
| #define GNULIB_CLOSE_STREAM 1
| #define HAVE_DECL___FPENDING 1
| #define __GETOPT_PREFIX rpl_
| #define GNULIB_TEST_GETOPT_POSIX 1
| #define HAVE_DECL_PROGRAM_INVOCATION_NAME 1
| #define HAVE_DECL_PROGRAM_INVOCATION_SHORT_NAME 1
| #define HAVE_DECL___ARGV 0
| #define GETTIMEOFDAY_TIMEZONE void
| #define GNULIB_TEST_GETTIMEOFDAY 1
| #define GNULIB_TEST_ISATTY 1
| #define HAVE___INLINE 1
| #define GNULIB_TEST_LSTAT 1
| #define HAVE_MALLOC_GNU 1
| #define GNULIB_MALLOC_GNU 1
| #define HAVE_MALLOC_POSIX 1
| #define GNULIB_TEST_MALLOC_POSIX 1
| #define MBRTOWC_IN_C_LOCALE_MAYBE_EILSEQ 1
| #define GNULIB_TEST_MBRTOWC 1
| #define GNULIB_TEST_MBSINIT 1
| #define GNULIB_TEST_MEMCHR 1
| #define HAVE_MEMPCPY 1
| #define GNULIB_TEST_MEMPCPY 1
| #define GNULIB_TEST_MKSTEMP 1
| #define GNULIB_MKSTEMPS 1
| #define GNULIB_TEST_MKSTEMPS 1
| #define GNULIB_MSVC_NOTHROW 1
| #define HAVE_DECL_PROGRAM_INVOCATION_NAME 1
| #define HAVE_DECL_PROGRAM_INVOCATION_SHORT_NAME 1
| #define HAVE_RAWMEMCHR 1
| #define GNULIB_TEST_RAWMEMCHR 1
| #define GNULIB_TEST_SECURE_GETENV 1
| #define SETLOCALE_NULL_ALL_MTSAFE 1
| #define SETLOCALE_NULL_ONE_MTSAFE 1
| #define GNULIB_TEST_SETLOCALE_NULL 1
| #define HAVE_STDINT_H 1
| #define HAVE_DECL_SLEEP 1
| #define GNULIB_TEST_SLEEP 1
| #define GNULIB_TEST_STAT 1
| #define HAVE_STRUCT_STAT_ST_ATIM_TV_NSEC 1
| #define TYPEOF_STRUCT_STAT_ST_ATIM_IS_STRUCT_TIMESPEC 1
| #define __USE_MINGW_ANSI_STDIO 1
| #define GNULIB_FSCANF 1
| #define GNULIB_SCANF 1
| #define HAVE_STPCPY 1
| #define GNULIB_TEST_STPCPY 1
| #define HAVE_STRCASECMP 1
| #define HAVE_STRNCASECMP 1
| #define HAVE_DECL_STRNCASECMP 1
| #define HAVE_STRCHRNUL 1
| #define GNULIB_TEST_STRCHRNUL 1
| #define GNULIB_STRERROR 1
| #define GNULIB_TEST_STRERROR 1
| #define GNULIB_TEST_STRNDUP 1
| #define GNULIB_TEST_STRNLEN 1
| #define HAVE_STRVERSCMP 1
| #define GNULIB_TEST_STRVERSCMP 1
| #define HAVE_VSNPRINTF 1
| #define GNULIB_TEST_VSNPRINTF 1
| #define HAVE_TOWLOWER 1
| #define HAVE_STDINT_H 1
| #define HAVE_SYS_TIMES_H 1
| #define HAVE_VALGRIND_MEMCHECK_H 1
| #define HAVE_SPAWN_H 1
| #define HAVE_TIMES 1
| #define HAVE_KILL 1
| #define HAVE_ALARM 1
| #define HAVE_SIGACTION 1
| #define HAVE_SCHED_GETCPU 1
| #define HAVE_PTHREAD_SETAFFINITY_NP 1
| #define HAVE_DLFCN_H 1
| #define LT_OBJDIR ".libs/"
| #define LT_MODULE_EXT ".so"
| #define LT_MODULE_PATH_VAR "LD_LIBRARY_PATH"
| #define LT_DLSEARCH_PATH "/lib:/usr/lib:/usr/lib/x86_64-linux-gnu/libfakeroot:/usr/local/lib/i386-linux-gnu:/lib/i386-linux-gnu:/usr/lib/i386-linux-gnu:/usr/local/lib/i686-linux-gnu:/lib/i686-linux-gnu:/usr/lib/i686-linux-gnu:/usr/local/lib:/usr/local/lib/x86_64-linux-gnu:/lib/x86_64-linux-gnu:/usr/lib/x86_64-linux-gnu:/lib32:/usr/lib32"
| #define HAVE_LIBDL 1
| #define HAVE_DLERROR 1
| /* end confdefs.h.  */
| 
| /* Override any GCC internal prototype to avoid an error.
|    Use char because int might match the return type of a GCC
|    builtin and then its argument prototype would still apply.  */
| char shl_load ();
| int
| main (void)
| {
| return shl_load ();
|   ;
|   return 0;
| }
configure:34976: result: no
configure:35022: checking for dld_link in -ldld
configure:35045: gcc -o conftest  -std=c11 -fvisibility=hidden   conftest.c -ldld   >&5
/usr/bin/ld: cannot find -ldld: No such file or directory
collect2: error: ld returned 1 exit status
configure:35045: $? = 1
configure: failed program was:
| /* confdefs.h */
| #define PACKAGE_NAME "spot"
| #define PACKAGE_TARNAME "spot"
| #define PACKAGE_VERSION "2.10.4"
| #define PACKAGE_STRING "spot 2.10.4"
| #define PACKAGE_BUGREPORT "spot@lrde.epita.fr"
| #define PACKAGE_URL ""
| #define PACKAGE "spot"
| #define VERSION "2.10.4"
| #define HAVE_STDIO_H 1
| #define HAVE_STDLIB_H 1
| #define HAVE_STRING_H 1
| #define HAVE_INTTYPES_H 1
| #define HAVE_STDINT_H 1
| #define HAVE_STRINGS_H 1
| #define HAVE_SYS_STAT_H 1
| #define HAVE_SYS_TYPES_H 1
| #define HAVE_UNISTD_H 1
| #define HAVE_WCHAR_H 1
| #define HAVE_FEATURES_H 1
| #define HAVE_STDIO_EXT_H 1
| #define HAVE_GETOPT_H 1
| #define HAVE_SYS_CDEFS_H 1
| #define HAVE_SYS_TIME_H 1
| #define HAVE_SYS_SOCKET_H 1
| #define HAVE_THREADS_H 1
| #define HAVE_LIMITS_H 1
| #define HAVE_SYS_MMAN_H 1
| #define HAVE_SYS_PARAM_H 1
| #define HAVE_SYS_WAIT_H 1
| #define HAVE_SYSEXITS_H 1
| #define HAVE_WCTYPE_H 1
| #define STDC_HEADERS 1
| #define _ALL_SOURCE 1
| #define _DARWIN_C_SOURCE 1
| #define _GNU_SOURCE 1
| #define _HPUX_ALT_XOPEN_SOCKET_API 1
| #define _NETBSD_SOURCE 1
| #define _OPENBSD_SOURCE 1
| #define _POSIX_PTHREAD_SEMANTICS 1
| #define __STDC_WANT_IEC_60559_ATTRIBS_EXT__ 1
| #define __STDC_WANT_IEC_60559_BFP_EXT__ 1
| #define __STDC_WANT_IEC_60559_DFP_EXT__ 1
| #define __STDC_WANT_IEC_60559_FUNCS_EXT__ 1
| #define __STDC_WANT_IEC_60559_TYPES_EXT__ 1
| #define __STDC_WANT_LIB_EXT2__ 1
| #define __STDC_WANT_MATH_SPEC_FUNCS__ 1
| #define _TANDEM_SOURCE 1
| #define __EXTENSIONS__ 1
| #define YYTEXT_POINTER 1
| #define MAX_ACCSETS 32
| #define HAVE_ALLOCA_H 1
| #define HAVE_ALLOCA 1
| #define restrict __restrict
| #define HAVE_DECL_CLEARERR_UNLOCKED 1
| #define HAVE_DECL_FEOF_UNLOCKED 1
| #define HAVE_DECL_FERROR_UNLOCKED 1
| #define HAVE_DECL_FFLUSH_UNLOCKED 1
| #define HAVE_DECL_FGETS_UNLOCKED 1
| #define HAVE_DECL_FPUTC_UNLOCKED 1
| #define HAVE_DECL_FPUTS_UNLOCKED 1
| #define HAVE_DECL_FREAD_UNLOCKED 1
| #define HAVE_DECL_FWRITE_UNLOCKED 1
| #define HAVE_DECL_GETC_UNLOCKED 1
| #define HAVE_DECL_GETCHAR_UNLOCKED 1
| #define HAVE_DECL_PUTC_UNLOCKED 1
| #define HAVE_DECL_PUTCHAR_UNLOCKED 1
| #define HAVE_FLOCKFILE 1
| #define HAVE_FUNLOCKFILE 1
| #define HAVE_SYMLINK 1
| #define HAVE_GETTIMEOFDAY 1
| #define HAVE_LSTAT 1
| #define HAVE_MBSINIT 1
| #define HAVE_MBRTOWC 1
| #define HAVE_MPROTECT 1
| #define HAVE_MKSTEMP 1
| #define HAVE_MKSTEMPS 1
| #define HAVE_SECURE_GETENV 1
| #define HAVE_GETUID 1
| #define HAVE_GETEUID 1
| #define HAVE_GETGID 1
| #define HAVE_GETEGID 1
| #define HAVE_SLEEP 1
| #define HAVE_STRNDUP 1
| #define HAVE_SNPRINTF 1
| #define HAVE_ISWCNTRL 1
| #define HAVE_DECL_STRERROR_R 1
| #define HAVE_STRERROR_R 1
| #define STRERROR_R_CHAR_P 1
| #define HAVE_WORKING_O_NOATIME 1
| #define HAVE_WORKING_O_NOFOLLOW 1
| #define HAVE_GETOPT_H 1
| #define HAVE_GETOPT_LONG_ONLY 1
| #define HAVE_PTHREAD_API 1
| #define SETLOCALE_NULL_ALL_MTSAFE 1
| #define SETLOCALE_NULL_ONE_MTSAFE 1
| #define HAVE_WINT_T 1
| #define HAVE_LONG_LONG_INT 1
| #define HAVE_UNSIGNED_LONG_LONG_INT 1
| #define HAVE_LANGINFO_CODESET 1
| #define HAVE_WCHAR_T 1
| #define LSTAT_FOLLOWS_SLASHED_SYMLINK 1
| #define MALLOC_0_IS_NONNULL 1
| #define HAVE_MBSTATE_T 1
| #define HAVE_MAP_ANONYMOUS 1
| #define HAVE_MINMAX_IN_SYS_PARAM_H 1
| #define HAVE__BOOL 1
| #define HAVE_DECL_STRNDUP 1
| #define HAVE_DECL_STRNLEN 1
| #define _USE_STD_STAT 1
| #define HAVE_INTTYPES_H_WITH_UINTMAX 1
| #define HAVE_STDINT_H_WITH_UINTMAX 1
| #define HAVE_INTMAX_T 1
| #define DBL_EXPBIT0_WORD 1
| #define DBL_EXPBIT0_BIT 20
| #define HAVE_SNPRINTF 1
| #define HAVE_STRNLEN 1
| #define HAVE_WCSLEN 1
| #define HAVE_WCSNLEN 1
| #define HAVE_MBRTOWC 1
| #define HAVE_WCRTOMB 1
| #define HAVE_DECL__SNPRINTF 0
| #define HAVE_SNPRINTF_RETVAL_C99 1
| #define HAVE_DECL_VSNPRINTF 1
| #define HAVE_ALLOCA 1
| #define HAVE_DECL_PROGRAM_INVOCATION_NAME 1
| #define HAVE_DECL_PROGRAM_INVOCATION_SHORT_NAME 1
| #define HAVE_PROGRAM_INVOCATION_NAME 1
| #define HAVE_PROGRAM_INVOCATION_SHORT_NAME 1
| #define GNULIB_CLOSE_STREAM 1
| #define HAVE_DECL___FPENDING 1
| #define __GETOPT_PREFIX rpl_
| #define GNULIB_TEST_GETOPT_POSIX 1
| #define HAVE_DECL_PROGRAM_INVOCATION_NAME 1
| #define HAVE_DECL_PROGRAM_INVOCATION_SHORT_NAME 1
| #define HAVE_DECL___ARGV 0
| #define GETTIMEOFDAY_TIMEZONE void
| #define GNULIB_TEST_GETTIMEOFDAY 1
| #define GNULIB_TEST_ISATTY 1
| #define HAVE___INLINE 1
| #define GNULIB_TEST_LSTAT 1
| #define HAVE_MALLOC_GNU 1
| #define GNULIB_MALLOC_GNU 1
| #define HAVE_MALLOC_POSIX 1
| #define GNULIB_TEST_MALLOC_POSIX 1
| #define MBRTOWC_IN_C_LOCALE_MAYBE_EILSEQ 1
| #define GNULIB_TEST_MBRTOWC 1
| #define GNULIB_TEST_MBSINIT 1
| #define GNULIB_TEST_MEMCHR 1
| #define HAVE_MEMPCPY 1
| #define GNULIB_TEST_MEMPCPY 1
| #define GNULIB_TEST_MKSTEMP 1
| #define GNULIB_MKSTEMPS 1
| #define GNULIB_TEST_MKSTEMPS 1
| #define GNULIB_MSVC_NOTHROW 1
| #define HAVE_DECL_PROGRAM_INVOCATION_NAME 1
| #define HAVE_DECL_PROGRAM_INVOCATION_SHORT_NAME 1
| #define HAVE_RAWMEMCHR 1
| #define GNULIB_TEST_RAWMEMCHR 1
| #define GNULIB_TEST_SECURE_GETENV 1
| #define SETLOCALE_NULL_ALL_MTSAFE 1
| #define SETLOCALE_NULL_ONE_MTSAFE 1
| #define GNULIB_TEST_SETLOCALE_NULL 1
| #define HAVE_STDINT_H 1
| #define HAVE_DECL_SLEEP 1
| #define GNULIB_TEST_SLEEP 1
| #define GNULIB_TEST_STAT 1
| #define HAVE_STRUCT_STAT_ST_ATIM_TV_NSEC 1
| #define TYPEOF_STRUCT_STAT_ST_ATIM_IS_STRUCT_TIMESPEC 1
| #define __USE_MINGW_ANSI_STDIO 1
| #define GNULIB_FSCANF 1
| #define GNULIB_SCANF 1
| #define HAVE_STPCPY 1
| #define GNULIB_TEST_STPCPY 1
| #define HAVE_STRCASECMP 1
| #define HAVE_STRNCASECMP 1
| #define HAVE_DECL_STRNCASECMP 1
| #define HAVE_STRCHRNUL 1
| #define GNULIB_TEST_STRCHRNUL 1
| #define GNULIB_STRERROR 1
| #define GNULIB_TEST_STRERROR 1
| #define GNULIB_TEST_STRNDUP 1
| #define GNULIB_TEST_STRNLEN 1
| #define HAVE_STRVERSCMP 1
| #define GNULIB_TEST_STRVERSCMP 1
| #define HAVE_VSNPRINTF 1
| #define GNULIB_TEST_VSNPRINTF 1
| #define HAVE_TOWLOWER 1
| #define HAVE_STDINT_H 1
| #define HAVE_SYS_TIMES_H 1
| #define HAVE_VALGRIND_MEMCHECK_H 1
| #define HAVE_SPAWN_H 1
| #define HAVE_TIMES 1
| #define HAVE_KILL 1
| #define HAVE_ALARM 1
| #define HAVE_SIGACTION 1
| #define HAVE_SCHED_GETCPU 1
| #define HAVE_PTHREAD_SETAFFINITY_NP 1
| #define HAVE_DLFCN_H 1
| #define LT_OBJDIR ".libs/"
| #define LT_MODULE_EXT ".so"
| #define LT_MODULE_PATH_VAR "LD_LIBRARY_PATH"
| #define LT_DLSEARCH_PATH "/lib:/usr/lib:/usr/lib/x86_64-linux-gnu/libfakeroot:/usr/local/lib/i386-linux-gnu:/lib/i386-linux-gnu:/usr/lib/i386-linux-gnu:/usr/local/lib/i686-linux-gnu:/lib/i686-linux-gnu:/usr/lib/i686-linux-gnu:/usr/local/lib:/usr/local/lib/x86_64-linux-gnu:/lib/x86_64-linux-gnu:/usr/lib/x86_64-linux-gnu:/lib32:/usr/lib32"
| #define HAVE_LIBDL 1
| #define HAVE_DLERROR 1
| /* end confdefs.h.  */
| 
| /* Override any GCC internal prototype to avoid an error.
|    Use char because int might match the return type of a GCC
|    builtin and then its argument prototype would still apply.  */
| char dld_link ();
| int
| main (void)
| {
| return dld_link ();
|   ;
|   return 0;
| }
configure:35055: result: no
configure:35091: checking for _ prefix in compiled symbols
configure:35102: g++ -c  -fvisibility=hidden -fvisibility-inlines-hidden -DSPOT_BUILD -std=c++17  conftest.cpp >&5
configure:35105: $? = 0
configure:35109: /usr/bin/nm -B conftest.o \| sed -n -e 's/^.*[	 ]\([ABCDGIRSTW][ABCDGIRSTW]*\)[	 ][	 ]*\([_A-Za-z][_A-Za-z0-9]*\)$/\1 \2 \2/p' | sed '/ __gnu_lto/d' \> conftest.nm
configure:35112: $? = 0
configure: cannot find nm_test_func in conftest.nm
configure:35134: result: no
configure:35252: checking whether deplibs are loaded by dlopen
configure:35350: result: yes
configure:35359: checking for argz.h
configure:35359: g++ -c  -fvisibility=hidden -fvisibility-inlines-hidden -DSPOT_BUILD -std=c++17  conftest.cpp >&5
configure:35359: $? = 0
configure:35359: result: yes
configure:35368: checking for error_t
configure:35368: g++ -c  -fvisibility=hidden -fvisibility-inlines-hidden -DSPOT_BUILD -std=c++17  conftest.cpp >&5
configure:35368: $? = 0
configure:35368: g++ -c  -fvisibility=hidden -fvisibility-inlines-hidden -DSPOT_BUILD -std=c++17  conftest.cpp >&5
conftest.cpp: In function 'int main()':
conftest.cpp:216:21: error: expected primary-expression before ')' token
  216 | if (sizeof ((error_t)))
      |                     ^
configure:35368: $? = 1
configure: failed program was:
| /* confdefs.h */
| #define PACKAGE_NAME "spot"
| #define PACKAGE_TARNAME "spot"
| #define PACKAGE_VERSION "2.10.4"
| #define PACKAGE_STRING "spot 2.10.4"
| #define PACKAGE_BUGREPORT "spot@lrde.epita.fr"
| #define PACKAGE_URL ""
| #define PACKAGE "spot"
| #define VERSION "2.10.4"
| #define HAVE_STDIO_H 1
| #define HAVE_STDLIB_H 1
| #define HAVE_STRING_H 1
| #define HAVE_INTTYPES_H 1
| #define HAVE_STDINT_H 1
| #define HAVE_STRINGS_H 1
| #define HAVE_SYS_STAT_H 1
| #define HAVE_SYS_TYPES_H 1
| #define HAVE_UNISTD_H 1
| #define HAVE_WCHAR_H 1
| #define HAVE_FEATURES_H 1
| #define HAVE_STDIO_EXT_H 1
| #define HAVE_GETOPT_H 1
| #define HAVE_SYS_CDEFS_H 1
| #define HAVE_SYS_TIME_H 1
| #define HAVE_SYS_SOCKET_H 1
| #define HAVE_THREADS_H 1
| #define HAVE_LIMITS_H 1
| #define HAVE_SYS_MMAN_H 1
| #define HAVE_SYS_PARAM_H 1
| #define HAVE_SYS_WAIT_H 1
| #define HAVE_SYSEXITS_H 1
| #define HAVE_WCTYPE_H 1
| #define STDC_HEADERS 1
| #define _ALL_SOURCE 1
| #define _DARWIN_C_SOURCE 1
| #define _GNU_SOURCE 1
| #define _HPUX_ALT_XOPEN_SOCKET_API 1
| #define _NETBSD_SOURCE 1
| #define _OPENBSD_SOURCE 1
| #define _POSIX_PTHREAD_SEMANTICS 1
| #define __STDC_WANT_IEC_60559_ATTRIBS_EXT__ 1
| #define __STDC_WANT_IEC_60559_BFP_EXT__ 1
| #define __STDC_WANT_IEC_60559_DFP_EXT__ 1
| #define __STDC_WANT_IEC_60559_FUNCS_EXT__ 1
| #define __STDC_WANT_IEC_60559_TYPES_EXT__ 1
| #define __STDC_WANT_LIB_EXT2__ 1
| #define __STDC_WANT_MATH_SPEC_FUNCS__ 1
| #define _TANDEM_SOURCE 1
| #define __EXTENSIONS__ 1
| #define YYTEXT_POINTER 1
| #define MAX_ACCSETS 32
| #define HAVE_ALLOCA_H 1
| #define HAVE_ALLOCA 1
| #define restrict __restrict
| #define HAVE_DECL_CLEARERR_UNLOCKED 1
| #define HAVE_DECL_FEOF_UNLOCKED 1
| #define HAVE_DECL_FERROR_UNLOCKED 1
| #define HAVE_DECL_FFLUSH_UNLOCKED 1
| #define HAVE_DECL_FGETS_UNLOCKED 1
| #define HAVE_DECL_FPUTC_UNLOCKED 1
| #define HAVE_DECL_FPUTS_UNLOCKED 1
| #define HAVE_DECL_FREAD_UNLOCKED 1
| #define HAVE_DECL_FWRITE_UNLOCKED 1
| #define HAVE_DECL_GETC_UNLOCKED 1
| #define HAVE_DECL_GETCHAR_UNLOCKED 1
| #define HAVE_DECL_PUTC_UNLOCKED 1
| #define HAVE_DECL_PUTCHAR_UNLOCKED 1
| #define HAVE_FLOCKFILE 1
| #define HAVE_FUNLOCKFILE 1
| #define HAVE_SYMLINK 1
| #define HAVE_GETTIMEOFDAY 1
| #define HAVE_LSTAT 1
| #define HAVE_MBSINIT 1
| #define HAVE_MBRTOWC 1
| #define HAVE_MPROTECT 1
| #define HAVE_MKSTEMP 1
| #define HAVE_MKSTEMPS 1
| #define HAVE_SECURE_GETENV 1
| #define HAVE_GETUID 1
| #define HAVE_GETEUID 1
| #define HAVE_GETGID 1
| #define HAVE_GETEGID 1
| #define HAVE_SLEEP 1
| #define HAVE_STRNDUP 1
| #define HAVE_SNPRINTF 1
| #define HAVE_ISWCNTRL 1
| #define HAVE_DECL_STRERROR_R 1
| #define HAVE_STRERROR_R 1
| #define STRERROR_R_CHAR_P 1
| #define HAVE_WORKING_O_NOATIME 1
| #define HAVE_WORKING_O_NOFOLLOW 1
| #define HAVE_GETOPT_H 1
| #define HAVE_GETOPT_LONG_ONLY 1
| #define HAVE_PTHREAD_API 1
| #define SETLOCALE_NULL_ALL_MTSAFE 1
| #define SETLOCALE_NULL_ONE_MTSAFE 1
| #define HAVE_WINT_T 1
| #define HAVE_LONG_LONG_INT 1
| #define HAVE_UNSIGNED_LONG_LONG_INT 1
| #define HAVE_LANGINFO_CODESET 1
| #define HAVE_WCHAR_T 1
| #define LSTAT_FOLLOWS_SLASHED_SYMLINK 1
| #define MALLOC_0_IS_NONNULL 1
| #define HAVE_MBSTATE_T 1
| #define HAVE_MAP_ANONYMOUS 1
| #define HAVE_MINMAX_IN_SYS_PARAM_H 1
| #define HAVE__BOOL 1
| #define HAVE_DECL_STRNDUP 1
| #define HAVE_DECL_STRNLEN 1
| #define _USE_STD_STAT 1
| #define HAVE_INTTYPES_H_WITH_UINTMAX 1
| #define HAVE_STDINT_H_WITH_UINTMAX 1
| #define HAVE_INTMAX_T 1
| #define DBL_EXPBIT0_WORD 1
| #define DBL_EXPBIT0_BIT 20
| #define HAVE_SNPRINTF 1
| #define HAVE_STRNLEN 1
| #define HAVE_WCSLEN 1
| #define HAVE_WCSNLEN 1
| #define HAVE_MBRTOWC 1
| #define HAVE_WCRTOMB 1
| #define HAVE_DECL__SNPRINTF 0
| #define HAVE_SNPRINTF_RETVAL_C99 1
| #define HAVE_DECL_VSNPRINTF 1
| #define HAVE_ALLOCA 1
| #define HAVE_DECL_PROGRAM_INVOCATION_NAME 1
| #define HAVE_DECL_PROGRAM_INVOCATION_SHORT_NAME 1
| #define HAVE_PROGRAM_INVOCATION_NAME 1
| #define HAVE_PROGRAM_INVOCATION_SHORT_NAME 1
| #define GNULIB_CLOSE_STREAM 1
| #define HAVE_DECL___FPENDING 1
| #define __GETOPT_PREFIX rpl_
| #define GNULIB_TEST_GETOPT_POSIX 1
| #define HAVE_DECL_PROGRAM_INVOCATION_NAME 1
| #define HAVE_DECL_PROGRAM_INVOCATION_SHORT_NAME 1
| #define HAVE_DECL___ARGV 0
| #define GETTIMEOFDAY_TIMEZONE void
| #define GNULIB_TEST_GETTIMEOFDAY 1
| #define GNULIB_TEST_ISATTY 1
| #define HAVE___INLINE 1
| #define GNULIB_TEST_LSTAT 1
| #define HAVE_MALLOC_GNU 1
| #define GNULIB_MALLOC_GNU 1
| #define HAVE_MALLOC_POSIX 1
| #define GNULIB_TEST_MALLOC_POSIX 1
| #define MBRTOWC_IN_C_LOCALE_MAYBE_EILSEQ 1
| #define GNULIB_TEST_MBRTOWC 1
| #define GNULIB_TEST_MBSINIT 1
| #define GNULIB_TEST_MEMCHR 1
| #define HAVE_MEMPCPY 1
| #define GNULIB_TEST_MEMPCPY 1
| #define GNULIB_TEST_MKSTEMP 1
| #define GNULIB_MKSTEMPS 1
| #define GNULIB_TEST_MKSTEMPS 1
| #define GNULIB_MSVC_NOTHROW 1
| #define HAVE_DECL_PROGRAM_INVOCATION_NAME 1
| #define HAVE_DECL_PROGRAM_INVOCATION_SHORT_NAME 1
| #define HAVE_RAWMEMCHR 1
| #define GNULIB_TEST_RAWMEMCHR 1
| #define GNULIB_TEST_SECURE_GETENV 1
| #define SETLOCALE_NULL_ALL_MTSAFE 1
| #define SETLOCALE_NULL_ONE_MTSAFE 1
| #define GNULIB_TEST_SETLOCALE_NULL 1
| #define HAVE_STDINT_H 1
| #define HAVE_DECL_SLEEP 1
| #define GNULIB_TEST_SLEEP 1
| #define GNULIB_TEST_STAT 1
| #define HAVE_STRUCT_STAT_ST_ATIM_TV_NSEC 1
| #define TYPEOF_STRUCT_STAT_ST_ATIM_IS_STRUCT_TIMESPEC 1
| #define __USE_MINGW_ANSI_STDIO 1
| #define GNULIB_FSCANF 1
| #define GNULIB_SCANF 1
| #define HAVE_STPCPY 1
| #define GNULIB_TEST_STPCPY 1
| #define HAVE_STRCASECMP 1
| #define HAVE_STRNCASECMP 1
| #define HAVE_DECL_STRNCASECMP 1
| #define HAVE_STRCHRNUL 1
| #define GNULIB_TEST_STRCHRNUL 1
| #define GNULIB_STRERROR 1
| #define GNULIB_TEST_STRERROR 1
| #define GNULIB_TEST_STRNDUP 1
| #define GNULIB_TEST_STRNLEN 1
| #define HAVE_STRVERSCMP 1
| #define GNULIB_TEST_STRVERSCMP 1
| #define HAVE_VSNPRINTF 1
| #define GNULIB_TEST_VSNPRINTF 1
| #define HAVE_TOWLOWER 1
| #define HAVE_STDINT_H 1
| #define HAVE_SYS_TIMES_H 1
| #define HAVE_VALGRIND_MEMCHECK_H 1
| #define HAVE_SPAWN_H 1
| #define HAVE_TIMES 1
| #define HAVE_KILL 1
| #define HAVE_ALARM 1
| #define HAVE_SIGACTION 1
| #define HAVE_SCHED_GETCPU 1
| #define HAVE_PTHREAD_SETAFFINITY_NP 1
| #define HAVE_DLFCN_H 1
| #define LT_OBJDIR ".libs/"
| #define LT_MODULE_EXT ".so"
| #define LT_MODULE_PATH_VAR "LD_LIBRARY_PATH"
| #define LT_DLSEARCH_PATH "/lib:/usr/lib:/usr/lib/x86_64-linux-gnu/libfakeroot:/usr/local/lib/i386-linux-gnu:/lib/i386-linux-gnu:/usr/lib/i386-linux-gnu:/usr/local/lib/i686-linux-gnu:/lib/i686-linux-gnu:/usr/lib/i686-linux-gnu:/usr/local/lib:/usr/local/lib/x86_64-linux-gnu:/lib/x86_64-linux-gnu:/usr/lib/x86_64-linux-gnu:/lib32:/usr/lib32"
| #define HAVE_LIBDL 1
| #define HAVE_DLERROR 1
| #define HAVE_LIBDLLOADER 1
| #define HAVE_ARGZ_H 1
| /* end confdefs.h.  */
| #if defined(HAVE_ARGZ_H)
| #  include <argz.h>
| #endif
| 
| int
| main (void)
| {
| if (sizeof ((error_t)))
| 	    return 0;
|   ;
|   return 0;
| }
configure:35368: result: yes
configure:35393: checking for argz_add
configure:35393: g++ -o conftest  -fvisibility=hidden -fvisibility-inlines-hidden -DSPOT_BUILD -std=c++17   conftest.cpp  >&5
configure:35393: $? = 0
configure:35393: result: yes
configure:35393: checking for argz_append
configure:35393: g++ -o conftest  -fvisibility=hidden -fvisibility-inlines-hidden -DSPOT_BUILD -std=c++17   conftest.cpp  >&5
configure:35393: $? = 0
configure:35393: result: yes
configure:35393: checking for argz_count
configure:35393: g++ -o conftest  -fvisibility=hidden -fvisibility-inlines-hidden -DSPOT_BUILD -std=c++17   conftest.cpp  >&5
configure:35393: $? = 0
configure:35393: result: yes
configure:35393: checking for argz_create_sep
configure:35393: g++ -o conftest  -fvisibility=hidden -fvisibility-inlines-hidden -DSPOT_BUILD -std=c++17   conftest.cpp  >&5
configure:35393: $? = 0
configure:35393: result: yes
configure:35393: checking for argz_insert
configure:35393: g++ -o conftest  -fvisibility=hidden -fvisibility-inlines-hidden -DSPOT_BUILD -std=c++17   conftest.cpp  >&5
configure:35393: $? = 0
configure:35393: result: yes
configure:35393: checking for argz_next
configure:35393: g++ -o conftest  -fvisibility=hidden -fvisibility-inlines-hidden -DSPOT_BUILD -std=c++17   conftest.cpp  >&5
configure:35393: $? = 0
configure:35393: result: yes
configure:35393: checking for argz_stringify
configure:35393: g++ -o conftest  -fvisibility=hidden -fvisibility-inlines-hidden -DSPOT_BUILD -std=c++17   conftest.cpp  >&5
configure:35393: $? = 0
configure:35393: result: yes
configure:35411: checking if argz actually works
configure:35443: result: yes
configure:35461: checking whether libtool supports -dlopen/-dlpreopen
configure:35474: result: yes
configure:35504: checking for ltdl.h
configure:35504: g++ -c  -fvisibility=hidden -fvisibility-inlines-hidden -DSPOT_BUILD -std=c++17  conftest.cpp >&5
configure:35504: $? = 0
configure:35504: result: yes
configure:35509: checking whether lt_dlinterface_register is declared
configure:35509: gcc -c  -std=c11 -fvisibility=hidden  conftest.cpp >&5
cc1plus: warning: command-line option '-std=c11' is valid for C/ObjC but not for C++
configure:35509: $? = 0
configure:35509: result: yes
configure:35514: checking for lt_dladvise_preload in -lltdl
configure:35536: g++ -o conftest  -fvisibility=hidden -fvisibility-inlines-hidden -DSPOT_BUILD -std=c++17   conftest.cpp -lltdl   >&5
configure:35536: $? = 0
configure:35546: result: yes
configure:35642: checking where to find libltdl headers
configure:35644: result: 
configure:35646: checking where to find libltdl library
configure:35648: result: -lltdl
configure:35696: checking for unistd.h
configure:35696: result: yes
configure:35703: checking for dl.h
configure:35703: g++ -c  -fvisibility=hidden -fvisibility-inlines-hidden -DSPOT_BUILD -std=c++17  conftest.cpp >&5
conftest.cpp:250:10: fatal error: dl.h: No such file or directory
  250 | #include <dl.h>
      |          ^~~~~~
compilation terminated.
configure:35703: $? = 1
configure: failed program was:
| /* confdefs.h */
| #define PACKAGE_NAME "spot"
| #define PACKAGE_TARNAME "spot"
| #define PACKAGE_VERSION "2.10.4"
| #define PACKAGE_STRING "spot 2.10.4"
| #define PACKAGE_BUGREPORT "spot@lrde.epita.fr"
| #define PACKAGE_URL ""
| #define PACKAGE "spot"
| #define VERSION "2.10.4"
| #define HAVE_STDIO_H 1
| #define HAVE_STDLIB_H 1
| #define HAVE_STRING_H 1
| #define HAVE_INTTYPES_H 1
| #define HAVE_STDINT_H 1
| #define HAVE_STRINGS_H 1
| #define HAVE_SYS_STAT_H 1
| #define HAVE_SYS_TYPES_H 1
| #define HAVE_UNISTD_H 1
| #define HAVE_WCHAR_H 1
| #define HAVE_FEATURES_H 1
| #define HAVE_STDIO_EXT_H 1
| #define HAVE_GETOPT_H 1
| #define HAVE_SYS_CDEFS_H 1
| #define HAVE_SYS_TIME_H 1
| #define HAVE_SYS_SOCKET_H 1
| #define HAVE_THREADS_H 1
| #define HAVE_LIMITS_H 1
| #define HAVE_SYS_MMAN_H 1
| #define HAVE_SYS_PARAM_H 1
| #define HAVE_SYS_WAIT_H 1
| #define HAVE_SYSEXITS_H 1
| #define HAVE_WCTYPE_H 1
| #define STDC_HEADERS 1
| #define _ALL_SOURCE 1
| #define _DARWIN_C_SOURCE 1
| #define _GNU_SOURCE 1
| #define _HPUX_ALT_XOPEN_SOCKET_API 1
| #define _NETBSD_SOURCE 1
| #define _OPENBSD_SOURCE 1
| #define _POSIX_PTHREAD_SEMANTICS 1
| #define __STDC_WANT_IEC_60559_ATTRIBS_EXT__ 1
| #define __STDC_WANT_IEC_60559_BFP_EXT__ 1
| #define __STDC_WANT_IEC_60559_DFP_EXT__ 1
| #define __STDC_WANT_IEC_60559_FUNCS_EXT__ 1
| #define __STDC_WANT_IEC_60559_TYPES_EXT__ 1
| #define __STDC_WANT_LIB_EXT2__ 1
| #define __STDC_WANT_MATH_SPEC_FUNCS__ 1
| #define _TANDEM_SOURCE 1
| #define __EXTENSIONS__ 1
| #define YYTEXT_POINTER 1
| #define MAX_ACCSETS 32
| #define HAVE_ALLOCA_H 1
| #define HAVE_ALLOCA 1
| #define restrict __restrict
| #define HAVE_DECL_CLEARERR_UNLOCKED 1
| #define HAVE_DECL_FEOF_UNLOCKED 1
| #define HAVE_DECL_FERROR_UNLOCKED 1
| #define HAVE_DECL_FFLUSH_UNLOCKED 1
| #define HAVE_DECL_FGETS_UNLOCKED 1
| #define HAVE_DECL_FPUTC_UNLOCKED 1
| #define HAVE_DECL_FPUTS_UNLOCKED 1
| #define HAVE_DECL_FREAD_UNLOCKED 1
| #define HAVE_DECL_FWRITE_UNLOCKED 1
| #define HAVE_DECL_GETC_UNLOCKED 1
| #define HAVE_DECL_GETCHAR_UNLOCKED 1
| #define HAVE_DECL_PUTC_UNLOCKED 1
| #define HAVE_DECL_PUTCHAR_UNLOCKED 1
| #define HAVE_FLOCKFILE 1
| #define HAVE_FUNLOCKFILE 1
| #define HAVE_SYMLINK 1
| #define HAVE_GETTIMEOFDAY 1
| #define HAVE_LSTAT 1
| #define HAVE_MBSINIT 1
| #define HAVE_MBRTOWC 1
| #define HAVE_MPROTECT 1
| #define HAVE_MKSTEMP 1
| #define HAVE_MKSTEMPS 1
| #define HAVE_SECURE_GETENV 1
| #define HAVE_GETUID 1
| #define HAVE_GETEUID 1
| #define HAVE_GETGID 1
| #define HAVE_GETEGID 1
| #define HAVE_SLEEP 1
| #define HAVE_STRNDUP 1
| #define HAVE_SNPRINTF 1
| #define HAVE_ISWCNTRL 1
| #define HAVE_DECL_STRERROR_R 1
| #define HAVE_STRERROR_R 1
| #define STRERROR_R_CHAR_P 1
| #define HAVE_WORKING_O_NOATIME 1
| #define HAVE_WORKING_O_NOFOLLOW 1
| #define HAVE_GETOPT_H 1
| #define HAVE_GETOPT_LONG_ONLY 1
| #define HAVE_PTHREAD_API 1
| #define SETLOCALE_NULL_ALL_MTSAFE 1
| #define SETLOCALE_NULL_ONE_MTSAFE 1
| #define HAVE_WINT_T 1
| #define HAVE_LONG_LONG_INT 1
| #define HAVE_UNSIGNED_LONG_LONG_INT 1
| #define HAVE_LANGINFO_CODESET 1
| #define HAVE_WCHAR_T 1
| #define LSTAT_FOLLOWS_SLASHED_SYMLINK 1
| #define MALLOC_0_IS_NONNULL 1
| #define HAVE_MBSTATE_T 1
| #define HAVE_MAP_ANONYMOUS 1
| #define HAVE_MINMAX_IN_SYS_PARAM_H 1
| #define HAVE__BOOL 1
| #define HAVE_DECL_STRNDUP 1
| #define HAVE_DECL_STRNLEN 1
| #define _USE_STD_STAT 1
| #define HAVE_INTTYPES_H_WITH_UINTMAX 1
| #define HAVE_STDINT_H_WITH_UINTMAX 1
| #define HAVE_INTMAX_T 1
| #define DBL_EXPBIT0_WORD 1
| #define DBL_EXPBIT0_BIT 20
| #define HAVE_SNPRINTF 1
| #define HAVE_STRNLEN 1
| #define HAVE_WCSLEN 1
| #define HAVE_WCSNLEN 1
| #define HAVE_MBRTOWC 1
| #define HAVE_WCRTOMB 1
| #define HAVE_DECL__SNPRINTF 0
| #define HAVE_SNPRINTF_RETVAL_C99 1
| #define HAVE_DECL_VSNPRINTF 1
| #define HAVE_ALLOCA 1
| #define HAVE_DECL_PROGRAM_INVOCATION_NAME 1
| #define HAVE_DECL_PROGRAM_INVOCATION_SHORT_NAME 1
| #define HAVE_PROGRAM_INVOCATION_NAME 1
| #define HAVE_PROGRAM_INVOCATION_SHORT_NAME 1
| #define GNULIB_CLOSE_STREAM 1
| #define HAVE_DECL___FPENDING 1
| #define __GETOPT_PREFIX rpl_
| #define GNULIB_TEST_GETOPT_POSIX 1
| #define HAVE_DECL_PROGRAM_INVOCATION_NAME 1
| #define HAVE_DECL_PROGRAM_INVOCATION_SHORT_NAME 1
| #define HAVE_DECL___ARGV 0
| #define GETTIMEOFDAY_TIMEZONE void
| #define GNULIB_TEST_GETTIMEOFDAY 1
| #define GNULIB_TEST_ISATTY 1
| #define HAVE___INLINE 1
| #define GNULIB_TEST_LSTAT 1
| #define HAVE_MALLOC_GNU 1
| #define GNULIB_MALLOC_GNU 1
| #define HAVE_MALLOC_POSIX 1
| #define GNULIB_TEST_MALLOC_POSIX 1
| #define MBRTOWC_IN_C_LOCALE_MAYBE_EILSEQ 1
| #define GNULIB_TEST_MBRTOWC 1
| #define GNULIB_TEST_MBSINIT 1
| #define GNULIB_TEST_MEMCHR 1
| #define HAVE_MEMPCPY 1
| #define GNULIB_TEST_MEMPCPY 1
| #define GNULIB_TEST_MKSTEMP 1
| #define GNULIB_MKSTEMPS 1
| #define GNULIB_TEST_MKSTEMPS 1
| #define GNULIB_MSVC_NOTHROW 1
| #define HAVE_DECL_PROGRAM_INVOCATION_NAME 1
| #define HAVE_DECL_PROGRAM_INVOCATION_SHORT_NAME 1
| #define HAVE_RAWMEMCHR 1
| #define GNULIB_TEST_RAWMEMCHR 1
| #define GNULIB_TEST_SECURE_GETENV 1
| #define SETLOCALE_NULL_ALL_MTSAFE 1
| #define SETLOCALE_NULL_ONE_MTSAFE 1
| #define GNULIB_TEST_SETLOCALE_NULL 1
| #define HAVE_STDINT_H 1
| #define HAVE_DECL_SLEEP 1
| #define GNULIB_TEST_SLEEP 1
| #define GNULIB_TEST_STAT 1
| #define HAVE_STRUCT_STAT_ST_ATIM_TV_NSEC 1
| #define TYPEOF_STRUCT_STAT_ST_ATIM_IS_STRUCT_TIMESPEC 1
| #define __USE_MINGW_ANSI_STDIO 1
| #define GNULIB_FSCANF 1
| #define GNULIB_SCANF 1
| #define HAVE_STPCPY 1
| #define GNULIB_TEST_STPCPY 1
| #define HAVE_STRCASECMP 1
| #define HAVE_STRNCASECMP 1
| #define HAVE_DECL_STRNCASECMP 1
| #define HAVE_STRCHRNUL 1
| #define GNULIB_TEST_STRCHRNUL 1
| #define GNULIB_STRERROR 1
| #define GNULIB_TEST_STRERROR 1
| #define GNULIB_TEST_STRNDUP 1
| #define GNULIB_TEST_STRNLEN 1
| #define HAVE_STRVERSCMP 1
| #define GNULIB_TEST_STRVERSCMP 1
| #define HAVE_VSNPRINTF 1
| #define GNULIB_TEST_VSNPRINTF 1
| #define HAVE_TOWLOWER 1
| #define HAVE_STDINT_H 1
| #define HAVE_SYS_TIMES_H 1
| #define HAVE_VALGRIND_MEMCHECK_H 1
| #define HAVE_SPAWN_H 1
| #define HAVE_TIMES 1
| #define HAVE_KILL 1
| #define HAVE_ALARM 1
| #define HAVE_SIGACTION 1
| #define HAVE_SCHED_GETCPU 1
| #define HAVE_PTHREAD_SETAFFINITY_NP 1
| #define HAVE_DLFCN_H 1
| #define LT_OBJDIR ".libs/"
| #define LT_MODULE_EXT ".so"
| #define LT_MODULE_PATH_VAR "LD_LIBRARY_PATH"
| #define LT_DLSEARCH_PATH "/lib:/usr/lib:/usr/lib/x86_64-linux-gnu/libfakeroot:/usr/local/lib/i386-linux-gnu:/lib/i386-linux-gnu:/usr/lib/i386-linux-gnu:/usr/local/lib/i686-linux-gnu:/lib/i686-linux-gnu:/usr/lib/i686-linux-gnu:/usr/local/lib:/usr/local/lib/x86_64-linux-gnu:/lib/x86_64-linux-gnu:/usr/lib/x86_64-linux-gnu:/lib32:/usr/lib32"
| #define HAVE_LIBDL 1
| #define HAVE_DLERROR 1
| #define HAVE_LIBDLLOADER 1
| #define HAVE_ARGZ_H 1
| #define HAVE_ERROR_T 1
| #define HAVE_ARGZ_ADD 1
| #define HAVE_ARGZ_APPEND 1
| #define HAVE_ARGZ_COUNT 1
| #define HAVE_ARGZ_CREATE_SEP 1
| #define HAVE_ARGZ_INSERT 1
| #define HAVE_ARGZ_NEXT 1
| #define HAVE_ARGZ_STRINGIFY 1
| #define HAVE_WORKING_ARGZ 1
| #define HAVE_PRELOADED_SYMBOLS 1
| #define HAVE_LTDL 1
| #define HAVE_UNISTD_H 1
| /* end confdefs.h.  */
| #include <stddef.h>
| #ifdef HAVE_STDIO_H
| # include <stdio.h>
| #endif
| #ifdef HAVE_STDLIB_H
| # include <stdlib.h>
| #endif
| #ifdef HAVE_STRING_H
| # include <string.h>
| #endif
| #ifdef HAVE_INTTYPES_H
| # include <inttypes.h>
| #endif
| #ifdef HAVE_STDINT_H
| # include <stdint.h>
| #endif
| #ifdef HAVE_STRINGS_H
| # include <strings.h>
| #endif
| #ifdef HAVE_SYS_TYPES_H
| # include <sys/types.h>
| #endif
| #ifdef HAVE_SYS_STAT_H
| # include <sys/stat.h>
| #endif
| #ifdef HAVE_UNISTD_H
| # include <unistd.h>
| #endif
| 
| #include <dl.h>
configure:35703: result: no
configure:35710: checking for sys/dl.h
configure:35710: g++ -c  -fvisibility=hidden -fvisibility-inlines-hidden -DSPOT_BUILD -std=c++17  conftest.cpp >&5
conftest.cpp:250:10: fatal error: sys/dl.h: No such file or directory
  250 | #include <sys/dl.h>
      |          ^~~~~~~~~~
compilation terminated.
configure:35710: $? = 1
configure: failed program was:
| /* confdefs.h */
| #define PACKAGE_NAME "spot"
| #define PACKAGE_TARNAME "spot"
| #define PACKAGE_VERSION "2.10.4"
| #define PACKAGE_STRING "spot 2.10.4"
| #define PACKAGE_BUGREPORT "spot@lrde.epita.fr"
| #define PACKAGE_URL ""
| #define PACKAGE "spot"
| #define VERSION "2.10.4"
| #define HAVE_STDIO_H 1
| #define HAVE_STDLIB_H 1
| #define HAVE_STRING_H 1
| #define HAVE_INTTYPES_H 1
| #define HAVE_STDINT_H 1
| #define HAVE_STRINGS_H 1
| #define HAVE_SYS_STAT_H 1
| #define HAVE_SYS_TYPES_H 1
| #define HAVE_UNISTD_H 1
| #define HAVE_WCHAR_H 1
| #define HAVE_FEATURES_H 1
| #define HAVE_STDIO_EXT_H 1
| #define HAVE_GETOPT_H 1
| #define HAVE_SYS_CDEFS_H 1
| #define HAVE_SYS_TIME_H 1
| #define HAVE_SYS_SOCKET_H 1
| #define HAVE_THREADS_H 1
| #define HAVE_LIMITS_H 1
| #define HAVE_SYS_MMAN_H 1
| #define HAVE_SYS_PARAM_H 1
| #define HAVE_SYS_WAIT_H 1
| #define HAVE_SYSEXITS_H 1
| #define HAVE_WCTYPE_H 1
| #define STDC_HEADERS 1
| #define _ALL_SOURCE 1
| #define _DARWIN_C_SOURCE 1
| #define _GNU_SOURCE 1
| #define _HPUX_ALT_XOPEN_SOCKET_API 1
| #define _NETBSD_SOURCE 1
| #define _OPENBSD_SOURCE 1
| #define _POSIX_PTHREAD_SEMANTICS 1
| #define __STDC_WANT_IEC_60559_ATTRIBS_EXT__ 1
| #define __STDC_WANT_IEC_60559_BFP_EXT__ 1
| #define __STDC_WANT_IEC_60559_DFP_EXT__ 1
| #define __STDC_WANT_IEC_60559_FUNCS_EXT__ 1
| #define __STDC_WANT_IEC_60559_TYPES_EXT__ 1
| #define __STDC_WANT_LIB_EXT2__ 1
| #define __STDC_WANT_MATH_SPEC_FUNCS__ 1
| #define _TANDEM_SOURCE 1
| #define __EXTENSIONS__ 1
| #define YYTEXT_POINTER 1
| #define MAX_ACCSETS 32
| #define HAVE_ALLOCA_H 1
| #define HAVE_ALLOCA 1
| #define restrict __restrict
| #define HAVE_DECL_CLEARERR_UNLOCKED 1
| #define HAVE_DECL_FEOF_UNLOCKED 1
| #define HAVE_DECL_FERROR_UNLOCKED 1
| #define HAVE_DECL_FFLUSH_UNLOCKED 1
| #define HAVE_DECL_FGETS_UNLOCKED 1
| #define HAVE_DECL_FPUTC_UNLOCKED 1
| #define HAVE_DECL_FPUTS_UNLOCKED 1
| #define HAVE_DECL_FREAD_UNLOCKED 1
| #define HAVE_DECL_FWRITE_UNLOCKED 1
| #define HAVE_DECL_GETC_UNLOCKED 1
| #define HAVE_DECL_GETCHAR_UNLOCKED 1
| #define HAVE_DECL_PUTC_UNLOCKED 1
| #define HAVE_DECL_PUTCHAR_UNLOCKED 1
| #define HAVE_FLOCKFILE 1
| #define HAVE_FUNLOCKFILE 1
| #define HAVE_SYMLINK 1
| #define HAVE_GETTIMEOFDAY 1
| #define HAVE_LSTAT 1
| #define HAVE_MBSINIT 1
| #define HAVE_MBRTOWC 1
| #define HAVE_MPROTECT 1
| #define HAVE_MKSTEMP 1
| #define HAVE_MKSTEMPS 1
| #define HAVE_SECURE_GETENV 1
| #define HAVE_GETUID 1
| #define HAVE_GETEUID 1
| #define HAVE_GETGID 1
| #define HAVE_GETEGID 1
| #define HAVE_SLEEP 1
| #define HAVE_STRNDUP 1
| #define HAVE_SNPRINTF 1
| #define HAVE_ISWCNTRL 1
| #define HAVE_DECL_STRERROR_R 1
| #define HAVE_STRERROR_R 1
| #define STRERROR_R_CHAR_P 1
| #define HAVE_WORKING_O_NOATIME 1
| #define HAVE_WORKING_O_NOFOLLOW 1
| #define HAVE_GETOPT_H 1
| #define HAVE_GETOPT_LONG_ONLY 1
| #define HAVE_PTHREAD_API 1
| #define SETLOCALE_NULL_ALL_MTSAFE 1
| #define SETLOCALE_NULL_ONE_MTSAFE 1
| #define HAVE_WINT_T 1
| #define HAVE_LONG_LONG_INT 1
| #define HAVE_UNSIGNED_LONG_LONG_INT 1
| #define HAVE_LANGINFO_CODESET 1
| #define HAVE_WCHAR_T 1
| #define LSTAT_FOLLOWS_SLASHED_SYMLINK 1
| #define MALLOC_0_IS_NONNULL 1
| #define HAVE_MBSTATE_T 1
| #define HAVE_MAP_ANONYMOUS 1
| #define HAVE_MINMAX_IN_SYS_PARAM_H 1
| #define HAVE__BOOL 1
| #define HAVE_DECL_STRNDUP 1
| #define HAVE_DECL_STRNLEN 1
| #define _USE_STD_STAT 1
| #define HAVE_INTTYPES_H_WITH_UINTMAX 1
| #define HAVE_STDINT_H_WITH_UINTMAX 1
| #define HAVE_INTMAX_T 1
| #define DBL_EXPBIT0_WORD 1
| #define DBL_EXPBIT0_BIT 20
| #define HAVE_SNPRINTF 1
| #define HAVE_STRNLEN 1
| #define HAVE_WCSLEN 1
| #define HAVE_WCSNLEN 1
| #define HAVE_MBRTOWC 1
| #define HAVE_WCRTOMB 1
| #define HAVE_DECL__SNPRINTF 0
| #define HAVE_SNPRINTF_RETVAL_C99 1
| #define HAVE_DECL_VSNPRINTF 1
| #define HAVE_ALLOCA 1
| #define HAVE_DECL_PROGRAM_INVOCATION_NAME 1
| #define HAVE_DECL_PROGRAM_INVOCATION_SHORT_NAME 1
| #define HAVE_PROGRAM_INVOCATION_NAME 1
| #define HAVE_PROGRAM_INVOCATION_SHORT_NAME 1
| #define GNULIB_CLOSE_STREAM 1
| #define HAVE_DECL___FPENDING 1
| #define __GETOPT_PREFIX rpl_
| #define GNULIB_TEST_GETOPT_POSIX 1
| #define HAVE_DECL_PROGRAM_INVOCATION_NAME 1
| #define HAVE_DECL_PROGRAM_INVOCATION_SHORT_NAME 1
| #define HAVE_DECL___ARGV 0
| #define GETTIMEOFDAY_TIMEZONE void
| #define GNULIB_TEST_GETTIMEOFDAY 1
| #define GNULIB_TEST_ISATTY 1
| #define HAVE___INLINE 1
| #define GNULIB_TEST_LSTAT 1
| #define HAVE_MALLOC_GNU 1
| #define GNULIB_MALLOC_GNU 1
| #define HAVE_MALLOC_POSIX 1
| #define GNULIB_TEST_MALLOC_POSIX 1
| #define MBRTOWC_IN_C_LOCALE_MAYBE_EILSEQ 1
| #define GNULIB_TEST_MBRTOWC 1
| #define GNULIB_TEST_MBSINIT 1
| #define GNULIB_TEST_MEMCHR 1
| #define HAVE_MEMPCPY 1
| #define GNULIB_TEST_MEMPCPY 1
| #define GNULIB_TEST_MKSTEMP 1
| #define GNULIB_MKSTEMPS 1
| #define GNULIB_TEST_MKSTEMPS 1
| #define GNULIB_MSVC_NOTHROW 1
| #define HAVE_DECL_PROGRAM_INVOCATION_NAME 1
| #define HAVE_DECL_PROGRAM_INVOCATION_SHORT_NAME 1
| #define HAVE_RAWMEMCHR 1
| #define GNULIB_TEST_RAWMEMCHR 1
| #define GNULIB_TEST_SECURE_GETENV 1
| #define SETLOCALE_NULL_ALL_MTSAFE 1
| #define SETLOCALE_NULL_ONE_MTSAFE 1
| #define GNULIB_TEST_SETLOCALE_NULL 1
| #define HAVE_STDINT_H 1
| #define HAVE_DECL_SLEEP 1
| #define GNULIB_TEST_SLEEP 1
| #define GNULIB_TEST_STAT 1
| #define HAVE_STRUCT_STAT_ST_ATIM_TV_NSEC 1
| #define TYPEOF_STRUCT_STAT_ST_ATIM_IS_STRUCT_TIMESPEC 1
| #define __USE_MINGW_ANSI_STDIO 1
| #define GNULIB_FSCANF 1
| #define GNULIB_SCANF 1
| #define HAVE_STPCPY 1
| #define GNULIB_TEST_STPCPY 1
| #define HAVE_STRCASECMP 1
| #define HAVE_STRNCASECMP 1
| #define HAVE_DECL_STRNCASECMP 1
| #define HAVE_STRCHRNUL 1
| #define GNULIB_TEST_STRCHRNUL 1
| #define GNULIB_STRERROR 1
| #define GNULIB_TEST_STRERROR 1
| #define GNULIB_TEST_STRNDUP 1
| #define GNULIB_TEST_STRNLEN 1
| #define HAVE_STRVERSCMP 1
| #define GNULIB_TEST_STRVERSCMP 1
| #define HAVE_VSNPRINTF 1
| #define GNULIB_TEST_VSNPRINTF 1
| #define HAVE_TOWLOWER 1
| #define HAVE_STDINT_H 1
| #define HAVE_SYS_TIMES_H 1
| #define HAVE_VALGRIND_MEMCHECK_H 1
| #define HAVE_SPAWN_H 1
| #define HAVE_TIMES 1
| #define HAVE_KILL 1
| #define HAVE_ALARM 1
| #define HAVE_SIGACTION 1
| #define HAVE_SCHED_GETCPU 1
| #define HAVE_PTHREAD_SETAFFINITY_NP 1
| #define HAVE_DLFCN_H 1
| #define LT_OBJDIR ".libs/"
| #define LT_MODULE_EXT ".so"
| #define LT_MODULE_PATH_VAR "LD_LIBRARY_PATH"
| #define LT_DLSEARCH_PATH "/lib:/usr/lib:/usr/lib/x86_64-linux-gnu/libfakeroot:/usr/local/lib/i386-linux-gnu:/lib/i386-linux-gnu:/usr/lib/i386-linux-gnu:/usr/local/lib/i686-linux-gnu:/lib/i686-linux-gnu:/usr/lib/i686-linux-gnu:/usr/local/lib:/usr/local/lib/x86_64-linux-gnu:/lib/x86_64-linux-gnu:/usr/lib/x86_64-linux-gnu:/lib32:/usr/lib32"
| #define HAVE_LIBDL 1
| #define HAVE_DLERROR 1
| #define HAVE_LIBDLLOADER 1
| #define HAVE_ARGZ_H 1
| #define HAVE_ERROR_T 1
| #define HAVE_ARGZ_ADD 1
| #define HAVE_ARGZ_APPEND 1
| #define HAVE_ARGZ_COUNT 1
| #define HAVE_ARGZ_CREATE_SEP 1
| #define HAVE_ARGZ_INSERT 1
| #define HAVE_ARGZ_NEXT 1
| #define HAVE_ARGZ_STRINGIFY 1
| #define HAVE_WORKING_ARGZ 1
| #define HAVE_PRELOADED_SYMBOLS 1
| #define HAVE_LTDL 1
| #define HAVE_UNISTD_H 1
| /* end confdefs.h.  */
| #include <stddef.h>
| #ifdef HAVE_STDIO_H
| # include <stdio.h>
| #endif
| #ifdef HAVE_STDLIB_H
| # include <stdlib.h>
| #endif
| #ifdef HAVE_STRING_H
| # include <string.h>
| #endif
| #ifdef HAVE_INTTYPES_H
| # include <inttypes.h>
| #endif
| #ifdef HAVE_STDINT_H
| # include <stdint.h>
| #endif
| #ifdef HAVE_STRINGS_H
| # include <strings.h>
| #endif
| #ifdef HAVE_SYS_TYPES_H
| # include <sys/types.h>
| #endif
| #ifdef HAVE_SYS_STAT_H
| # include <sys/stat.h>
| #endif
| #ifdef HAVE_UNISTD_H
| # include <unistd.h>
| #endif
| 
| #include <sys/dl.h>
configure:35710: result: no
configure:35717: checking for dld.h
configure:35717: g++ -c  -fvisibility=hidden -fvisibility-inlines-hidden -DSPOT_BUILD -std=c++17  conftest.cpp >&5
conftest.cpp:250:10: fatal error: dld.h: No such file or directory
  250 | #include <dld.h>
      |          ^~~~~~~
compilation terminated.
configure:35717: $? = 1
configure: failed program was:
| /* confdefs.h */
| #define PACKAGE_NAME "spot"
| #define PACKAGE_TARNAME "spot"
| #define PACKAGE_VERSION "2.10.4"
| #define PACKAGE_STRING "spot 2.10.4"
| #define PACKAGE_BUGREPORT "spot@lrde.epita.fr"
| #define PACKAGE_URL ""
| #define PACKAGE "spot"
| #define VERSION "2.10.4"
| #define HAVE_STDIO_H 1
| #define HAVE_STDLIB_H 1
| #define HAVE_STRING_H 1
| #define HAVE_INTTYPES_H 1
| #define HAVE_STDINT_H 1
| #define HAVE_STRINGS_H 1
| #define HAVE_SYS_STAT_H 1
| #define HAVE_SYS_TYPES_H 1
| #define HAVE_UNISTD_H 1
| #define HAVE_WCHAR_H 1
| #define HAVE_FEATURES_H 1
| #define HAVE_STDIO_EXT_H 1
| #define HAVE_GETOPT_H 1
| #define HAVE_SYS_CDEFS_H 1
| #define HAVE_SYS_TIME_H 1
| #define HAVE_SYS_SOCKET_H 1
| #define HAVE_THREADS_H 1
| #define HAVE_LIMITS_H 1
| #define HAVE_SYS_MMAN_H 1
| #define HAVE_SYS_PARAM_H 1
| #define HAVE_SYS_WAIT_H 1
| #define HAVE_SYSEXITS_H 1
| #define HAVE_WCTYPE_H 1
| #define STDC_HEADERS 1
| #define _ALL_SOURCE 1
| #define _DARWIN_C_SOURCE 1
| #define _GNU_SOURCE 1
| #define _HPUX_ALT_XOPEN_SOCKET_API 1
| #define _NETBSD_SOURCE 1
| #define _OPENBSD_SOURCE 1
| #define _POSIX_PTHREAD_SEMANTICS 1
| #define __STDC_WANT_IEC_60559_ATTRIBS_EXT__ 1
| #define __STDC_WANT_IEC_60559_BFP_EXT__ 1
| #define __STDC_WANT_IEC_60559_DFP_EXT__ 1
| #define __STDC_WANT_IEC_60559_FUNCS_EXT__ 1
| #define __STDC_WANT_IEC_60559_TYPES_EXT__ 1
| #define __STDC_WANT_LIB_EXT2__ 1
| #define __STDC_WANT_MATH_SPEC_FUNCS__ 1
| #define _TANDEM_SOURCE 1
| #define __EXTENSIONS__ 1
| #define YYTEXT_POINTER 1
| #define MAX_ACCSETS 32
| #define HAVE_ALLOCA_H 1
| #define HAVE_ALLOCA 1
| #define restrict __restrict
| #define HAVE_DECL_CLEARERR_UNLOCKED 1
| #define HAVE_DECL_FEOF_UNLOCKED 1
| #define HAVE_DECL_FERROR_UNLOCKED 1
| #define HAVE_DECL_FFLUSH_UNLOCKED 1
| #define HAVE_DECL_FGETS_UNLOCKED 1
| #define HAVE_DECL_FPUTC_UNLOCKED 1
| #define HAVE_DECL_FPUTS_UNLOCKED 1
| #define HAVE_DECL_FREAD_UNLOCKED 1
| #define HAVE_DECL_FWRITE_UNLOCKED 1
| #define HAVE_DECL_GETC_UNLOCKED 1
| #define HAVE_DECL_GETCHAR_UNLOCKED 1
| #define HAVE_DECL_PUTC_UNLOCKED 1
| #define HAVE_DECL_PUTCHAR_UNLOCKED 1
| #define HAVE_FLOCKFILE 1
| #define HAVE_FUNLOCKFILE 1
| #define HAVE_SYMLINK 1
| #define HAVE_GETTIMEOFDAY 1
| #define HAVE_LSTAT 1
| #define HAVE_MBSINIT 1
| #define HAVE_MBRTOWC 1
| #define HAVE_MPROTECT 1
| #define HAVE_MKSTEMP 1
| #define HAVE_MKSTEMPS 1
| #define HAVE_SECURE_GETENV 1
| #define HAVE_GETUID 1
| #define HAVE_GETEUID 1
| #define HAVE_GETGID 1
| #define HAVE_GETEGID 1
| #define HAVE_SLEEP 1
| #define HAVE_STRNDUP 1
| #define HAVE_SNPRINTF 1
| #define HAVE_ISWCNTRL 1
| #define HAVE_DECL_STRERROR_R 1
| #define HAVE_STRERROR_R 1
| #define STRERROR_R_CHAR_P 1
| #define HAVE_WORKING_O_NOATIME 1
| #define HAVE_WORKING_O_NOFOLLOW 1
| #define HAVE_GETOPT_H 1
| #define HAVE_GETOPT_LONG_ONLY 1
| #define HAVE_PTHREAD_API 1
| #define SETLOCALE_NULL_ALL_MTSAFE 1
| #define SETLOCALE_NULL_ONE_MTSAFE 1
| #define HAVE_WINT_T 1
| #define HAVE_LONG_LONG_INT 1
| #define HAVE_UNSIGNED_LONG_LONG_INT 1
| #define HAVE_LANGINFO_CODESET 1
| #define HAVE_WCHAR_T 1
| #define LSTAT_FOLLOWS_SLASHED_SYMLINK 1
| #define MALLOC_0_IS_NONNULL 1
| #define HAVE_MBSTATE_T 1
| #define HAVE_MAP_ANONYMOUS 1
| #define HAVE_MINMAX_IN_SYS_PARAM_H 1
| #define HAVE__BOOL 1
| #define HAVE_DECL_STRNDUP 1
| #define HAVE_DECL_STRNLEN 1
| #define _USE_STD_STAT 1
| #define HAVE_INTTYPES_H_WITH_UINTMAX 1
| #define HAVE_STDINT_H_WITH_UINTMAX 1
| #define HAVE_INTMAX_T 1
| #define DBL_EXPBIT0_WORD 1
| #define DBL_EXPBIT0_BIT 20
| #define HAVE_SNPRINTF 1
| #define HAVE_STRNLEN 1
| #define HAVE_WCSLEN 1
| #define HAVE_WCSNLEN 1
| #define HAVE_MBRTOWC 1
| #define HAVE_WCRTOMB 1
| #define HAVE_DECL__SNPRINTF 0
| #define HAVE_SNPRINTF_RETVAL_C99 1
| #define HAVE_DECL_VSNPRINTF 1
| #define HAVE_ALLOCA 1
| #define HAVE_DECL_PROGRAM_INVOCATION_NAME 1
| #define HAVE_DECL_PROGRAM_INVOCATION_SHORT_NAME 1
| #define HAVE_PROGRAM_INVOCATION_NAME 1
| #define HAVE_PROGRAM_INVOCATION_SHORT_NAME 1
| #define GNULIB_CLOSE_STREAM 1
| #define HAVE_DECL___FPENDING 1
| #define __GETOPT_PREFIX rpl_
| #define GNULIB_TEST_GETOPT_POSIX 1
| #define HAVE_DECL_PROGRAM_INVOCATION_NAME 1
| #define HAVE_DECL_PROGRAM_INVOCATION_SHORT_NAME 1
| #define HAVE_DECL___ARGV 0
| #define GETTIMEOFDAY_TIMEZONE void
| #define GNULIB_TEST_GETTIMEOFDAY 1
| #define GNULIB_TEST_ISATTY 1
| #define HAVE___INLINE 1
| #define GNULIB_TEST_LSTAT 1
| #define HAVE_MALLOC_GNU 1
| #define GNULIB_MALLOC_GNU 1
| #define HAVE_MALLOC_POSIX 1
| #define GNULIB_TEST_MALLOC_POSIX 1
| #define MBRTOWC_IN_C_LOCALE_MAYBE_EILSEQ 1
| #define GNULIB_TEST_MBRTOWC 1
| #define GNULIB_TEST_MBSINIT 1
| #define GNULIB_TEST_MEMCHR 1
| #define HAVE_MEMPCPY 1
| #define GNULIB_TEST_MEMPCPY 1
| #define GNULIB_TEST_MKSTEMP 1
| #define GNULIB_MKSTEMPS 1
| #define GNULIB_TEST_MKSTEMPS 1
| #define GNULIB_MSVC_NOTHROW 1
| #define HAVE_DECL_PROGRAM_INVOCATION_NAME 1
| #define HAVE_DECL_PROGRAM_INVOCATION_SHORT_NAME 1
| #define HAVE_RAWMEMCHR 1
| #define GNULIB_TEST_RAWMEMCHR 1
| #define GNULIB_TEST_SECURE_GETENV 1
| #define SETLOCALE_NULL_ALL_MTSAFE 1
| #define SETLOCALE_NULL_ONE_MTSAFE 1
| #define GNULIB_TEST_SETLOCALE_NULL 1
| #define HAVE_STDINT_H 1
| #define HAVE_DECL_SLEEP 1
| #define GNULIB_TEST_SLEEP 1
| #define GNULIB_TEST_STAT 1
| #define HAVE_STRUCT_STAT_ST_ATIM_TV_NSEC 1
| #define TYPEOF_STRUCT_STAT_ST_ATIM_IS_STRUCT_TIMESPEC 1
| #define __USE_MINGW_ANSI_STDIO 1
| #define GNULIB_FSCANF 1
| #define GNULIB_SCANF 1
| #define HAVE_STPCPY 1
| #define GNULIB_TEST_STPCPY 1
| #define HAVE_STRCASECMP 1
| #define HAVE_STRNCASECMP 1
| #define HAVE_DECL_STRNCASECMP 1
| #define HAVE_STRCHRNUL 1
| #define GNULIB_TEST_STRCHRNUL 1
| #define GNULIB_STRERROR 1
| #define GNULIB_TEST_STRERROR 1
| #define GNULIB_TEST_STRNDUP 1
| #define GNULIB_TEST_STRNLEN 1
| #define HAVE_STRVERSCMP 1
| #define GNULIB_TEST_STRVERSCMP 1
| #define HAVE_VSNPRINTF 1
| #define GNULIB_TEST_VSNPRINTF 1
| #define HAVE_TOWLOWER 1
| #define HAVE_STDINT_H 1
| #define HAVE_SYS_TIMES_H 1
| #define HAVE_VALGRIND_MEMCHECK_H 1
| #define HAVE_SPAWN_H 1
| #define HAVE_TIMES 1
| #define HAVE_KILL 1
| #define HAVE_ALARM 1
| #define HAVE_SIGACTION 1
| #define HAVE_SCHED_GETCPU 1
| #define HAVE_PTHREAD_SETAFFINITY_NP 1
| #define HAVE_DLFCN_H 1
| #define LT_OBJDIR ".libs/"
| #define LT_MODULE_EXT ".so"
| #define LT_MODULE_PATH_VAR "LD_LIBRARY_PATH"
| #define LT_DLSEARCH_PATH "/lib:/usr/lib:/usr/lib/x86_64-linux-gnu/libfakeroot:/usr/local/lib/i386-linux-gnu:/lib/i386-linux-gnu:/usr/lib/i386-linux-gnu:/usr/local/lib/i686-linux-gnu:/lib/i686-linux-gnu:/usr/lib/i686-linux-gnu:/usr/local/lib:/usr/local/lib/x86_64-linux-gnu:/lib/x86_64-linux-gnu:/usr/lib/x86_64-linux-gnu:/lib32:/usr/lib32"
| #define HAVE_LIBDL 1
| #define HAVE_DLERROR 1
| #define HAVE_LIBDLLOADER 1
| #define HAVE_ARGZ_H 1
| #define HAVE_ERROR_T 1
| #define HAVE_ARGZ_ADD 1
| #define HAVE_ARGZ_APPEND 1
| #define HAVE_ARGZ_COUNT 1
| #define HAVE_ARGZ_CREATE_SEP 1
| #define HAVE_ARGZ_INSERT 1
| #define HAVE_ARGZ_NEXT 1
| #define HAVE_ARGZ_STRINGIFY 1
| #define HAVE_WORKING_ARGZ 1
| #define HAVE_PRELOADED_SYMBOLS 1
| #define HAVE_LTDL 1
| #define HAVE_UNISTD_H 1
| /* end confdefs.h.  */
| #include <stddef.h>
| #ifdef HAVE_STDIO_H
| # include <stdio.h>
| #endif
| #ifdef HAVE_STDLIB_H
| # include <stdlib.h>
| #endif
| #ifdef HAVE_STRING_H
| # include <string.h>
| #endif
| #ifdef HAVE_INTTYPES_H
| # include <inttypes.h>
| #endif
| #ifdef HAVE_STDINT_H
| # include <stdint.h>
| #endif
| #ifdef HAVE_STRINGS_H
| # include <strings.h>
| #endif
| #ifdef HAVE_SYS_TYPES_H
| # include <sys/types.h>
| #endif
| #ifdef HAVE_SYS_STAT_H
| # include <sys/stat.h>
| #endif
| #ifdef HAVE_UNISTD_H
| # include <unistd.h>
| #endif
| 
| #include <dld.h>
configure:35717: result: no
configure:35724: checking for mach-o/dyld.h
configure:35724: g++ -c  -fvisibility=hidden -fvisibility-inlines-hidden -DSPOT_BUILD -std=c++17  conftest.cpp >&5
conftest.cpp:250:10: fatal error: mach-o/dyld.h: No such file or directory
  250 | #include <mach-o/dyld.h>
      |          ^~~~~~~~~~~~~~~
compilation terminated.
configure:35724: $? = 1
configure: failed program was:
| /* confdefs.h */
| #define PACKAGE_NAME "spot"
| #define PACKAGE_TARNAME "spot"
| #define PACKAGE_VERSION "2.10.4"
| #define PACKAGE_STRING "spot 2.10.4"
| #define PACKAGE_BUGREPORT "spot@lrde.epita.fr"
| #define PACKAGE_URL ""
| #define PACKAGE "spot"
| #define VERSION "2.10.4"
| #define HAVE_STDIO_H 1
| #define HAVE_STDLIB_H 1
| #define HAVE_STRING_H 1
| #define HAVE_INTTYPES_H 1
| #define HAVE_STDINT_H 1
| #define HAVE_STRINGS_H 1
| #define HAVE_SYS_STAT_H 1
| #define HAVE_SYS_TYPES_H 1
| #define HAVE_UNISTD_H 1
| #define HAVE_WCHAR_H 1
| #define HAVE_FEATURES_H 1
| #define HAVE_STDIO_EXT_H 1
| #define HAVE_GETOPT_H 1
| #define HAVE_SYS_CDEFS_H 1
| #define HAVE_SYS_TIME_H 1
| #define HAVE_SYS_SOCKET_H 1
| #define HAVE_THREADS_H 1
| #define HAVE_LIMITS_H 1
| #define HAVE_SYS_MMAN_H 1
| #define HAVE_SYS_PARAM_H 1
| #define HAVE_SYS_WAIT_H 1
| #define HAVE_SYSEXITS_H 1
| #define HAVE_WCTYPE_H 1
| #define STDC_HEADERS 1
| #define _ALL_SOURCE 1
| #define _DARWIN_C_SOURCE 1
| #define _GNU_SOURCE 1
| #define _HPUX_ALT_XOPEN_SOCKET_API 1
| #define _NETBSD_SOURCE 1
| #define _OPENBSD_SOURCE 1
| #define _POSIX_PTHREAD_SEMANTICS 1
| #define __STDC_WANT_IEC_60559_ATTRIBS_EXT__ 1
| #define __STDC_WANT_IEC_60559_BFP_EXT__ 1
| #define __STDC_WANT_IEC_60559_DFP_EXT__ 1
| #define __STDC_WANT_IEC_60559_FUNCS_EXT__ 1
| #define __STDC_WANT_IEC_60559_TYPES_EXT__ 1
| #define __STDC_WANT_LIB_EXT2__ 1
| #define __STDC_WANT_MATH_SPEC_FUNCS__ 1
| #define _TANDEM_SOURCE 1
| #define __EXTENSIONS__ 1
| #define YYTEXT_POINTER 1
| #define MAX_ACCSETS 32
| #define HAVE_ALLOCA_H 1
| #define HAVE_ALLOCA 1
| #define restrict __restrict
| #define HAVE_DECL_CLEARERR_UNLOCKED 1
| #define HAVE_DECL_FEOF_UNLOCKED 1
| #define HAVE_DECL_FERROR_UNLOCKED 1
| #define HAVE_DECL_FFLUSH_UNLOCKED 1
| #define HAVE_DECL_FGETS_UNLOCKED 1
| #define HAVE_DECL_FPUTC_UNLOCKED 1
| #define HAVE_DECL_FPUTS_UNLOCKED 1
| #define HAVE_DECL_FREAD_UNLOCKED 1
| #define HAVE_DECL_FWRITE_UNLOCKED 1
| #define HAVE_DECL_GETC_UNLOCKED 1
| #define HAVE_DECL_GETCHAR_UNLOCKED 1
| #define HAVE_DECL_PUTC_UNLOCKED 1
| #define HAVE_DECL_PUTCHAR_UNLOCKED 1
| #define HAVE_FLOCKFILE 1
| #define HAVE_FUNLOCKFILE 1
| #define HAVE_SYMLINK 1
| #define HAVE_GETTIMEOFDAY 1
| #define HAVE_LSTAT 1
| #define HAVE_MBSINIT 1
| #define HAVE_MBRTOWC 1
| #define HAVE_MPROTECT 1
| #define HAVE_MKSTEMP 1
| #define HAVE_MKSTEMPS 1
| #define HAVE_SECURE_GETENV 1
| #define HAVE_GETUID 1
| #define HAVE_GETEUID 1
| #define HAVE_GETGID 1
| #define HAVE_GETEGID 1
| #define HAVE_SLEEP 1
| #define HAVE_STRNDUP 1
| #define HAVE_SNPRINTF 1
| #define HAVE_ISWCNTRL 1
| #define HAVE_DECL_STRERROR_R 1
| #define HAVE_STRERROR_R 1
| #define STRERROR_R_CHAR_P 1
| #define HAVE_WORKING_O_NOATIME 1
| #define HAVE_WORKING_O_NOFOLLOW 1
| #define HAVE_GETOPT_H 1
| #define HAVE_GETOPT_LONG_ONLY 1
| #define HAVE_PTHREAD_API 1
| #define SETLOCALE_NULL_ALL_MTSAFE 1
| #define SETLOCALE_NULL_ONE_MTSAFE 1
| #define HAVE_WINT_T 1
| #define HAVE_LONG_LONG_INT 1
| #define HAVE_UNSIGNED_LONG_LONG_INT 1
| #define HAVE_LANGINFO_CODESET 1
| #define HAVE_WCHAR_T 1
| #define LSTAT_FOLLOWS_SLASHED_SYMLINK 1
| #define MALLOC_0_IS_NONNULL 1
| #define HAVE_MBSTATE_T 1
| #define HAVE_MAP_ANONYMOUS 1
| #define HAVE_MINMAX_IN_SYS_PARAM_H 1
| #define HAVE__BOOL 1
| #define HAVE_DECL_STRNDUP 1
| #define HAVE_DECL_STRNLEN 1
| #define _USE_STD_STAT 1
| #define HAVE_INTTYPES_H_WITH_UINTMAX 1
| #define HAVE_STDINT_H_WITH_UINTMAX 1
| #define HAVE_INTMAX_T 1
| #define DBL_EXPBIT0_WORD 1
| #define DBL_EXPBIT0_BIT 20
| #define HAVE_SNPRINTF 1
| #define HAVE_STRNLEN 1
| #define HAVE_WCSLEN 1
| #define HAVE_WCSNLEN 1
| #define HAVE_MBRTOWC 1
| #define HAVE_WCRTOMB 1
| #define HAVE_DECL__SNPRINTF 0
| #define HAVE_SNPRINTF_RETVAL_C99 1
| #define HAVE_DECL_VSNPRINTF 1
| #define HAVE_ALLOCA 1
| #define HAVE_DECL_PROGRAM_INVOCATION_NAME 1
| #define HAVE_DECL_PROGRAM_INVOCATION_SHORT_NAME 1
| #define HAVE_PROGRAM_INVOCATION_NAME 1
| #define HAVE_PROGRAM_INVOCATION_SHORT_NAME 1
| #define GNULIB_CLOSE_STREAM 1
| #define HAVE_DECL___FPENDING 1
| #define __GETOPT_PREFIX rpl_
| #define GNULIB_TEST_GETOPT_POSIX 1
| #define HAVE_DECL_PROGRAM_INVOCATION_NAME 1
| #define HAVE_DECL_PROGRAM_INVOCATION_SHORT_NAME 1
| #define HAVE_DECL___ARGV 0
| #define GETTIMEOFDAY_TIMEZONE void
| #define GNULIB_TEST_GETTIMEOFDAY 1
| #define GNULIB_TEST_ISATTY 1
| #define HAVE___INLINE 1
| #define GNULIB_TEST_LSTAT 1
| #define HAVE_MALLOC_GNU 1
| #define GNULIB_MALLOC_GNU 1
| #define HAVE_MALLOC_POSIX 1
| #define GNULIB_TEST_MALLOC_POSIX 1
| #define MBRTOWC_IN_C_LOCALE_MAYBE_EILSEQ 1
| #define GNULIB_TEST_MBRTOWC 1
| #define GNULIB_TEST_MBSINIT 1
| #define GNULIB_TEST_MEMCHR 1
| #define HAVE_MEMPCPY 1
| #define GNULIB_TEST_MEMPCPY 1
| #define GNULIB_TEST_MKSTEMP 1
| #define GNULIB_MKSTEMPS 1
| #define GNULIB_TEST_MKSTEMPS 1
| #define GNULIB_MSVC_NOTHROW 1
| #define HAVE_DECL_PROGRAM_INVOCATION_NAME 1
| #define HAVE_DECL_PROGRAM_INVOCATION_SHORT_NAME 1
| #define HAVE_RAWMEMCHR 1
| #define GNULIB_TEST_RAWMEMCHR 1
| #define GNULIB_TEST_SECURE_GETENV 1
| #define SETLOCALE_NULL_ALL_MTSAFE 1
| #define SETLOCALE_NULL_ONE_MTSAFE 1
| #define GNULIB_TEST_SETLOCALE_NULL 1
| #define HAVE_STDINT_H 1
| #define HAVE_DECL_SLEEP 1
| #define GNULIB_TEST_SLEEP 1
| #define GNULIB_TEST_STAT 1
| #define HAVE_STRUCT_STAT_ST_ATIM_TV_NSEC 1
| #define TYPEOF_STRUCT_STAT_ST_ATIM_IS_STRUCT_TIMESPEC 1
| #define __USE_MINGW_ANSI_STDIO 1
| #define GNULIB_FSCANF 1
| #define GNULIB_SCANF 1
| #define HAVE_STPCPY 1
| #define GNULIB_TEST_STPCPY 1
| #define HAVE_STRCASECMP 1
| #define HAVE_STRNCASECMP 1
| #define HAVE_DECL_STRNCASECMP 1
| #define HAVE_STRCHRNUL 1
| #define GNULIB_TEST_STRCHRNUL 1
| #define GNULIB_STRERROR 1
| #define GNULIB_TEST_STRERROR 1
| #define GNULIB_TEST_STRNDUP 1
| #define GNULIB_TEST_STRNLEN 1
| #define HAVE_STRVERSCMP 1
| #define GNULIB_TEST_STRVERSCMP 1
| #define HAVE_VSNPRINTF 1
| #define GNULIB_TEST_VSNPRINTF 1
| #define HAVE_TOWLOWER 1
| #define HAVE_STDINT_H 1
| #define HAVE_SYS_TIMES_H 1
| #define HAVE_VALGRIND_MEMCHECK_H 1
| #define HAVE_SPAWN_H 1
| #define HAVE_TIMES 1
| #define HAVE_KILL 1
| #define HAVE_ALARM 1
| #define HAVE_SIGACTION 1
| #define HAVE_SCHED_GETCPU 1
| #define HAVE_PTHREAD_SETAFFINITY_NP 1
| #define HAVE_DLFCN_H 1
| #define LT_OBJDIR ".libs/"
| #define LT_MODULE_EXT ".so"
| #define LT_MODULE_PATH_VAR "LD_LIBRARY_PATH"
| #define LT_DLSEARCH_PATH "/lib:/usr/lib:/usr/lib/x86_64-linux-gnu/libfakeroot:/usr/local/lib/i386-linux-gnu:/lib/i386-linux-gnu:/usr/lib/i386-linux-gnu:/usr/local/lib/i686-linux-gnu:/lib/i686-linux-gnu:/usr/lib/i686-linux-gnu:/usr/local/lib:/usr/local/lib/x86_64-linux-gnu:/lib/x86_64-linux-gnu:/usr/lib/x86_64-linux-gnu:/lib32:/usr/lib32"
| #define HAVE_LIBDL 1
| #define HAVE_DLERROR 1
| #define HAVE_LIBDLLOADER 1
| #define HAVE_ARGZ_H 1
| #define HAVE_ERROR_T 1
| #define HAVE_ARGZ_ADD 1
| #define HAVE_ARGZ_APPEND 1
| #define HAVE_ARGZ_COUNT 1
| #define HAVE_ARGZ_CREATE_SEP 1
| #define HAVE_ARGZ_INSERT 1
| #define HAVE_ARGZ_NEXT 1
| #define HAVE_ARGZ_STRINGIFY 1
| #define HAVE_WORKING_ARGZ 1
| #define HAVE_PRELOADED_SYMBOLS 1
| #define HAVE_LTDL 1
| #define HAVE_UNISTD_H 1
| /* end confdefs.h.  */
| #include <stddef.h>
| #ifdef HAVE_STDIO_H
| # include <stdio.h>
| #endif
| #ifdef HAVE_STDLIB_H
| # include <stdlib.h>
| #endif
| #ifdef HAVE_STRING_H
| # include <string.h>
| #endif
| #ifdef HAVE_INTTYPES_H
| # include <inttypes.h>
| #endif
| #ifdef HAVE_STDINT_H
| # include <stdint.h>
| #endif
| #ifdef HAVE_STRINGS_H
| # include <strings.h>
| #endif
| #ifdef HAVE_SYS_TYPES_H
| # include <sys/types.h>
| #endif
| #ifdef HAVE_SYS_STAT_H
| # include <sys/stat.h>
| #endif
| #ifdef HAVE_UNISTD_H
| # include <unistd.h>
| #endif
| 
| #include <mach-o/dyld.h>
configure:35724: result: no
configure:35731: checking for dirent.h
configure:35731: g++ -c  -fvisibility=hidden -fvisibility-inlines-hidden -DSPOT_BUILD -std=c++17  conftest.cpp >&5
configure:35731: $? = 0
configure:35731: result: yes
configure:35744: checking for closedir
configure:35744: g++ -o conftest  -fvisibility=hidden -fvisibility-inlines-hidden -DSPOT_BUILD -std=c++17   conftest.cpp  >&5
configure:35744: $? = 0
configure:35744: result: yes
configure:35744: checking for opendir
configure:35744: g++ -o conftest  -fvisibility=hidden -fvisibility-inlines-hidden -DSPOT_BUILD -std=c++17   conftest.cpp  >&5
configure:35744: $? = 0
configure:35744: result: yes
configure:35744: checking for readdir
configure:35744: g++ -o conftest  -fvisibility=hidden -fvisibility-inlines-hidden -DSPOT_BUILD -std=c++17   conftest.cpp  >&5
configure:35744: $? = 0
configure:35744: result: yes
configure:35763: checking for strlcat
configure:35763: g++ -o conftest  -fvisibility=hidden -fvisibility-inlines-hidden -DSPOT_BUILD -std=c++17   conftest.cpp  >&5
/usr/bin/ld: /tmp/ccL1bYrX.o: in function `main':
conftest.cpp:(.text+0x9): undefined reference to `strlcat'
collect2: error: ld returned 1 exit status
configure:35763: $? = 1
configure: failed program was:
| /* confdefs.h */
| #define PACKAGE_NAME "spot"
| #define PACKAGE_TARNAME "spot"
| #define PACKAGE_VERSION "2.10.4"
| #define PACKAGE_STRING "spot 2.10.4"
| #define PACKAGE_BUGREPORT "spot@lrde.epita.fr"
| #define PACKAGE_URL ""
| #define PACKAGE "spot"
| #define VERSION "2.10.4"
| #define HAVE_STDIO_H 1
| #define HAVE_STDLIB_H 1
| #define HAVE_STRING_H 1
| #define HAVE_INTTYPES_H 1
| #define HAVE_STDINT_H 1
| #define HAVE_STRINGS_H 1
| #define HAVE_SYS_STAT_H 1
| #define HAVE_SYS_TYPES_H 1
| #define HAVE_UNISTD_H 1
| #define HAVE_WCHAR_H 1
| #define HAVE_FEATURES_H 1
| #define HAVE_STDIO_EXT_H 1
| #define HAVE_GETOPT_H 1
| #define HAVE_SYS_CDEFS_H 1
| #define HAVE_SYS_TIME_H 1
| #define HAVE_SYS_SOCKET_H 1
| #define HAVE_THREADS_H 1
| #define HAVE_LIMITS_H 1
| #define HAVE_SYS_MMAN_H 1
| #define HAVE_SYS_PARAM_H 1
| #define HAVE_SYS_WAIT_H 1
| #define HAVE_SYSEXITS_H 1
| #define HAVE_WCTYPE_H 1
| #define STDC_HEADERS 1
| #define _ALL_SOURCE 1
| #define _DARWIN_C_SOURCE 1
| #define _GNU_SOURCE 1
| #define _HPUX_ALT_XOPEN_SOCKET_API 1
| #define _NETBSD_SOURCE 1
| #define _OPENBSD_SOURCE 1
| #define _POSIX_PTHREAD_SEMANTICS 1
| #define __STDC_WANT_IEC_60559_ATTRIBS_EXT__ 1
| #define __STDC_WANT_IEC_60559_BFP_EXT__ 1
| #define __STDC_WANT_IEC_60559_DFP_EXT__ 1
| #define __STDC_WANT_IEC_60559_FUNCS_EXT__ 1
| #define __STDC_WANT_IEC_60559_TYPES_EXT__ 1
| #define __STDC_WANT_LIB_EXT2__ 1
| #define __STDC_WANT_MATH_SPEC_FUNCS__ 1
| #define _TANDEM_SOURCE 1
| #define __EXTENSIONS__ 1
| #define YYTEXT_POINTER 1
| #define MAX_ACCSETS 32
| #define HAVE_ALLOCA_H 1
| #define HAVE_ALLOCA 1
| #define restrict __restrict
| #define HAVE_DECL_CLEARERR_UNLOCKED 1
| #define HAVE_DECL_FEOF_UNLOCKED 1
| #define HAVE_DECL_FERROR_UNLOCKED 1
| #define HAVE_DECL_FFLUSH_UNLOCKED 1
| #define HAVE_DECL_FGETS_UNLOCKED 1
| #define HAVE_DECL_FPUTC_UNLOCKED 1
| #define HAVE_DECL_FPUTS_UNLOCKED 1
| #define HAVE_DECL_FREAD_UNLOCKED 1
| #define HAVE_DECL_FWRITE_UNLOCKED 1
| #define HAVE_DECL_GETC_UNLOCKED 1
| #define HAVE_DECL_GETCHAR_UNLOCKED 1
| #define HAVE_DECL_PUTC_UNLOCKED 1
| #define HAVE_DECL_PUTCHAR_UNLOCKED 1
| #define HAVE_FLOCKFILE 1
| #define HAVE_FUNLOCKFILE 1
| #define HAVE_SYMLINK 1
| #define HAVE_GETTIMEOFDAY 1
| #define HAVE_LSTAT 1
| #define HAVE_MBSINIT 1
| #define HAVE_MBRTOWC 1
| #define HAVE_MPROTECT 1
| #define HAVE_MKSTEMP 1
| #define HAVE_MKSTEMPS 1
| #define HAVE_SECURE_GETENV 1
| #define HAVE_GETUID 1
| #define HAVE_GETEUID 1
| #define HAVE_GETGID 1
| #define HAVE_GETEGID 1
| #define HAVE_SLEEP 1
| #define HAVE_STRNDUP 1
| #define HAVE_SNPRINTF 1
| #define HAVE_ISWCNTRL 1
| #define HAVE_DECL_STRERROR_R 1
| #define HAVE_STRERROR_R 1
| #define STRERROR_R_CHAR_P 1
| #define HAVE_WORKING_O_NOATIME 1
| #define HAVE_WORKING_O_NOFOLLOW 1
| #define HAVE_GETOPT_H 1
| #define HAVE_GETOPT_LONG_ONLY 1
| #define HAVE_PTHREAD_API 1
| #define SETLOCALE_NULL_ALL_MTSAFE 1
| #define SETLOCALE_NULL_ONE_MTSAFE 1
| #define HAVE_WINT_T 1
| #define HAVE_LONG_LONG_INT 1
| #define HAVE_UNSIGNED_LONG_LONG_INT 1
| #define HAVE_LANGINFO_CODESET 1
| #define HAVE_WCHAR_T 1
| #define LSTAT_FOLLOWS_SLASHED_SYMLINK 1
| #define MALLOC_0_IS_NONNULL 1
| #define HAVE_MBSTATE_T 1
| #define HAVE_MAP_ANONYMOUS 1
| #define HAVE_MINMAX_IN_SYS_PARAM_H 1
| #define HAVE__BOOL 1
| #define HAVE_DECL_STRNDUP 1
| #define HAVE_DECL_STRNLEN 1
| #define _USE_STD_STAT 1
| #define HAVE_INTTYPES_H_WITH_UINTMAX 1
| #define HAVE_STDINT_H_WITH_UINTMAX 1
| #define HAVE_INTMAX_T 1
| #define DBL_EXPBIT0_WORD 1
| #define DBL_EXPBIT0_BIT 20
| #define HAVE_SNPRINTF 1
| #define HAVE_STRNLEN 1
| #define HAVE_WCSLEN 1
| #define HAVE_WCSNLEN 1
| #define HAVE_MBRTOWC 1
| #define HAVE_WCRTOMB 1
| #define HAVE_DECL__SNPRINTF 0
| #define HAVE_SNPRINTF_RETVAL_C99 1
| #define HAVE_DECL_VSNPRINTF 1
| #define HAVE_ALLOCA 1
| #define HAVE_DECL_PROGRAM_INVOCATION_NAME 1
| #define HAVE_DECL_PROGRAM_INVOCATION_SHORT_NAME 1
| #define HAVE_PROGRAM_INVOCATION_NAME 1
| #define HAVE_PROGRAM_INVOCATION_SHORT_NAME 1
| #define GNULIB_CLOSE_STREAM 1
| #define HAVE_DECL___FPENDING 1
| #define __GETOPT_PREFIX rpl_
| #define GNULIB_TEST_GETOPT_POSIX 1
| #define HAVE_DECL_PROGRAM_INVOCATION_NAME 1
| #define HAVE_DECL_PROGRAM_INVOCATION_SHORT_NAME 1
| #define HAVE_DECL___ARGV 0
| #define GETTIMEOFDAY_TIMEZONE void
| #define GNULIB_TEST_GETTIMEOFDAY 1
| #define GNULIB_TEST_ISATTY 1
| #define HAVE___INLINE 1
| #define GNULIB_TEST_LSTAT 1
| #define HAVE_MALLOC_GNU 1
| #define GNULIB_MALLOC_GNU 1
| #define HAVE_MALLOC_POSIX 1
| #define GNULIB_TEST_MALLOC_POSIX 1
| #define MBRTOWC_IN_C_LOCALE_MAYBE_EILSEQ 1
| #define GNULIB_TEST_MBRTOWC 1
| #define GNULIB_TEST_MBSINIT 1
| #define GNULIB_TEST_MEMCHR 1
| #define HAVE_MEMPCPY 1
| #define GNULIB_TEST_MEMPCPY 1
| #define GNULIB_TEST_MKSTEMP 1
| #define GNULIB_MKSTEMPS 1
| #define GNULIB_TEST_MKSTEMPS 1
| #define GNULIB_MSVC_NOTHROW 1
| #define HAVE_DECL_PROGRAM_INVOCATION_NAME 1
| #define HAVE_DECL_PROGRAM_INVOCATION_SHORT_NAME 1
| #define HAVE_RAWMEMCHR 1
| #define GNULIB_TEST_RAWMEMCHR 1
| #define GNULIB_TEST_SECURE_GETENV 1
| #define SETLOCALE_NULL_ALL_MTSAFE 1
| #define SETLOCALE_NULL_ONE_MTSAFE 1
| #define GNULIB_TEST_SETLOCALE_NULL 1
| #define HAVE_STDINT_H 1
| #define HAVE_DECL_SLEEP 1
| #define GNULIB_TEST_SLEEP 1
| #define GNULIB_TEST_STAT 1
| #define HAVE_STRUCT_STAT_ST_ATIM_TV_NSEC 1
| #define TYPEOF_STRUCT_STAT_ST_ATIM_IS_STRUCT_TIMESPEC 1
| #define __USE_MINGW_ANSI_STDIO 1
| #define GNULIB_FSCANF 1
| #define GNULIB_SCANF 1
| #define HAVE_STPCPY 1
| #define GNULIB_TEST_STPCPY 1
| #define HAVE_STRCASECMP 1
| #define HAVE_STRNCASECMP 1
| #define HAVE_DECL_STRNCASECMP 1
| #define HAVE_STRCHRNUL 1
| #define GNULIB_TEST_STRCHRNUL 1
| #define GNULIB_STRERROR 1
| #define GNULIB_TEST_STRERROR 1
| #define GNULIB_TEST_STRNDUP 1
| #define GNULIB_TEST_STRNLEN 1
| #define HAVE_STRVERSCMP 1
| #define GNULIB_TEST_STRVERSCMP 1
| #define HAVE_VSNPRINTF 1
| #define GNULIB_TEST_VSNPRINTF 1
| #define HAVE_TOWLOWER 1
| #define HAVE_STDINT_H 1
| #define HAVE_SYS_TIMES_H 1
| #define HAVE_VALGRIND_MEMCHECK_H 1
| #define HAVE_SPAWN_H 1
| #define HAVE_TIMES 1
| #define HAVE_KILL 1
| #define HAVE_ALARM 1
| #define HAVE_SIGACTION 1
| #define HAVE_SCHED_GETCPU 1
| #define HAVE_PTHREAD_SETAFFINITY_NP 1
| #define HAVE_DLFCN_H 1
| #define LT_OBJDIR ".libs/"
| #define LT_MODULE_EXT ".so"
| #define LT_MODULE_PATH_VAR "LD_LIBRARY_PATH"
| #define LT_DLSEARCH_PATH "/lib:/usr/lib:/usr/lib/x86_64-linux-gnu/libfakeroot:/usr/local/lib/i386-linux-gnu:/lib/i386-linux-gnu:/usr/lib/i386-linux-gnu:/usr/local/lib/i686-linux-gnu:/lib/i686-linux-gnu:/usr/lib/i686-linux-gnu:/usr/local/lib:/usr/local/lib/x86_64-linux-gnu:/lib/x86_64-linux-gnu:/usr/lib/x86_64-linux-gnu:/lib32:/usr/lib32"
| #define HAVE_LIBDL 1
| #define HAVE_DLERROR 1
| #define HAVE_LIBDLLOADER 1
| #define HAVE_ARGZ_H 1
| #define HAVE_ERROR_T 1
| #define HAVE_ARGZ_ADD 1
| #define HAVE_ARGZ_APPEND 1
| #define HAVE_ARGZ_COUNT 1
| #define HAVE_ARGZ_CREATE_SEP 1
| #define HAVE_ARGZ_INSERT 1
| #define HAVE_ARGZ_NEXT 1
| #define HAVE_ARGZ_STRINGIFY 1
| #define HAVE_WORKING_ARGZ 1
| #define HAVE_PRELOADED_SYMBOLS 1
| #define HAVE_LTDL 1
| #define HAVE_UNISTD_H 1
| #define HAVE_DIRENT_H 1
| #define HAVE_CLOSEDIR 1
| #define HAVE_OPENDIR 1
| #define HAVE_READDIR 1
| /* end confdefs.h.  */
| /* Define strlcat to an innocuous variant, in case <limits.h> declares strlcat.
|    For example, HP-UX 11i <limits.h> declares gettimeofday.  */
| #define strlcat innocuous_strlcat
| 
| /* System header to define __stub macros and hopefully few prototypes,
|    which can conflict with char strlcat (); below.  */
| 
| #include <limits.h>
| #undef strlcat
| 
| /* Override any GCC internal prototype to avoid an error.
|    Use char because int might match the return type of a GCC
|    builtin and then its argument prototype would still apply.  */
| #ifdef __cplusplus
| extern "C"
| #endif
| char strlcat ();
| /* The GNU C library defines this for functions which it implements
|     to always fail with ENOSYS.  Some functions are actually named
|     something starting with __ and the normal name is an alias.  */
| #if defined __stub_strlcat || defined __stub___strlcat
| choke me
| #endif
| 
| int
| main (void)
| {
| return strlcat ();
|   ;
|   return 0;
| }
configure:35763: result: no
configure:35763: checking for strlcpy
configure:35763: g++ -o conftest  -fvisibility=hidden -fvisibility-inlines-hidden -DSPOT_BUILD -std=c++17   conftest.cpp  >&5
/usr/bin/ld: /tmp/cc5Ima49.o: in function `main':
conftest.cpp:(.text+0x9): undefined reference to `strlcpy'
collect2: error: ld returned 1 exit status
configure:35763: $? = 1
configure: failed program was:
| /* confdefs.h */
| #define PACKAGE_NAME "spot"
| #define PACKAGE_TARNAME "spot"
| #define PACKAGE_VERSION "2.10.4"
| #define PACKAGE_STRING "spot 2.10.4"
| #define PACKAGE_BUGREPORT "spot@lrde.epita.fr"
| #define PACKAGE_URL ""
| #define PACKAGE "spot"
| #define VERSION "2.10.4"
| #define HAVE_STDIO_H 1
| #define HAVE_STDLIB_H 1
| #define HAVE_STRING_H 1
| #define HAVE_INTTYPES_H 1
| #define HAVE_STDINT_H 1
| #define HAVE_STRINGS_H 1
| #define HAVE_SYS_STAT_H 1
| #define HAVE_SYS_TYPES_H 1
| #define HAVE_UNISTD_H 1
| #define HAVE_WCHAR_H 1
| #define HAVE_FEATURES_H 1
| #define HAVE_STDIO_EXT_H 1
| #define HAVE_GETOPT_H 1
| #define HAVE_SYS_CDEFS_H 1
| #define HAVE_SYS_TIME_H 1
| #define HAVE_SYS_SOCKET_H 1
| #define HAVE_THREADS_H 1
| #define HAVE_LIMITS_H 1
| #define HAVE_SYS_MMAN_H 1
| #define HAVE_SYS_PARAM_H 1
| #define HAVE_SYS_WAIT_H 1
| #define HAVE_SYSEXITS_H 1
| #define HAVE_WCTYPE_H 1
| #define STDC_HEADERS 1
| #define _ALL_SOURCE 1
| #define _DARWIN_C_SOURCE 1
| #define _GNU_SOURCE 1
| #define _HPUX_ALT_XOPEN_SOCKET_API 1
| #define _NETBSD_SOURCE 1
| #define _OPENBSD_SOURCE 1
| #define _POSIX_PTHREAD_SEMANTICS 1
| #define __STDC_WANT_IEC_60559_ATTRIBS_EXT__ 1
| #define __STDC_WANT_IEC_60559_BFP_EXT__ 1
| #define __STDC_WANT_IEC_60559_DFP_EXT__ 1
| #define __STDC_WANT_IEC_60559_FUNCS_EXT__ 1
| #define __STDC_WANT_IEC_60559_TYPES_EXT__ 1
| #define __STDC_WANT_LIB_EXT2__ 1
| #define __STDC_WANT_MATH_SPEC_FUNCS__ 1
| #define _TANDEM_SOURCE 1
| #define __EXTENSIONS__ 1
| #define YYTEXT_POINTER 1
| #define MAX_ACCSETS 32
| #define HAVE_ALLOCA_H 1
| #define HAVE_ALLOCA 1
| #define restrict __restrict
| #define HAVE_DECL_CLEARERR_UNLOCKED 1
| #define HAVE_DECL_FEOF_UNLOCKED 1
| #define HAVE_DECL_FERROR_UNLOCKED 1
| #define HAVE_DECL_FFLUSH_UNLOCKED 1
| #define HAVE_DECL_FGETS_UNLOCKED 1
| #define HAVE_DECL_FPUTC_UNLOCKED 1
| #define HAVE_DECL_FPUTS_UNLOCKED 1
| #define HAVE_DECL_FREAD_UNLOCKED 1
| #define HAVE_DECL_FWRITE_UNLOCKED 1
| #define HAVE_DECL_GETC_UNLOCKED 1
| #define HAVE_DECL_GETCHAR_UNLOCKED 1
| #define HAVE_DECL_PUTC_UNLOCKED 1
| #define HAVE_DECL_PUTCHAR_UNLOCKED 1
| #define HAVE_FLOCKFILE 1
| #define HAVE_FUNLOCKFILE 1
| #define HAVE_SYMLINK 1
| #define HAVE_GETTIMEOFDAY 1
| #define HAVE_LSTAT 1
| #define HAVE_MBSINIT 1
| #define HAVE_MBRTOWC 1
| #define HAVE_MPROTECT 1
| #define HAVE_MKSTEMP 1
| #define HAVE_MKSTEMPS 1
| #define HAVE_SECURE_GETENV 1
| #define HAVE_GETUID 1
| #define HAVE_GETEUID 1
| #define HAVE_GETGID 1
| #define HAVE_GETEGID 1
| #define HAVE_SLEEP 1
| #define HAVE_STRNDUP 1
| #define HAVE_SNPRINTF 1
| #define HAVE_ISWCNTRL 1
| #define HAVE_DECL_STRERROR_R 1
| #define HAVE_STRERROR_R 1
| #define STRERROR_R_CHAR_P 1
| #define HAVE_WORKING_O_NOATIME 1
| #define HAVE_WORKING_O_NOFOLLOW 1
| #define HAVE_GETOPT_H 1
| #define HAVE_GETOPT_LONG_ONLY 1
| #define HAVE_PTHREAD_API 1
| #define SETLOCALE_NULL_ALL_MTSAFE 1
| #define SETLOCALE_NULL_ONE_MTSAFE 1
| #define HAVE_WINT_T 1
| #define HAVE_LONG_LONG_INT 1
| #define HAVE_UNSIGNED_LONG_LONG_INT 1
| #define HAVE_LANGINFO_CODESET 1
| #define HAVE_WCHAR_T 1
| #define LSTAT_FOLLOWS_SLASHED_SYMLINK 1
| #define MALLOC_0_IS_NONNULL 1
| #define HAVE_MBSTATE_T 1
| #define HAVE_MAP_ANONYMOUS 1
| #define HAVE_MINMAX_IN_SYS_PARAM_H 1
| #define HAVE__BOOL 1
| #define HAVE_DECL_STRNDUP 1
| #define HAVE_DECL_STRNLEN 1
| #define _USE_STD_STAT 1
| #define HAVE_INTTYPES_H_WITH_UINTMAX 1
| #define HAVE_STDINT_H_WITH_UINTMAX 1
| #define HAVE_INTMAX_T 1
| #define DBL_EXPBIT0_WORD 1
| #define DBL_EXPBIT0_BIT 20
| #define HAVE_SNPRINTF 1
| #define HAVE_STRNLEN 1
| #define HAVE_WCSLEN 1
| #define HAVE_WCSNLEN 1
| #define HAVE_MBRTOWC 1
| #define HAVE_WCRTOMB 1
| #define HAVE_DECL__SNPRINTF 0
| #define HAVE_SNPRINTF_RETVAL_C99 1
| #define HAVE_DECL_VSNPRINTF 1
| #define HAVE_ALLOCA 1
| #define HAVE_DECL_PROGRAM_INVOCATION_NAME 1
| #define HAVE_DECL_PROGRAM_INVOCATION_SHORT_NAME 1
| #define HAVE_PROGRAM_INVOCATION_NAME 1
| #define HAVE_PROGRAM_INVOCATION_SHORT_NAME 1
| #define GNULIB_CLOSE_STREAM 1
| #define HAVE_DECL___FPENDING 1
| #define __GETOPT_PREFIX rpl_
| #define GNULIB_TEST_GETOPT_POSIX 1
| #define HAVE_DECL_PROGRAM_INVOCATION_NAME 1
| #define HAVE_DECL_PROGRAM_INVOCATION_SHORT_NAME 1
| #define HAVE_DECL___ARGV 0
| #define GETTIMEOFDAY_TIMEZONE void
| #define GNULIB_TEST_GETTIMEOFDAY 1
| #define GNULIB_TEST_ISATTY 1
| #define HAVE___INLINE 1
| #define GNULIB_TEST_LSTAT 1
| #define HAVE_MALLOC_GNU 1
| #define GNULIB_MALLOC_GNU 1
| #define HAVE_MALLOC_POSIX 1
| #define GNULIB_TEST_MALLOC_POSIX 1
| #define MBRTOWC_IN_C_LOCALE_MAYBE_EILSEQ 1
| #define GNULIB_TEST_MBRTOWC 1
| #define GNULIB_TEST_MBSINIT 1
| #define GNULIB_TEST_MEMCHR 1
| #define HAVE_MEMPCPY 1
| #define GNULIB_TEST_MEMPCPY 1
| #define GNULIB_TEST_MKSTEMP 1
| #define GNULIB_MKSTEMPS 1
| #define GNULIB_TEST_MKSTEMPS 1
| #define GNULIB_MSVC_NOTHROW 1
| #define HAVE_DECL_PROGRAM_INVOCATION_NAME 1
| #define HAVE_DECL_PROGRAM_INVOCATION_SHORT_NAME 1
| #define HAVE_RAWMEMCHR 1
| #define GNULIB_TEST_RAWMEMCHR 1
| #define GNULIB_TEST_SECURE_GETENV 1
| #define SETLOCALE_NULL_ALL_MTSAFE 1
| #define SETLOCALE_NULL_ONE_MTSAFE 1
| #define GNULIB_TEST_SETLOCALE_NULL 1
| #define HAVE_STDINT_H 1
| #define HAVE_DECL_SLEEP 1
| #define GNULIB_TEST_SLEEP 1
| #define GNULIB_TEST_STAT 1
| #define HAVE_STRUCT_STAT_ST_ATIM_TV_NSEC 1
| #define TYPEOF_STRUCT_STAT_ST_ATIM_IS_STRUCT_TIMESPEC 1
| #define __USE_MINGW_ANSI_STDIO 1
| #define GNULIB_FSCANF 1
| #define GNULIB_SCANF 1
| #define HAVE_STPCPY 1
| #define GNULIB_TEST_STPCPY 1
| #define HAVE_STRCASECMP 1
| #define HAVE_STRNCASECMP 1
| #define HAVE_DECL_STRNCASECMP 1
| #define HAVE_STRCHRNUL 1
| #define GNULIB_TEST_STRCHRNUL 1
| #define GNULIB_STRERROR 1
| #define GNULIB_TEST_STRERROR 1
| #define GNULIB_TEST_STRNDUP 1
| #define GNULIB_TEST_STRNLEN 1
| #define HAVE_STRVERSCMP 1
| #define GNULIB_TEST_STRVERSCMP 1
| #define HAVE_VSNPRINTF 1
| #define GNULIB_TEST_VSNPRINTF 1
| #define HAVE_TOWLOWER 1
| #define HAVE_STDINT_H 1
| #define HAVE_SYS_TIMES_H 1
| #define HAVE_VALGRIND_MEMCHECK_H 1
| #define HAVE_SPAWN_H 1
| #define HAVE_TIMES 1
| #define HAVE_KILL 1
| #define HAVE_ALARM 1
| #define HAVE_SIGACTION 1
| #define HAVE_SCHED_GETCPU 1
| #define HAVE_PTHREAD_SETAFFINITY_NP 1
| #define HAVE_DLFCN_H 1
| #define LT_OBJDIR ".libs/"
| #define LT_MODULE_EXT ".so"
| #define LT_MODULE_PATH_VAR "LD_LIBRARY_PATH"
| #define LT_DLSEARCH_PATH "/lib:/usr/lib:/usr/lib/x86_64-linux-gnu/libfakeroot:/usr/local/lib/i386-linux-gnu:/lib/i386-linux-gnu:/usr/lib/i386-linux-gnu:/usr/local/lib/i686-linux-gnu:/lib/i686-linux-gnu:/usr/lib/i686-linux-gnu:/usr/local/lib:/usr/local/lib/x86_64-linux-gnu:/lib/x86_64-linux-gnu:/usr/lib/x86_64-linux-gnu:/lib32:/usr/lib32"
| #define HAVE_LIBDL 1
| #define HAVE_DLERROR 1
| #define HAVE_LIBDLLOADER 1
| #define HAVE_ARGZ_H 1
| #define HAVE_ERROR_T 1
| #define HAVE_ARGZ_ADD 1
| #define HAVE_ARGZ_APPEND 1
| #define HAVE_ARGZ_COUNT 1
| #define HAVE_ARGZ_CREATE_SEP 1
| #define HAVE_ARGZ_INSERT 1
| #define HAVE_ARGZ_NEXT 1
| #define HAVE_ARGZ_STRINGIFY 1
| #define HAVE_WORKING_ARGZ 1
| #define HAVE_PRELOADED_SYMBOLS 1
| #define HAVE_LTDL 1
| #define HAVE_UNISTD_H 1
| #define HAVE_DIRENT_H 1
| #define HAVE_CLOSEDIR 1
| #define HAVE_OPENDIR 1
| #define HAVE_READDIR 1
| /* end confdefs.h.  */
| /* Define strlcpy to an innocuous variant, in case <limits.h> declares strlcpy.
|    For example, HP-UX 11i <limits.h> declares gettimeofday.  */
| #define strlcpy innocuous_strlcpy
| 
| /* System header to define __stub macros and hopefully few prototypes,
|    which can conflict with char strlcpy (); below.  */
| 
| #include <limits.h>
| #undef strlcpy
| 
| /* Override any GCC internal prototype to avoid an error.
|    Use char because int might match the return type of a GCC
|    builtin and then its argument prototype would still apply.  */
| #ifdef __cplusplus
| extern "C"
| #endif
| char strlcpy ();
| /* The GNU C library defines this for functions which it implements
|     to always fail with ENOSYS.  Some functions are actually named
|     something starting with __ and the normal name is an alias.  */
| #if defined __stub_strlcpy || defined __stub___strlcpy
| choke me
| #endif
| 
| int
| main (void)
| {
| return strlcpy ();
|   ;
|   return 0;
| }
configure:35763: result: no
configure:35812: checking if the GNU linker (/usr/bin/ld -m elf_x86_64) supports -Bsymbolic-functions
configure:35826: result: yes
configure:35864: You may configure with --disable-python if you do not need Python bindings.
configure:35902: checking for a Python interpreter with version >= 3.5
configure:35920: python -c import sys # split strings by '.' and convert to numeric. Append some zeros # because we need at least 4 digits for the hex conversion. # map returns an iterator in Python 3.0 and a list in 2.x minver = list(map(int, '3.5'.split('.'))) + [0, 0, 0] minverhex = 0 # xrange is not present in Python 3.0 and range returns an iterator for i in list(range(0, 4)): minverhex = (minverhex << 8) + minver[i] sys.exit(sys.hexversion < minverhex)
configure:35923: $? = 1
configure:35920: python2 -c import sys # split strings by '.' and convert to numeric. Append some zeros # because we need at least 4 digits for the hex conversion. # map returns an iterator in Python 3.0 and a list in 2.x minver = list(map(int, '3.5'.split('.'))) + [0, 0, 0] minverhex = 0 # xrange is not present in Python 3.0 and range returns an iterator for i in list(range(0, 4)): minverhex = (minverhex << 8) + minver[i] sys.exit(sys.hexversion < minverhex)
configure:35923: $? = 1
configure:35920: python3 -c import sys # split strings by '.' and convert to numeric. Append some zeros # because we need at least 4 digits for the hex conversion. # map returns an iterator in Python 3.0 and a list in 2.x minver = list(map(int, '3.5'.split('.'))) + [0, 0, 0] minverhex = 0 # xrange is not present in Python 3.0 and range returns an iterator for i in list(range(0, 4)): minverhex = (minverhex << 8) + minver[i] sys.exit(sys.hexversion < minverhex)
configure:35923: $? = 0
configure:35930: result: python3
configure:35938: checking for python3
configure:35961: found /usr/bin/python3
configure:35973: result: /usr/bin/python3
configure:35990: checking for python3 version
configure:35998: result: 3.10
configure:36003: checking for python3 platform
configure:36011: result: linux
configure:36072: checking for GNU default python3 prefix
configure:36074: result: ${prefix}
configure:36140: checking for GNU default python3 exec_prefix
configure:36142: result: ${exec_prefix}
configure:36173: checking for python3 script directory (pythondir)
configure:36215: result: ${PYTHON_PREFIX}/lib/python3.10/site-packages
configure:36223: checking for python3 extension module directory (pyexecdir)
configure:36265: result: ${PYTHON_EXEC_PREFIX}/lib/python3.10/site-packages
configure:36280: checking for python3 includes directory
configure:36289: result: /usr/include/python3.10
configure:36291: checking for python3 extension suffix
configure:36299: result: .cpython-310-x86_64-linux-gnu.so
configure:36309: checking for Python.h
configure:36309: g++ -c  -fvisibility=hidden -fvisibility-inlines-hidden -DSPOT_BUILD -std=c++17  -I/usr/include/python3.10 conftest.cpp >&5
configure:36309: $? = 0
configure:36309: result: yes
configure:36365: checking for gcc optimization options
configure:36389: gcc -c  -std=c11 -fvisibility=hidden -g -O3 -ffast-math  conftest.c >&5
cc1: fatal error: conftest.c: No such file or directory
compilation terminated.
configure:36392: $? = 1
configure:36389: gcc -c  -std=c11 -fvisibility=hidden -g -O3 -fstrict-aliasing  conftest.c >&5
cc1: fatal error: conftest.c: No such file or directory
compilation terminated.
configure:36392: $? = 1
configure:36389: gcc -c  -std=c11 -fvisibility=hidden -g -O3 -fomit-frame-pointer  conftest.c >&5
cc1: fatal error: conftest.c: No such file or directory
compilation terminated.
configure:36392: $? = 1
configure:36406: result: -O3
configure:36408: checking for g++ optimization options
configure:36432: g++ -c  -fvisibility=hidden -fvisibility-inlines-hidden -DSPOT_BUILD -std=c++17 -g -O3 -ffast-math  conftest.cpp >&5
configure:36435: $? = 0
configure:36432: g++ -c  -fvisibility=hidden -fvisibility-inlines-hidden -DSPOT_BUILD -std=c++17 -g -O3 -ffast-math -fstrict-aliasing  conftest.cpp >&5
configure:36435: $? = 0
configure:36432: g++ -c  -fvisibility=hidden -fvisibility-inlines-hidden -DSPOT_BUILD -std=c++17 -g -O3 -ffast-math -fstrict-aliasing -fomit-frame-pointer  conftest.cpp >&5
configure:36435: $? = 0
configure:36449: result: -O3 -ffast-math -fstrict-aliasing -fomit-frame-pointer
configure:36478: checking whether we are using the INTEL C++ compiler
configure:36499: g++ -c  -fvisibility=hidden -fvisibility-inlines-hidden -DSPOT_BUILD -std=c++17 -g -O3 -ffast-math -fstrict-aliasing -fomit-frame-pointer  -DNDEBUG conftest.cpp >&5
conftest.cpp: In function 'int main()':
conftest.cpp:233:8: error: 'choke' was not declared in this scope
  233 |        choke me
      |        ^~~~~
configure:36499: $? = 1
configure: failed program was:
| /* confdefs.h */
| #define PACKAGE_NAME "spot"
| #define PACKAGE_TARNAME "spot"
| #define PACKAGE_VERSION "2.10.4"
| #define PACKAGE_STRING "spot 2.10.4"
| #define PACKAGE_BUGREPORT "spot@lrde.epita.fr"
| #define PACKAGE_URL ""
| #define PACKAGE "spot"
| #define VERSION "2.10.4"
| #define HAVE_STDIO_H 1
| #define HAVE_STDLIB_H 1
| #define HAVE_STRING_H 1
| #define HAVE_INTTYPES_H 1
| #define HAVE_STDINT_H 1
| #define HAVE_STRINGS_H 1
| #define HAVE_SYS_STAT_H 1
| #define HAVE_SYS_TYPES_H 1
| #define HAVE_UNISTD_H 1
| #define HAVE_WCHAR_H 1
| #define HAVE_FEATURES_H 1
| #define HAVE_STDIO_EXT_H 1
| #define HAVE_GETOPT_H 1
| #define HAVE_SYS_CDEFS_H 1
| #define HAVE_SYS_TIME_H 1
| #define HAVE_SYS_SOCKET_H 1
| #define HAVE_THREADS_H 1
| #define HAVE_LIMITS_H 1
| #define HAVE_SYS_MMAN_H 1
| #define HAVE_SYS_PARAM_H 1
| #define HAVE_SYS_WAIT_H 1
| #define HAVE_SYSEXITS_H 1
| #define HAVE_WCTYPE_H 1
| #define STDC_HEADERS 1
| #define _ALL_SOURCE 1
| #define _DARWIN_C_SOURCE 1
| #define _GNU_SOURCE 1
| #define _HPUX_ALT_XOPEN_SOCKET_API 1
| #define _NETBSD_SOURCE 1
| #define _OPENBSD_SOURCE 1
| #define _POSIX_PTHREAD_SEMANTICS 1
| #define __STDC_WANT_IEC_60559_ATTRIBS_EXT__ 1
| #define __STDC_WANT_IEC_60559_BFP_EXT__ 1
| #define __STDC_WANT_IEC_60559_DFP_EXT__ 1
| #define __STDC_WANT_IEC_60559_FUNCS_EXT__ 1
| #define __STDC_WANT_IEC_60559_TYPES_EXT__ 1
| #define __STDC_WANT_LIB_EXT2__ 1
| #define __STDC_WANT_MATH_SPEC_FUNCS__ 1
| #define _TANDEM_SOURCE 1
| #define __EXTENSIONS__ 1
| #define YYTEXT_POINTER 1
| #define MAX_ACCSETS 32
| #define HAVE_ALLOCA_H 1
| #define HAVE_ALLOCA 1
| #define restrict __restrict
| #define HAVE_DECL_CLEARERR_UNLOCKED 1
| #define HAVE_DECL_FEOF_UNLOCKED 1
| #define HAVE_DECL_FERROR_UNLOCKED 1
| #define HAVE_DECL_FFLUSH_UNLOCKED 1
| #define HAVE_DECL_FGETS_UNLOCKED 1
| #define HAVE_DECL_FPUTC_UNLOCKED 1
| #define HAVE_DECL_FPUTS_UNLOCKED 1
| #define HAVE_DECL_FREAD_UNLOCKED 1
| #define HAVE_DECL_FWRITE_UNLOCKED 1
| #define HAVE_DECL_GETC_UNLOCKED 1
| #define HAVE_DECL_GETCHAR_UNLOCKED 1
| #define HAVE_DECL_PUTC_UNLOCKED 1
| #define HAVE_DECL_PUTCHAR_UNLOCKED 1
| #define HAVE_FLOCKFILE 1
| #define HAVE_FUNLOCKFILE 1
| #define HAVE_SYMLINK 1
| #define HAVE_GETTIMEOFDAY 1
| #define HAVE_LSTAT 1
| #define HAVE_MBSINIT 1
| #define HAVE_MBRTOWC 1
| #define HAVE_MPROTECT 1
| #define HAVE_MKSTEMP 1
| #define HAVE_MKSTEMPS 1
| #define HAVE_SECURE_GETENV 1
| #define HAVE_GETUID 1
| #define HAVE_GETEUID 1
| #define HAVE_GETGID 1
| #define HAVE_GETEGID 1
| #define HAVE_SLEEP 1
| #define HAVE_STRNDUP 1
| #define HAVE_SNPRINTF 1
| #define HAVE_ISWCNTRL 1
| #define HAVE_DECL_STRERROR_R 1
| #define HAVE_STRERROR_R 1
| #define STRERROR_R_CHAR_P 1
| #define HAVE_WORKING_O_NOATIME 1
| #define HAVE_WORKING_O_NOFOLLOW 1
| #define HAVE_GETOPT_H 1
| #define HAVE_GETOPT_LONG_ONLY 1
| #define HAVE_PTHREAD_API 1
| #define SETLOCALE_NULL_ALL_MTSAFE 1
| #define SETLOCALE_NULL_ONE_MTSAFE 1
| #define HAVE_WINT_T 1
| #define HAVE_LONG_LONG_INT 1
| #define HAVE_UNSIGNED_LONG_LONG_INT 1
| #define HAVE_LANGINFO_CODESET 1
| #define HAVE_WCHAR_T 1
| #define LSTAT_FOLLOWS_SLASHED_SYMLINK 1
| #define MALLOC_0_IS_NONNULL 1
| #define HAVE_MBSTATE_T 1
| #define HAVE_MAP_ANONYMOUS 1
| #define HAVE_MINMAX_IN_SYS_PARAM_H 1
| #define HAVE__BOOL 1
| #define HAVE_DECL_STRNDUP 1
| #define HAVE_DECL_STRNLEN 1
| #define _USE_STD_STAT 1
| #define HAVE_INTTYPES_H_WITH_UINTMAX 1
| #define HAVE_STDINT_H_WITH_UINTMAX 1
| #define HAVE_INTMAX_T 1
| #define DBL_EXPBIT0_WORD 1
| #define DBL_EXPBIT0_BIT 20
| #define HAVE_SNPRINTF 1
| #define HAVE_STRNLEN 1
| #define HAVE_WCSLEN 1
| #define HAVE_WCSNLEN 1
| #define HAVE_MBRTOWC 1
| #define HAVE_WCRTOMB 1
| #define HAVE_DECL__SNPRINTF 0
| #define HAVE_SNPRINTF_RETVAL_C99 1
| #define HAVE_DECL_VSNPRINTF 1
| #define HAVE_ALLOCA 1
| #define HAVE_DECL_PROGRAM_INVOCATION_NAME 1
| #define HAVE_DECL_PROGRAM_INVOCATION_SHORT_NAME 1
| #define HAVE_PROGRAM_INVOCATION_NAME 1
| #define HAVE_PROGRAM_INVOCATION_SHORT_NAME 1
| #define GNULIB_CLOSE_STREAM 1
| #define HAVE_DECL___FPENDING 1
| #define __GETOPT_PREFIX rpl_
| #define GNULIB_TEST_GETOPT_POSIX 1
| #define HAVE_DECL_PROGRAM_INVOCATION_NAME 1
| #define HAVE_DECL_PROGRAM_INVOCATION_SHORT_NAME 1
| #define HAVE_DECL___ARGV 0
| #define GETTIMEOFDAY_TIMEZONE void
| #define GNULIB_TEST_GETTIMEOFDAY 1
| #define GNULIB_TEST_ISATTY 1
| #define HAVE___INLINE 1
| #define GNULIB_TEST_LSTAT 1
| #define HAVE_MALLOC_GNU 1
| #define GNULIB_MALLOC_GNU 1
| #define HAVE_MALLOC_POSIX 1
| #define GNULIB_TEST_MALLOC_POSIX 1
| #define MBRTOWC_IN_C_LOCALE_MAYBE_EILSEQ 1
| #define GNULIB_TEST_MBRTOWC 1
| #define GNULIB_TEST_MBSINIT 1
| #define GNULIB_TEST_MEMCHR 1
| #define HAVE_MEMPCPY 1
| #define GNULIB_TEST_MEMPCPY 1
| #define GNULIB_TEST_MKSTEMP 1
| #define GNULIB_MKSTEMPS 1
| #define GNULIB_TEST_MKSTEMPS 1
| #define GNULIB_MSVC_NOTHROW 1
| #define HAVE_DECL_PROGRAM_INVOCATION_NAME 1
| #define HAVE_DECL_PROGRAM_INVOCATION_SHORT_NAME 1
| #define HAVE_RAWMEMCHR 1
| #define GNULIB_TEST_RAWMEMCHR 1
| #define GNULIB_TEST_SECURE_GETENV 1
| #define SETLOCALE_NULL_ALL_MTSAFE 1
| #define SETLOCALE_NULL_ONE_MTSAFE 1
| #define GNULIB_TEST_SETLOCALE_NULL 1
| #define HAVE_STDINT_H 1
| #define HAVE_DECL_SLEEP 1
| #define GNULIB_TEST_SLEEP 1
| #define GNULIB_TEST_STAT 1
| #define HAVE_STRUCT_STAT_ST_ATIM_TV_NSEC 1
| #define TYPEOF_STRUCT_STAT_ST_ATIM_IS_STRUCT_TIMESPEC 1
| #define __USE_MINGW_ANSI_STDIO 1
| #define GNULIB_FSCANF 1
| #define GNULIB_SCANF 1
| #define HAVE_STPCPY 1
| #define GNULIB_TEST_STPCPY 1
| #define HAVE_STRCASECMP 1
| #define HAVE_STRNCASECMP 1
| #define HAVE_DECL_STRNCASECMP 1
| #define HAVE_STRCHRNUL 1
| #define GNULIB_TEST_STRCHRNUL 1
| #define GNULIB_STRERROR 1
| #define GNULIB_TEST_STRERROR 1
| #define GNULIB_TEST_STRNDUP 1
| #define GNULIB_TEST_STRNLEN 1
| #define HAVE_STRVERSCMP 1
| #define GNULIB_TEST_STRVERSCMP 1
| #define HAVE_VSNPRINTF 1
| #define GNULIB_TEST_VSNPRINTF 1
| #define HAVE_TOWLOWER 1
| #define HAVE_STDINT_H 1
| #define HAVE_SYS_TIMES_H 1
| #define HAVE_VALGRIND_MEMCHECK_H 1
| #define HAVE_SPAWN_H 1
| #define HAVE_TIMES 1
| #define HAVE_KILL 1
| #define HAVE_ALARM 1
| #define HAVE_SIGACTION 1
| #define HAVE_SCHED_GETCPU 1
| #define HAVE_PTHREAD_SETAFFINITY_NP 1
| #define HAVE_DLFCN_H 1
| #define LT_OBJDIR ".libs/"
| #define LT_MODULE_EXT ".so"
| #define LT_MODULE_PATH_VAR "LD_LIBRARY_PATH"
| #define LT_DLSEARCH_PATH "/lib:/usr/lib:/usr/lib/x86_64-linux-gnu/libfakeroot:/usr/local/lib/i386-linux-gnu:/lib/i386-linux-gnu:/usr/lib/i386-linux-gnu:/usr/local/lib/i686-linux-gnu:/lib/i686-linux-gnu:/usr/lib/i686-linux-gnu:/usr/local/lib:/usr/local/lib/x86_64-linux-gnu:/lib/x86_64-linux-gnu:/usr/lib/x86_64-linux-gnu:/lib32:/usr/lib32"
| #define HAVE_LIBDL 1
| #define HAVE_DLERROR 1
| #define HAVE_LIBDLLOADER 1
| #define HAVE_ARGZ_H 1
| #define HAVE_ERROR_T 1
| #define HAVE_ARGZ_ADD 1
| #define HAVE_ARGZ_APPEND 1
| #define HAVE_ARGZ_COUNT 1
| #define HAVE_ARGZ_CREATE_SEP 1
| #define HAVE_ARGZ_INSERT 1
| #define HAVE_ARGZ_NEXT 1
| #define HAVE_ARGZ_STRINGIFY 1
| #define HAVE_WORKING_ARGZ 1
| #define HAVE_PRELOADED_SYMBOLS 1
| #define HAVE_LTDL 1
| #define HAVE_UNISTD_H 1
| #define HAVE_DIRENT_H 1
| #define HAVE_CLOSEDIR 1
| #define HAVE_OPENDIR 1
| #define HAVE_READDIR 1
| #define LT_LIBEXT "a"
| #define LT_LIBPREFIX "lib"
| #define HAVE_PYTHON_H 1
| /* end confdefs.h.  */
| 
| int
| main (void)
| {
| #ifndef __INTEL_COMPILER
|        choke me
| #endif
| 
|   ;
|   return 0;
| }
configure:36509: result: no
configure:36511: checking to add extra CXXFLAGS for the INTEL C++ compiler
configure:36533: result: 
configure:36632: checking for dot
configure:36653: found /usr/bin/dot
configure:36664: result: dot
configure:36674: checking for ltl2ba
configure:36709: result: no
configure:36716: checking for ltl3ba
configure:36751: result: no
configure:36758: checking for perl
configure:36779: found /usr/bin/perl
configure:36790: result: perl
configure:36800: checking for spin
configure:36835: result: no
configure:36842: checking for lbtt
configure:36877: result: no
configure:36884: checking for emacs
configure:36905: found /usr/bin/emacs
configure:36916: result: emacs
configure:36928: checking for ipython3
configure:36949: found /home/nissa/.local/bin/ipython3
configure:36960: result: ipython3
configure:36976: checking for jupyter
configure:36997: found /home/nissa/.local/bin/jupyter
configure:37008: result: jupyter
configure:37022: checking for lbtt-translate
configure:37057: result: no
configure:37065: checking for valgrind
configure:37086: found /usr/bin/valgrind
configure:37097: result: valgrind
configure:37106: checking whether valgrind is sane
configure:37127: result: yes
configure:37141: checking for swig4.0
configure:37162: found /usr/bin/swig4.0
configure:37173: result: swig4.0
configure:37302: checking that generated files are newer than configure
configure:37308: result: done
configure:37453: creating ./config.status

## ---------------- ##
## Cache variables. ##
## ---------------- ##

ac_cv_build=x86_64-pc-linux-gnu
ac_cv_c_compiler_gnu=yes
ac_cv_c_inline=inline
ac_cv_c_restrict=__restrict
ac_cv_c_undeclared_builtin_options='none needed'
ac_cv_cxx_compiler_gnu=yes
ac_cv_cxx_compiler_intel=no
ac_cv_cxx_undeclared_builtin_options='none needed'
ac_cv_env_BISON_set=
ac_cv_env_BISON_value=
ac_cv_env_CCC_set=
ac_cv_env_CCC_value=
ac_cv_env_CC_set=
ac_cv_env_CC_value=
ac_cv_env_CFLAGS_set=
ac_cv_env_CFLAGS_value=
ac_cv_env_CPPFLAGS_set=
ac_cv_env_CPPFLAGS_value=
ac_cv_env_CPP_set=
ac_cv_env_CPP_value=
ac_cv_env_CXXCPP_set=
ac_cv_env_CXXCPP_value=
ac_cv_env_CXXFLAGS_set=
ac_cv_env_CXXFLAGS_value=
ac_cv_env_CXX_set=
ac_cv_env_CXX_value=
ac_cv_env_LDFLAGS_set=
ac_cv_env_LDFLAGS_value=
ac_cv_env_LIBS_set=
ac_cv_env_LIBS_value=
ac_cv_env_LT_SYS_LIBRARY_PATH_set=
ac_cv_env_LT_SYS_LIBRARY_PATH_value=
ac_cv_env_PYTHON_set=
ac_cv_env_PYTHON_value=
ac_cv_env_build_alias_set=
ac_cv_env_build_alias_value=
ac_cv_env_host_alias_set=
ac_cv_env_host_alias_value=
ac_cv_env_target_alias_set=
ac_cv_env_target_alias_value=
ac_cv_func__set_invalid_parameter_handler=no
ac_cv_func_alarm=yes
ac_cv_func_alloca_works=yes
ac_cv_func_argz_add=yes
ac_cv_func_argz_append=yes
ac_cv_func_argz_count=yes
ac_cv_func_argz_create_sep=yes
ac_cv_func_argz_insert=yes
ac_cv_func_argz_next=yes
ac_cv_func_argz_stringify=yes
ac_cv_func_closedir=yes
ac_cv_func_dlerror=yes
ac_cv_func_flockfile=yes
ac_cv_func_funlockfile=yes
ac_cv_func_getegid=yes
ac_cv_func_geteuid=yes
ac_cv_func_getexecname=no
ac_cv_func_getgid=yes
ac_cv_func_getopt_long_only=yes
ac_cv_func_getprogname=no
ac_cv_func_gettimeofday=yes
ac_cv_func_getuid=yes
ac_cv_func_iswcntrl=yes
ac_cv_func_kill=yes
ac_cv_func_lstat=yes
ac_cv_func_malloc_0_nonnull=yes
ac_cv_func_mbrtowc=yes
ac_cv_func_mbsinit=yes
ac_cv_func_mempcpy=yes
ac_cv_func_mkstemp=yes
ac_cv_func_mkstemps=yes
ac_cv_func_mmap=yes
ac_cv_func_mprotect=yes
ac_cv_func_opendir=yes
ac_cv_func_pthread_setaffinity_np=yes
ac_cv_func_rawmemchr=yes
ac_cv_func_readdir=yes
ac_cv_func_sched_getcpu=yes
ac_cv_func_secure_getenv=yes
ac_cv_func_shl_load=no
ac_cv_func_sigaction=yes
ac_cv_func_sleep=yes
ac_cv_func_snprintf=yes
ac_cv_func_stpcpy=yes
ac_cv_func_strcasecmp=yes
ac_cv_func_strchrnul=yes
ac_cv_func_strerror_r_char_p=yes
ac_cv_func_strlcat=no
ac_cv_func_strlcpy=no
ac_cv_func_strncasecmp=yes
ac_cv_func_strndup=yes
ac_cv_func_strnlen=yes
ac_cv_func_strnlen_working=yes
ac_cv_func_strverscmp=yes
ac_cv_func_symlink=yes
ac_cv_func_times=yes
ac_cv_func_towlower=yes
ac_cv_func_vasnprintf=no
ac_cv_func_vsnprintf=yes
ac_cv_func_wcrtomb=yes
ac_cv_func_wcslen=yes
ac_cv_func_wcsnlen=yes
ac_cv_have_decl___argv=no
ac_cv_have_decl___fpending=yes
ac_cv_have_decl__snprintf=no
ac_cv_have_decl_clearerr_unlocked=yes
ac_cv_have_decl_feof_unlocked=yes
ac_cv_have_decl_ferror_unlocked=yes
ac_cv_have_decl_fflush_unlocked=yes
ac_cv_have_decl_fgets_unlocked=yes
ac_cv_have_decl_fputc_unlocked=yes
ac_cv_have_decl_fputs_unlocked=yes
ac_cv_have_decl_fread_unlocked=yes
ac_cv_have_decl_fwrite_unlocked=yes
ac_cv_have_decl_getc_unlocked=yes
ac_cv_have_decl_getchar_unlocked=yes
ac_cv_have_decl_lt_dlinterface_register=yes
ac_cv_have_decl_program_invocation_name=yes
ac_cv_have_decl_program_invocation_short_name=yes
ac_cv_have_decl_putc_unlocked=yes
ac_cv_have_decl_putchar_unlocked=yes
ac_cv_have_decl_sleep=yes
ac_cv_have_decl_strerror_r=yes
ac_cv_have_decl_strncasecmp=yes
ac_cv_have_decl_strndup=yes
ac_cv_have_decl_strnlen=yes
ac_cv_have_decl_vsnprintf=yes
ac_cv_header_Python_h=yes
ac_cv_header_argz_h=yes
ac_cv_header_crtdefs_h=no
ac_cv_header_dirent_h=yes
ac_cv_header_dl_h=no
ac_cv_header_dld_h=no
ac_cv_header_dlfcn_h=yes
ac_cv_header_features_h=yes
ac_cv_header_getopt_h=yes
ac_cv_header_inttypes_h=yes
ac_cv_header_limits_h=yes
ac_cv_header_linewrap_h=no
ac_cv_header_ltdl_h=yes
ac_cv_header_mach_o_dyld_h=no
ac_cv_header_minix_config_h=no
ac_cv_header_pthread_h=yes
ac_cv_header_spawn_h=yes
ac_cv_header_stat_broken=no
ac_cv_header_stdbool_h=yes
ac_cv_header_stdint_h=yes
ac_cv_header_stdio_ext_h=yes
ac_cv_header_stdio_h=yes
ac_cv_header_stdlib_h=yes
ac_cv_header_string_h=yes
ac_cv_header_strings_h=yes
ac_cv_header_sys_cdefs_h=yes
ac_cv_header_sys_dl_h=no
ac_cv_header_sys_mman_h=yes
ac_cv_header_sys_param_h=yes
ac_cv_header_sys_socket_h=yes
ac_cv_header_sys_stat_h=yes
ac_cv_header_sys_time_h=yes
ac_cv_header_sys_times_h=yes
ac_cv_header_sys_types_h=yes
ac_cv_header_sys_wait_h=yes
ac_cv_header_sysexits_h=yes
ac_cv_header_threads_h=yes
ac_cv_header_unistd_h=yes
ac_cv_header_valgrind_memcheck_h=yes
ac_cv_header_wchar_h=yes
ac_cv_header_wctype_h=yes
ac_cv_header_xlocale_h=no
ac_cv_host=x86_64-pc-linux-gnu
ac_cv_intel_cxxflags=
ac_cv_lib_dld_dld_link=no
ac_cv_lib_dld_shl_load=no
ac_cv_lib_error_at_line=yes
ac_cv_lib_lex='none needed'
ac_cv_lib_ltdl_lt_dladvise_preload=yes
ac_cv_lib_pthread_pthread_kill=yes
ac_cv_member_struct_stat_st_atim_tv_nsec=yes
ac_cv_member_struct_stat_st_birthtim_tv_nsec=no
ac_cv_member_struct_stat_st_birthtimensec=no
ac_cv_member_struct_stat_st_birthtimespec_tv_nsec=no
ac_cv_objext=o
ac_cv_path_EGREP='/usr/bin/grep -E'
ac_cv_path_FGREP='/usr/bin/grep -F'
ac_cv_path_GREP=/usr/bin/grep
ac_cv_path_PYTHON=/usr/bin/python3
ac_cv_path_SED=/usr/bin/sed
ac_cv_path_install='/usr/bin/install -c'
ac_cv_path_lt_DD=/usr/bin/dd
ac_cv_path_mkdir=/usr/bin/mkdir
ac_cv_prog_AWK=gawk
ac_cv_prog_BISON=bison
ac_cv_prog_CPP='gcc -E'
ac_cv_prog_CXXCPP='g++ -E'
ac_cv_prog_DOT=dot
ac_cv_prog_EMACS=emacs
ac_cv_prog_IPYTHON=ipython3
ac_cv_prog_JUPYTER=jupyter
ac_cv_prog_LEX=flex
ac_cv_prog_PERL=perl
ac_cv_prog_SWIG=swig4.0
ac_cv_prog_VALGRIND=valgrind
ac_cv_prog_ac_ct_AR=ar
ac_cv_prog_ac_ct_CC=gcc
ac_cv_prog_ac_ct_CXX=g++
ac_cv_prog_ac_ct_MANIFEST_TOOL=mt
ac_cv_prog_ac_ct_OBJDUMP=objdump
ac_cv_prog_ac_ct_RANLIB=ranlib
ac_cv_prog_ac_ct_STRIP=strip
ac_cv_prog_cc_c11=
ac_cv_prog_cc_g=yes
ac_cv_prog_cc_stdc=
ac_cv_prog_cxx_11=no
ac_cv_prog_cxx_cxx11=
ac_cv_prog_cxx_g=yes
ac_cv_prog_cxx_stdcxx=
ac_cv_prog_gcc_opt_flags=-O3
ac_cv_prog_gxx_opt_flags='-O3 -ffast-math -fstrict-aliasing -fomit-frame-pointer'
ac_cv_prog_lex_root=lex.yy
ac_cv_prog_lex_yytext_pointer=yes
ac_cv_prog_make_make_set=yes
ac_cv_safe_to_define___extensions__=yes
ac_cv_search_dlopen='none required'
ac_cv_search_yywrap=-ll
ac_cv_should_define__xopen_source=no
ac_cv_sys_file_offset_bits=no
ac_cv_sys_largefile_CC=no
ac_cv_type__Bool=yes
ac_cv_type_error_t=yes
ac_cv_type_mbstate_t=yes
ac_cv_type_mode_t=yes
ac_cv_type_nlink_t=yes
ac_cv_type_pid_t=yes
ac_cv_type_ptrdiff_t=yes
ac_cv_type_size_t=yes
ac_cv_typeof_struct_stat_st_atim_is_struct_timespec=yes
ac_cv_working_alloca_h=yes
acl_cv_prog_gnu_ld_symbolic=yes
adl_cv_python_ext=.cpython-310-x86_64-linux-gnu.so
adl_cv_python_inc=/usr/include/python3.10
am_cv_CC_dependencies_compiler_type=gcc3
am_cv_CXX_dependencies_compiler_type=gcc3
am_cv_langinfo_codeset=yes
am_cv_make_support_nested_variables=yes
am_cv_pathless_PYTHON=python3
am_cv_prog_cc_c_o=yes
am_cv_prog_tar_ustar=gnutar
am_cv_python_platform=linux
am_cv_python_pyexecdir='${PYTHON_EXEC_PREFIX}/lib/python3.10/site-packages'
am_cv_python_pythondir='${PYTHON_PREFIX}/lib/python3.10/site-packages'
am_cv_python_version=3.10
ax_cv_check_cflags___Werror__fvisibility_hidden=yes
ax_cv_check_cflags___std_c11=yes
ax_cv_check_cxxflags___Werror__fvisibility_hidden=yes
ax_cv_check_cxxflags___fvisibility_inlines_hidden=yes
ax_cv_check_cxxflags___std_cpp17=yes
ax_cv_valgrind_sanity=yes
gl_cv_c___inline=yes
gl_cv_c_amsterdam_compiler=no
gl_cv_c_multiarch=no
gl_cv_cc_double_expbit0='word 1 bit 20'
gl_cv_compiler_check_decl_option=none
gl_cv_compiler_clang=no
gl_cv_decl_null_works=yes
gl_cv_double_slash_root=no
gl_cv_func___fpending=yes
gl_cv_func_getopt_gnu=yes
gl_cv_func_getopt_long_gnu=yes
gl_cv_func_getopt_posix=yes
gl_cv_func_gettimeofday_clobber=no
gl_cv_func_gettimeofday_posix_signature=yes
gl_cv_func_iswcntrl_works=yes
gl_cv_func_itold_works=yes
gl_cv_func_lstat_dereferences_slashed_symlink=yes
gl_cv_func_malloc_0_nonnull=1
gl_cv_func_malloc_posix=yes
gl_cv_func_mbrtowc_C_locale_sans_EILSEQ=no
gl_cv_func_mbrtowc_empty_input=yes
gl_cv_func_mbrtowc_incomplete_state=yes
gl_cv_func_mbrtowc_nul_retval='guessing yes'
gl_cv_func_mbrtowc_null_arg1=yes
gl_cv_func_mbrtowc_null_arg2=yes
gl_cv_func_mbrtowc_retval=yes
gl_cv_func_mbrtowc_sanitycheck='guessing yes'
gl_cv_func_mbrtowc_stores_incomplete=no
gl_cv_func_memchr_works=yes
gl_cv_func_mkdir_trailing_dot_works=yes
gl_cv_func_mkdir_trailing_slash_works=yes
gl_cv_func_printf_attribute_flavor=system
gl_cv_func_printf_positions=yes
gl_cv_func_setlocale_null_all_mtsafe=yes
gl_cv_func_setlocale_null_one_mtsafe=yes
gl_cv_func_sleep_works=yes
gl_cv_func_snprintf_retval_c99=yes
gl_cv_func_snprintf_size1=yes
gl_cv_func_stat_file_slash=yes
gl_cv_func_strchrnul_works=yes
gl_cv_func_strerror_0_works=yes
gl_cv_func_strndup_works=yes
gl_cv_func_vsnprintf_usable=yes
gl_cv_func_working_mkstemp=yes
gl_cv_func_working_strerror=yes
gl_cv_have_include_next=yes
gl_cv_header_errno_h_complete=yes
gl_cv_header_inttypes_h=yes
gl_cv_header_limits_width=yes
gl_cv_header_locale_h_needs_xlocale_h=no
gl_cv_header_locale_h_posix2001=yes
gl_cv_header_locale_has_locale_t=yes
gl_cv_header_stdint_h=yes
gl_cv_header_stdint_predates_cxx11_h=no
gl_cv_header_stdint_width=yes
gl_cv_header_wchar_h_correct_inline=yes
gl_cv_header_working_fcntl_h=yes
gl_cv_header_working_stdalign_h=yes
gl_cv_header_working_stdint_h=yes
gl_cv_minmax_in_limits_h=no
gl_cv_minmax_in_sys_param_h=yes
gl_cv_next_fcntl_h='<fcntl.h>'
gl_cv_next_getopt_h='<getopt.h>'
gl_cv_next_inttypes_h='<inttypes.h>'
gl_cv_next_limits_h='<limits.h>'
gl_cv_next_locale_h='<locale.h>'
gl_cv_next_stdint_h='<stdint.h>'
gl_cv_next_stdio_h='<stdio.h>'
gl_cv_next_stdlib_h='<stdlib.h>'
gl_cv_next_string_h='<string.h>'
gl_cv_next_strings_h='<strings.h>'
gl_cv_next_sys_stat_h='<sys/stat.h>'
gl_cv_next_sys_time_h='<sys/time.h>'
gl_cv_next_sys_types_h='<sys/types.h>'
gl_cv_next_sys_wait_h='<sys/wait.h>'
gl_cv_next_sysexits_h='<sysexits.h>'
gl_cv_next_time_h='<time.h>'
gl_cv_next_unistd_h='<unistd.h>'
gl_cv_next_wchar_h='<wchar.h>'
gl_cv_next_wctype_h='<wctype.h>'
gl_cv_pragma_columns=no
gl_cv_rpl_alloca=yes
gl_cv_size_max=yes
gl_cv_sys_struct_lconv_ok=yes
gl_cv_sys_struct_timespec_in_time_h=yes
gl_cv_sys_struct_timeval=yes
gl_cv_sys_struct_timeval_tv_sec=yes
gl_cv_type_max_align_t=yes
gl_cv_type_wctrans_t=yes
gl_cv_type_wctype_t=yes
gl_cv_type_wint_t_too_small=no
gt_cv_c_intmax_t=yes
gt_cv_c_wchar_t=yes
gt_cv_c_wint_t=yes
gt_cv_locale_fr_utf8=fr_FR.UTF-8
gt_cv_locale_ja=none
gt_cv_locale_zh_CN=none
gt_cv_ssize_t=yes
libltdl_cv_lib_dl_dlopen=yes
libltdl_cv_preloaded_symbols=yes
libltdl_cv_shlibext=.so
libltdl_cv_shrext=.so
lt_cv_ar_at_file=@
lt_cv_archive_cmds_need_lc=no
lt_cv_deplibs_check_method=pass_all
lt_cv_file_magic_cmd='$MAGIC_CMD'
lt_cv_file_magic_test_file=
lt_cv_ld_reload_flag=-r
lt_cv_module_path_var=LD_LIBRARY_PATH
lt_cv_nm_interface='BSD nm'
lt_cv_objdir=.libs
lt_cv_path_LD=/usr/bin/ld
lt_cv_path_LDCXX='/usr/bin/ld -m elf_x86_64'
lt_cv_path_NM='/usr/bin/nm -B'
lt_cv_path_mainfest_tool=no
lt_cv_prog_compiler_c_o=yes
lt_cv_prog_compiler_c_o_CXX=yes
lt_cv_prog_compiler_pic='-fPIC -DPIC'
lt_cv_prog_compiler_pic_CXX='-fPIC -DPIC'
lt_cv_prog_compiler_pic_works=yes
lt_cv_prog_compiler_pic_works_CXX=yes
lt_cv_prog_compiler_rtti_exceptions=no
lt_cv_prog_compiler_static_works=yes
lt_cv_prog_compiler_static_works_CXX=yes
lt_cv_prog_gnu_ld=yes
lt_cv_prog_gnu_ldcxx=yes
lt_cv_sharedlib_from_linklib_cmd='printf %s\n'
lt_cv_shlibpath_overrides_runpath=yes
lt_cv_sys_argz_works=yes
lt_cv_sys_dlopen_deplibs=yes
lt_cv_sys_dlsearch_path='/lib /usr/lib /usr/lib/x86_64-linux-gnu/libfakeroot /usr/local/lib/i386-linux-gnu /lib/i386-linux-gnu /usr/lib/i386-linux-gnu /usr/local/lib/i686-linux-gnu /lib/i686-linux-gnu /usr/lib/i686-linux-gnu /usr/local/lib /usr/local/lib/x86_64-linux-gnu /lib/x86_64-linux-gnu /usr/lib/x86_64-linux-gnu /lib32 /usr/lib32 '
lt_cv_sys_global_symbol_pipe='sed -n -e '\''s/^.*[	 ]\([ABCDGIRSTW][ABCDGIRSTW]*\)[	 ][	 ]*\([_A-Za-z][_A-Za-z0-9]*\)$/\1 \2 \2/p'\'' | sed '\''/ __gnu_lto/d'\'''
lt_cv_sys_global_symbol_to_c_name_address='sed -n -e '\''s/^: \(.*\) .*$/  {"\1", (void *) 0},/p'\'' -e '\''s/^[ABCDGIRSTW][ABCDGIRSTW]* .* \(.*\)$/  {"\1", (void *) \&\1},/p'\'''
lt_cv_sys_global_symbol_to_c_name_address_lib_prefix='sed -n -e '\''s/^: \(.*\) .*$/  {"\1", (void *) 0},/p'\'' -e '\''s/^[ABCDGIRSTW][ABCDGIRSTW]* .* \(lib.*\)$/  {"\1", (void *) \&\1},/p'\'' -e '\''s/^[ABCDGIRSTW][ABCDGIRSTW]* .* \(.*\)$/  {"lib\1", (void *) \&\1},/p'\'''
lt_cv_sys_global_symbol_to_cdecl='sed -n -e '\''s/^T .* \(.*\)$/extern int \1();/p'\'' -e '\''s/^[ABCDGIRSTW][ABCDGIRSTW]* .* \(.*\)$/extern char \1;/p'\'''
lt_cv_sys_global_symbol_to_import=
lt_cv_sys_max_cmd_len=1572864
lt_cv_sys_symbol_underscore=no
lt_cv_to_host_file_cmd=func_convert_file_noop
lt_cv_to_tool_file_cmd=func_convert_file_noop
lt_cv_truncate_bin='/usr/bin/dd bs=4096 count=1'

## ----------------- ##
## Output variables. ##
## ----------------- ##

ACLOCAL='${SHELL} '\''/home/nissa/Documents/Thesis/MANUSCRIPT/bsaltic/spot/tools/missing'\'' aclocal-1.16'
ALLOCA=''
ALLOCA_H='alloca.h'
AMDEPBACKSLASH='\'
AMDEP_FALSE='#'
AMDEP_TRUE=''
AMTAR='$${TAR-tar}'
AM_BACKSLASH='\'
AM_DEFAULT_V='$(AM_DEFAULT_VERBOSITY)'
AM_DEFAULT_VERBOSITY='1'
AM_V='$(V)'
APPLE_UNIVERSAL_BUILD='0'
AR='ar'
ARFLAGS='cr'
AS='as'
AUTOCONF='${SHELL} '\''/home/nissa/Documents/Thesis/MANUSCRIPT/bsaltic/spot/tools/missing'\'' autoconf'
AUTOHEADER='${SHELL} '\''/home/nissa/Documents/Thesis/MANUSCRIPT/bsaltic/spot/tools/missing'\'' autoheader'
AUTOMAKE='${SHELL} '\''/home/nissa/Documents/Thesis/MANUSCRIPT/bsaltic/spot/tools/missing'\'' automake-1.16'
AWK='gawk'
BISON='bison'
BISON_EXTRA_FLAGS='-Wno-deprecated'
BITSIZEOF_PTRDIFF_T=''
BITSIZEOF_SIG_ATOMIC_T=''
BITSIZEOF_SIZE_T=''
BITSIZEOF_WCHAR_T=''
BITSIZEOF_WINT_T=''
BUDDY_CPPFLAGS='-I$(top_srcdir)/buddy/src'
BUDDY_LDFLAGS='$(top_builddir)/buddy/src/libbddx.la'
CC='gcc'
CCDEPMODE='depmode=gcc3'
CFLAGS=' -std=c11 -fvisibility=hidden -g -O3'
CFLAG_VISIBILITY=''
CONVENIENCE_LTDL_FALSE='#'
CONVENIENCE_LTDL_TRUE=''
CPP='gcc -E'
CPPFLAGS=' -DNDEBUG'
CROSS_COMPILING='no'
CSCOPE='cscope'
CTAGS='ctags'
CXX='g++'
CXXCPP='g++ -E'
CXXDEPMODE='depmode=gcc3'
CXXFLAGS=' -fvisibility=hidden -fvisibility-inlines-hidden -DSPOT_BUILD -std=c++17 -g -O3 -ffast-math -fstrict-aliasing -fomit-frame-pointer'
CYGPATH_W='echo'
DEFS='-DHAVE_CONFIG_H'
DEPDIR='.deps'
DLLTOOL='false'
DOT='dot'
DSYMUTIL=''
DUMPBIN=''
ECHO_C=''
ECHO_N='-n'
ECHO_T=''
EGREP='/usr/bin/grep -E'
EMACS='emacs'
EMULTIHOP_HIDDEN=''
EMULTIHOP_VALUE=''
ENABLE_DOXYGEN_FALSE=''
ENABLE_DOXYGEN_TRUE='#'
ENOLINK_HIDDEN=''
ENOLINK_VALUE=''
EOVERFLOW_HIDDEN=''
EOVERFLOW_VALUE=''
ERRNO_H=''
ETAGS='etags'
EXEEXT=''
FGREP='/usr/bin/grep -F'
FLOAT_H=''
GETOPT_CDEFS_H='getopt-cdefs.h'
GETOPT_H='getopt.h'
GITPATCH='.0'
GL_COND_LIBTOOL_FALSE='#'
GL_COND_LIBTOOL_TRUE=''
GL_GENERATE_ALLOCA_H_FALSE='#'
GL_GENERATE_ALLOCA_H_TRUE=''
GL_GENERATE_ERRNO_H_FALSE=''
GL_GENERATE_ERRNO_H_TRUE='#'
GL_GENERATE_FLOAT_H_FALSE=''
GL_GENERATE_FLOAT_H_TRUE='#'
GL_GENERATE_LIMITS_H_FALSE='#'
GL_GENERATE_LIMITS_H_TRUE=''
GL_GENERATE_STDALIGN_H_FALSE=''
GL_GENERATE_STDALIGN_H_TRUE='#'
GL_GENERATE_STDBOOL_H_FALSE=''
GL_GENERATE_STDBOOL_H_TRUE='#'
GL_GENERATE_STDDEF_H_FALSE=''
GL_GENERATE_STDDEF_H_TRUE='#'
GL_GENERATE_STDINT_H_FALSE=''
GL_GENERATE_STDINT_H_TRUE='#'
GL_GENERATE_SYSEXITS_H_FALSE=''
GL_GENERATE_SYSEXITS_H_TRUE='#'
GNULIB_ACCESS='0'
GNULIB_ATOLL='0'
GNULIB_BTOWC='0'
GNULIB_CALLOC_POSIX='0'
GNULIB_CANONICALIZE_FILE_NAME='0'
GNULIB_CHDIR='0'
GNULIB_CHOWN='0'
GNULIB_CLOSE='0'
GNULIB_COPY_FILE_RANGE='0'
GNULIB_CREAT='0'
GNULIB_CTIME='0'
GNULIB_DPRINTF='0'
GNULIB_DUP2='0'
GNULIB_DUP3='0'
GNULIB_DUP='0'
GNULIB_DUPLOCALE='0'
GNULIB_ENVIRON='0'
GNULIB_EUIDACCESS='0'
GNULIB_EXPLICIT_BZERO='0'
GNULIB_FACCESSAT='0'
GNULIB_FCHDIR='0'
GNULIB_FCHMODAT='0'
GNULIB_FCHOWNAT='0'
GNULIB_FCLOSE='0'
GNULIB_FCNTL='0'
GNULIB_FDATASYNC='0'
GNULIB_FDOPEN='0'
GNULIB_FFLUSH='0'
GNULIB_FFS='0'
GNULIB_FFSL='0'
GNULIB_FFSLL='0'
GNULIB_FGETC='1'
GNULIB_FGETS='1'
GNULIB_FOPEN='0'
GNULIB_FPRINTF='1'
GNULIB_FPRINTF_POSIX='0'
GNULIB_FPURGE='0'
GNULIB_FPUTC='1'
GNULIB_FPUTS='1'
GNULIB_FREAD='1'
GNULIB_FREOPEN='0'
GNULIB_FSCANF='1'
GNULIB_FSEEK='0'
GNULIB_FSEEKO='0'
GNULIB_FSTAT='0'
GNULIB_FSTATAT='0'
GNULIB_FSYNC='0'
GNULIB_FTELL='0'
GNULIB_FTELLO='0'
GNULIB_FTRUNCATE='0'
GNULIB_FUTIMENS='0'
GNULIB_FWRITE='1'
GNULIB_GETC='1'
GNULIB_GETCHAR='1'
GNULIB_GETCWD='0'
GNULIB_GETDELIM='0'
GNULIB_GETDOMAINNAME='0'
GNULIB_GETDTABLESIZE='0'
GNULIB_GETGROUPS='0'
GNULIB_GETHOSTNAME='0'
GNULIB_GETLINE='0'
GNULIB_GETLOADAVG='0'
GNULIB_GETLOGIN='0'
GNULIB_GETLOGIN_R='0'
GNULIB_GETOPT_POSIX='1'
GNULIB_GETPAGESIZE='0'
GNULIB_GETPASS='0'
GNULIB_GETSUBOPT='0'
GNULIB_GETTIMEOFDAY='1'
GNULIB_GETUSERSHELL='0'
GNULIB_GL_UNISTD_H_GETOPT='1'
GNULIB_GRANTPT='0'
GNULIB_GROUP_MEMBER='0'
GNULIB_IMAXABS='0'
GNULIB_IMAXDIV='0'
GNULIB_ISATTY='1'
GNULIB_ISWBLANK='0'
GNULIB_ISWCTYPE='0'
GNULIB_ISWDIGIT='0'
GNULIB_ISWXDIGIT='0'
GNULIB_LCHMOD='0'
GNULIB_LCHOWN='0'
GNULIB_LINK='0'
GNULIB_LINKAT='0'
GNULIB_LOCALECONV='0'
GNULIB_LOCALENAME='0'
GNULIB_LOCALTIME='0'
GNULIB_LSEEK='0'
GNULIB_LSTAT='1'
GNULIB_MALLOC_POSIX='1'
GNULIB_MBRLEN='0'
GNULIB_MBRTOWC='1'
GNULIB_MBSCASECMP='0'
GNULIB_MBSCASESTR='0'
GNULIB_MBSCHR='0'
GNULIB_MBSCSPN='0'
GNULIB_MBSINIT='1'
GNULIB_MBSLEN='0'
GNULIB_MBSNCASECMP='0'
GNULIB_MBSNLEN='0'
GNULIB_MBSNRTOWCS='0'
GNULIB_MBSPBRK='0'
GNULIB_MBSPCASECMP='0'
GNULIB_MBSRCHR='0'
GNULIB_MBSRTOWCS='0'
GNULIB_MBSSEP='0'
GNULIB_MBSSPN='0'
GNULIB_MBSSTR='0'
GNULIB_MBSTOK_R='0'
GNULIB_MBTOWC='0'
GNULIB_MEMCHR='1'
GNULIB_MEMMEM='0'
GNULIB_MEMPCPY='1'
GNULIB_MEMRCHR='0'
GNULIB_MKDIRAT='0'
GNULIB_MKDTEMP='0'
GNULIB_MKFIFO='0'
GNULIB_MKFIFOAT='0'
GNULIB_MKNOD='0'
GNULIB_MKNODAT='0'
GNULIB_MKOSTEMP='0'
GNULIB_MKOSTEMPS='0'
GNULIB_MKSTEMP='1'
GNULIB_MKSTEMPS='1'
GNULIB_MKTIME='0'
GNULIB_NANOSLEEP='0'
GNULIB_NONBLOCKING='0'
GNULIB_OBSTACK_PRINTF='0'
GNULIB_OBSTACK_PRINTF_POSIX='0'
GNULIB_OPEN='0'
GNULIB_OPENAT='0'
GNULIB_OVERRIDES_STRUCT_STAT='0'
GNULIB_OVERRIDES_WINT_T='0'
GNULIB_PCLOSE='0'
GNULIB_PERROR='0'
GNULIB_PIPE2='0'
GNULIB_PIPE='0'
GNULIB_POPEN='0'
GNULIB_POSIX_OPENPT='0'
GNULIB_PREAD='0'
GNULIB_PRINTF='1'
GNULIB_PRINTF_POSIX='0'
GNULIB_PTSNAME='0'
GNULIB_PTSNAME_R='0'
GNULIB_PUTC='1'
GNULIB_PUTCHAR='1'
GNULIB_PUTENV='0'
GNULIB_PUTS='1'
GNULIB_PWRITE='0'
GNULIB_QSORT_R='0'
GNULIB_RANDOM='0'
GNULIB_RANDOM_R='0'
GNULIB_RAWMEMCHR='1'
GNULIB_READ='0'
GNULIB_READLINK='0'
GNULIB_READLINKAT='0'
GNULIB_REALLOCARRAY='0'
GNULIB_REALLOC_POSIX='0'
GNULIB_REALPATH='0'
GNULIB_REMOVE='0'
GNULIB_RENAME='0'
GNULIB_RENAMEAT='0'
GNULIB_RMDIR='0'
GNULIB_RPMATCH='0'
GNULIB_SCANF='1'
GNULIB_SECURE_GETENV='1'
GNULIB_SETENV='0'
GNULIB_SETHOSTNAME='0'
GNULIB_SETLOCALE='0'
GNULIB_SETLOCALE_NULL='1'
GNULIB_SLEEP='1'
GNULIB_SNPRINTF='0'
GNULIB_SPRINTF_POSIX='0'
GNULIB_STAT='1'
GNULIB_STDIO_H_NONBLOCKING='0'
GNULIB_STDIO_H_SIGPIPE='0'
GNULIB_STPCPY='1'
GNULIB_STPNCPY='0'
GNULIB_STRCASESTR='0'
GNULIB_STRCHRNUL='1'
GNULIB_STRDUP='0'
GNULIB_STRERROR='1'
GNULIB_STRERROR_R='0'
GNULIB_STRFTIME='0'
GNULIB_STRNCAT='0'
GNULIB_STRNDUP='1'
GNULIB_STRNLEN='1'
GNULIB_STRPBRK='0'
GNULIB_STRPTIME='0'
GNULIB_STRSEP='0'
GNULIB_STRSIGNAL='0'
GNULIB_STRSTR='0'
GNULIB_STRTOD='0'
GNULIB_STRTOIMAX='0'
GNULIB_STRTOK_R='0'
GNULIB_STRTOLD='0'
GNULIB_STRTOLL='0'
GNULIB_STRTOULL='0'
GNULIB_STRTOUMAX='0'
GNULIB_STRVERSCMP='1'
GNULIB_SYMLINK='0'
GNULIB_SYMLINKAT='0'
GNULIB_SYSTEM_POSIX='0'
GNULIB_TIMEGM='0'
GNULIB_TIME_R='0'
GNULIB_TIME_RZ='0'
GNULIB_TMPFILE='0'
GNULIB_TOWCTRANS='0'
GNULIB_TRUNCATE='0'
GNULIB_TTYNAME_R='0'
GNULIB_TZSET='0'
GNULIB_UNISTD_H_NONBLOCKING='0'
GNULIB_UNISTD_H_SIGPIPE='0'
GNULIB_UNLINK='0'
GNULIB_UNLINKAT='0'
GNULIB_UNLOCKPT='0'
GNULIB_UNSETENV='0'
GNULIB_USLEEP='0'
GNULIB_UTIMENSAT='0'
GNULIB_VASPRINTF='0'
GNULIB_VDPRINTF='0'
GNULIB_VFPRINTF='1'
GNULIB_VFPRINTF_POSIX='0'
GNULIB_VFSCANF='0'
GNULIB_VPRINTF='1'
GNULIB_VPRINTF_POSIX='0'
GNULIB_VSCANF='0'
GNULIB_VSNPRINTF='1'
GNULIB_VSPRINTF_POSIX='0'
GNULIB_WAITPID='0'
GNULIB_WCPCPY='0'
GNULIB_WCPNCPY='0'
GNULIB_WCRTOMB='0'
GNULIB_WCSCASECMP='0'
GNULIB_WCSCAT='0'
GNULIB_WCSCHR='0'
GNULIB_WCSCMP='0'
GNULIB_WCSCOLL='0'
GNULIB_WCSCPY='0'
GNULIB_WCSCSPN='0'
GNULIB_WCSDUP='0'
GNULIB_WCSFTIME='0'
GNULIB_WCSLEN='0'
GNULIB_WCSNCASECMP='0'
GNULIB_WCSNCAT='0'
GNULIB_WCSNCMP='0'
GNULIB_WCSNCPY='0'
GNULIB_WCSNLEN='0'
GNULIB_WCSNRTOMBS='0'
GNULIB_WCSPBRK='0'
GNULIB_WCSRCHR='0'
GNULIB_WCSRTOMBS='0'
GNULIB_WCSSPN='0'
GNULIB_WCSSTR='0'
GNULIB_WCSTOK='0'
GNULIB_WCSWIDTH='0'
GNULIB_WCSXFRM='0'
GNULIB_WCTOB='0'
GNULIB_WCTOMB='0'
GNULIB_WCTRANS='0'
GNULIB_WCTYPE='0'
GNULIB_WCWIDTH='0'
GNULIB_WMEMCHR='0'
GNULIB_WMEMCMP='0'
GNULIB_WMEMCPY='0'
GNULIB_WMEMMOVE='0'
GNULIB_WMEMSET='0'
GNULIB_WRITE='0'
GNULIB__EXIT='0'
GREP='/usr/bin/grep'
HAVE_ALLOCA_H='1'
HAVE_ATOLL='1'
HAVE_BTOWC='1'
HAVE_C99_STDINT_H='1'
HAVE_CANONICALIZE_FILE_NAME='1'
HAVE_CHOWN='1'
HAVE_COPY_FILE_RANGE='1'
HAVE_CRTDEFS_H='0'
HAVE_DECL_ENVIRON='1'
HAVE_DECL_FCHDIR='1'
HAVE_DECL_FDATASYNC='1'
HAVE_DECL_FPURGE='1'
HAVE_DECL_FSEEKO='1'
HAVE_DECL_FTELLO='1'
HAVE_DECL_GETDELIM='1'
HAVE_DECL_GETDOMAINNAME='1'
HAVE_DECL_GETLINE='1'
HAVE_DECL_GETLOADAVG='1'
HAVE_DECL_GETLOGIN='1'
HAVE_DECL_GETLOGIN_R='1'
HAVE_DECL_GETPAGESIZE='1'
HAVE_DECL_GETUSERSHELL='1'
HAVE_DECL_IMAXABS='1'
HAVE_DECL_IMAXDIV='1'
HAVE_DECL_INITSTATE='1'
HAVE_DECL_LOCALTIME_R='1'
HAVE_DECL_MEMMEM='1'
HAVE_DECL_MEMRCHR='1'
HAVE_DECL_OBSTACK_PRINTF='1'
HAVE_DECL_SETENV='1'
HAVE_DECL_SETHOSTNAME='1'
HAVE_DECL_SETSTATE='1'
HAVE_DECL_SNPRINTF='1'
HAVE_DECL_STRDUP='1'
HAVE_DECL_STRERROR_R='1'
HAVE_DECL_STRNCASECMP='1'
HAVE_DECL_STRNDUP='1'
HAVE_DECL_STRNLEN='1'
HAVE_DECL_STRSIGNAL='1'
HAVE_DECL_STRTOIMAX='1'
HAVE_DECL_STRTOK_R='1'
HAVE_DECL_STRTOUMAX='1'
HAVE_DECL_TRUNCATE='1'
HAVE_DECL_TTYNAME_R='1'
HAVE_DECL_UNSETENV='1'
HAVE_DECL_VSNPRINTF='1'
HAVE_DECL_WCTOB='1'
HAVE_DECL_WCWIDTH='1'
HAVE_DPRINTF='1'
HAVE_DUP2='1'
HAVE_DUP3='1'
HAVE_DUPLOCALE='1'
HAVE_EUIDACCESS='1'
HAVE_EXPLICIT_BZERO='1'
HAVE_FACCESSAT='1'
HAVE_FCHDIR='1'
HAVE_FCHMODAT='1'
HAVE_FCHOWNAT='1'
HAVE_FCNTL='1'
HAVE_FDATASYNC='1'
HAVE_FEATURES_H='1'
HAVE_FFS='1'
HAVE_FFSL='1'
HAVE_FFSLL='1'
HAVE_FREELOCALE='1'
HAVE_FSEEKO='1'
HAVE_FSTATAT='1'
HAVE_FSYNC='1'
HAVE_FTELLO='1'
HAVE_FTRUNCATE='1'
HAVE_FUTIMENS='1'
HAVE_GETDTABLESIZE='1'
HAVE_GETGROUPS='1'
HAVE_GETHOSTNAME='1'
HAVE_GETLOGIN='1'
HAVE_GETOPT_H='1'
HAVE_GETPAGESIZE='1'
HAVE_GETPASS='1'
HAVE_GETSUBOPT='1'
HAVE_GETTIMEOFDAY='1'
HAVE_GRANTPT='1'
HAVE_GROUP_MEMBER='1'
HAVE_IMAXDIV_T='1'
HAVE_INITSTATE='1'
HAVE_INTTYPES_H='1'
HAVE_ISWBLANK='1'
HAVE_ISWCNTRL='1'
HAVE_LCHMOD='1'
HAVE_LCHOWN='1'
HAVE_LINK='1'
HAVE_LINKAT='1'
HAVE_LSTAT='1'
HAVE_MAX_ALIGN_T='1'
HAVE_MBRLEN='1'
HAVE_MBRTOWC='1'
HAVE_MBSINIT='1'
HAVE_MBSLEN='0'
HAVE_MBSNRTOWCS='1'
HAVE_MBSRTOWCS='1'
HAVE_MBTOWC='1'
HAVE_MEMCHR='1'
HAVE_MEMPCPY='1'
HAVE_MKDIRAT='1'
HAVE_MKDTEMP='1'
HAVE_MKFIFO='1'
HAVE_MKFIFOAT='1'
HAVE_MKNOD='1'
HAVE_MKNODAT='1'
HAVE_MKOSTEMP='1'
HAVE_MKOSTEMPS='1'
HAVE_MKSTEMP='1'
HAVE_MKSTEMPS='1'
HAVE_MSVC_INVALID_PARAMETER_HANDLER='0'
HAVE_NANOSLEEP='1'
HAVE_NEWLOCALE='1'
HAVE_OPENAT='1'
HAVE_OS_H='0'
HAVE_PCLOSE='1'
HAVE_PIPE2='1'
HAVE_PIPE='1'
HAVE_POPEN='1'
HAVE_POSIX_OPENPT='1'
HAVE_PREAD='1'
HAVE_PTSNAME='1'
HAVE_PTSNAME_R='1'
HAVE_PWRITE='1'
HAVE_QSORT_R='1'
HAVE_RANDOM='1'
HAVE_RANDOM_H='1'
HAVE_RANDOM_R='1'
HAVE_RAWMEMCHR='1'
HAVE_READLINK='1'
HAVE_READLINKAT='1'
HAVE_REALLOCARRAY='1'
HAVE_REALPATH='1'
HAVE_RENAMEAT='1'
HAVE_RPMATCH='1'
HAVE_SECURE_GETENV='1'
HAVE_SETENV='1'
HAVE_SETHOSTNAME='1'
HAVE_SETSTATE='1'
HAVE_SIGNED_SIG_ATOMIC_T=''
HAVE_SIGNED_WCHAR_T=''
HAVE_SIGNED_WINT_T=''
HAVE_SLEEP='1'
HAVE_STDINT_H='1'
HAVE_STPCPY='1'
HAVE_STPNCPY='1'
HAVE_STRCASECMP='1'
HAVE_STRCASESTR='1'
HAVE_STRCHRNUL='1'
HAVE_STRINGS_H='1'
HAVE_STRPBRK='1'
HAVE_STRPTIME='1'
HAVE_STRSEP='1'
HAVE_STRTOD='1'
HAVE_STRTOLD='1'
HAVE_STRTOLL='1'
HAVE_STRTOULL='1'
HAVE_STRUCT_RANDOM_DATA='1'
HAVE_STRUCT_TIMEVAL='1'
HAVE_STRVERSCMP='1'
HAVE_SYMLINK='1'
HAVE_SYMLINKAT='1'
HAVE_SYSEXITS_H='1'
HAVE_SYS_BITYPES_H='0'
HAVE_SYS_CDEFS_H='1'
HAVE_SYS_INTTYPES_H='0'
HAVE_SYS_LOADAVG_H='0'
HAVE_SYS_PARAM_H='0'
HAVE_SYS_TIME_H='1'
HAVE_SYS_TYPES_H='1'
HAVE_TIMEGM='1'
HAVE_TIMEZONE_T='0'
HAVE_TZSET='1'
HAVE_UNISTD_H='1'
HAVE_UNLINKAT='1'
HAVE_UNLOCKPT='1'
HAVE_USLEEP='1'
HAVE_UTIMENSAT='1'
HAVE_VASPRINTF='1'
HAVE_VDPRINTF='1'
HAVE_VISIBILITY=''
HAVE_WCHAR_H='1'
HAVE_WCHAR_T='1'
HAVE_WCPCPY='1'
HAVE_WCPNCPY='1'
HAVE_WCRTOMB='1'
HAVE_WCSCASECMP='1'
HAVE_WCSCAT='1'
HAVE_WCSCHR='1'
HAVE_WCSCMP='1'
HAVE_WCSCOLL='1'
HAVE_WCSCPY='1'
HAVE_WCSCSPN='1'
HAVE_WCSDUP='1'
HAVE_WCSFTIME='1'
HAVE_WCSLEN='1'
HAVE_WCSNCASECMP='1'
HAVE_WCSNCAT='1'
HAVE_WCSNCMP='1'
HAVE_WCSNCPY='1'
HAVE_WCSNLEN='1'
HAVE_WCSNRTOMBS='1'
HAVE_WCSPBRK='1'
HAVE_WCSRCHR='1'
HAVE_WCSRTOMBS='1'
HAVE_WCSSPN='1'
HAVE_WCSSTR='1'
HAVE_WCSTOK='1'
HAVE_WCSWIDTH='1'
HAVE_WCSXFRM='1'
HAVE_WCTRANS_T='1'
HAVE_WCTYPE_H='1'
HAVE_WCTYPE_T='1'
HAVE_WINSOCK2_H='0'
HAVE_WINT_T='1'
HAVE_WMEMCHR='1'
HAVE_WMEMCMP='1'
HAVE_WMEMCPY='1'
HAVE_WMEMMOVE='1'
HAVE_WMEMSET='1'
HAVE_XLOCALE_H='0'
HAVE__BOOL='1'
HAVE__EXIT='1'
INCLTDL=''
INCLUDE_NEXT='include_next'
INCLUDE_NEXT_AS_FIRST_DIRECTIVE='include_next'
INSTALL_DATA='${INSTALL} -m 644'
INSTALL_LTDL_FALSE=''
INSTALL_LTDL_TRUE='#'
INSTALL_PROGRAM='${INSTALL}'
INSTALL_SCRIPT='${INSTALL}'
INSTALL_STRIP_PROGRAM='$(install_sh) -c -s'
INT32_MAX_LT_INTMAX_MAX='1'
INT64_MAX_EQ_LONG_MAX='defined _LP64'
INTEL_CXXFLAGS=''
IPYTHON='ipython3'
JUPYTER='jupyter'
LBTT=''
LBTT_TRANSLATE=''
LD='/usr/bin/ld -m elf_x86_64'
LDFLAGS=''
LEX='flex'
LEXLIB='-ll '
LEX_OUTPUT_ROOT='lex.yy'
LIBADD_DL=' '
LIBADD_DLD_LINK=''
LIBADD_DLOPEN=''
LIBADD_SHL_LOAD=''
LIBINTL=''
LIBLTDL='-lltdl'
LIBOBJS=''
LIBPMULTITHREAD='-lpthread'
LIBPTHREAD=''
LIBS=''
LIBTOOL='$(SHELL) $(top_builddir)/libtool'
LIB_HARD_LOCALE=''
LIB_MBRTOWC=''
LIB_SCHED_YIELD=''
LIB_SETLOCALE_NULL=''
LIMITS_H='limits.h'
LIPO=''
LN_S='ln -s'
LOCALCHARSET_TESTS_ENVIRONMENT=''
LOCALE_FR_UTF8='fr_FR.UTF-8'
LOCALE_JA='none'
LOCALE_ZH_CN='none'
LTALLOCA=''
LTDLDEPS=''
LTDLINCL=''
LTDLOPEN='libltdl'
LTL2BA=''
LTL3BA=''
LTLIBINTL=''
LTLIBOBJS=''
LT_ARGZ_H=''
LT_CONFIG_H='config.h'
LT_DLLOADERS=' ltdl/dlopen.la'
LT_DLPREOPEN='-dlpreopen ltdl/dlopen.la '
LT_SYS_LIBRARY_PATH=''
MAKEINFO='${SHELL} '\''/home/nissa/Documents/Thesis/MANUSCRIPT/bsaltic/spot/tools/missing'\'' makeinfo'
MANIFEST_TOOL=':'
MKDIR_P='/usr/bin/mkdir -p'
NEVER_FALSE=''
NEVER_TRUE='#'
NEXT_AS_FIRST_DIRECTIVE_ERRNO_H=''
NEXT_AS_FIRST_DIRECTIVE_FCNTL_H='<fcntl.h>'
NEXT_AS_FIRST_DIRECTIVE_FLOAT_H=''
NEXT_AS_FIRST_DIRECTIVE_GETOPT_H='<getopt.h>'
NEXT_AS_FIRST_DIRECTIVE_INTTYPES_H='<inttypes.h>'
NEXT_AS_FIRST_DIRECTIVE_LIMITS_H='<limits.h>'
NEXT_AS_FIRST_DIRECTIVE_LOCALE_H='<locale.h>'
NEXT_AS_FIRST_DIRECTIVE_STDDEF_H=''
NEXT_AS_FIRST_DIRECTIVE_STDINT_H='<stdint.h>'
NEXT_AS_FIRST_DIRECTIVE_STDIO_H='<stdio.h>'
NEXT_AS_FIRST_DIRECTIVE_STDLIB_H='<stdlib.h>'
NEXT_AS_FIRST_DIRECTIVE_STRINGS_H='<strings.h>'
NEXT_AS_FIRST_DIRECTIVE_STRING_H='<string.h>'
NEXT_AS_FIRST_DIRECTIVE_SYSEXITS_H='<sysexits.h>'
NEXT_AS_FIRST_DIRECTIVE_SYS_STAT_H='<sys/stat.h>'
NEXT_AS_FIRST_DIRECTIVE_SYS_TIME_H='<sys/time.h>'
NEXT_AS_FIRST_DIRECTIVE_SYS_TYPES_H='<sys/types.h>'
NEXT_AS_FIRST_DIRECTIVE_SYS_WAIT_H='<sys/wait.h>'
NEXT_AS_FIRST_DIRECTIVE_TIME_H='<time.h>'
NEXT_AS_FIRST_DIRECTIVE_UNISTD_H='<unistd.h>'
NEXT_AS_FIRST_DIRECTIVE_WCHAR_H='<wchar.h>'
NEXT_AS_FIRST_DIRECTIVE_WCTYPE_H='<wctype.h>'
NEXT_ERRNO_H=''
NEXT_FCNTL_H='<fcntl.h>'
NEXT_FLOAT_H=''
NEXT_GETOPT_H='<getopt.h>'
NEXT_INTTYPES_H='<inttypes.h>'
NEXT_LIMITS_H='<limits.h>'
NEXT_LOCALE_H='<locale.h>'
NEXT_STDDEF_H=''
NEXT_STDINT_H='<stdint.h>'
NEXT_STDIO_H='<stdio.h>'
NEXT_STDLIB_H='<stdlib.h>'
NEXT_STRINGS_H='<strings.h>'
NEXT_STRING_H='<string.h>'
NEXT_SYSEXITS_H='<sysexits.h>'
NEXT_SYS_STAT_H='<sys/stat.h>'
NEXT_SYS_TIME_H='<sys/time.h>'
NEXT_SYS_TYPES_H='<sys/types.h>'
NEXT_SYS_WAIT_H='<sys/wait.h>'
NEXT_TIME_H='<time.h>'
NEXT_UNISTD_H='<unistd.h>'
NEXT_WCHAR_H='<wchar.h>'
NEXT_WCTYPE_H='<wctype.h>'
NM='/usr/bin/nm -B'
NMEDIT=''
OBJDUMP='objdump'
OBJEXT='o'
OTOOL64=''
OTOOL=''
PACKAGE='spot'
PACKAGE_BUGREPORT='spot@lrde.epita.fr'
PACKAGE_NAME='spot'
PACKAGE_STRING='spot 2.10.4'
PACKAGE_TARNAME='spot'
PACKAGE_URL=''
PACKAGE_VERSION='2.10.4'
PATH_SEPARATOR=':'
PERL='perl'
PRAGMA_COLUMNS=''
PRAGMA_SYSTEM_HEADER='#pragma GCC system_header'
PRIPTR_PREFIX='__PRIPTR_PREFIX'
PRI_MACROS_BROKEN='0'
PTHREAD_H_DEFINES_STRUCT_TIMESPEC='0'
PTRDIFF_T_SUFFIX=''
PYEXT='.cpython-310-x86_64-linux-gnu'
PYTHON='/usr/bin/python3'
PYTHONINC='/usr/include/python3.10'
PYTHON_EXEC_PREFIX='${exec_prefix}'
PYTHON_PLATFORM='linux'
PYTHON_PREFIX='${prefix}'
PYTHON_VERSION='3.10'
RANLIB='ranlib'
REPLACE_ACCESS='0'
REPLACE_BTOWC='0'
REPLACE_CALLOC='0'
REPLACE_CANONICALIZE_FILE_NAME='0'
REPLACE_CHOWN='0'
REPLACE_CLOSE='0'
REPLACE_CREAT='0'
REPLACE_CTIME='GNULIB_PORTCHECK'
REPLACE_DPRINTF='0'
REPLACE_DUP2='0'
REPLACE_DUP='0'
REPLACE_DUPLOCALE='0'
REPLACE_FACCESSAT='0'
REPLACE_FCHMODAT='0'
REPLACE_FCHOWNAT='0'
REPLACE_FCLOSE='0'
REPLACE_FCNTL='0'
REPLACE_FDOPEN='0'
REPLACE_FFLUSH='0'
REPLACE_FOPEN='0'
REPLACE_FPRINTF='0'
REPLACE_FPURGE='0'
REPLACE_FREELOCALE='0'
REPLACE_FREOPEN='0'
REPLACE_FSEEK='0'
REPLACE_FSEEKO='0'
REPLACE_FSTAT='0'
REPLACE_FSTATAT='0'
REPLACE_FTELL='0'
REPLACE_FTELLO='0'
REPLACE_FTRUNCATE='0'
REPLACE_FUTIMENS='0'
REPLACE_GETCWD='0'
REPLACE_GETDELIM='0'
REPLACE_GETDOMAINNAME='0'
REPLACE_GETDTABLESIZE='0'
REPLACE_GETGROUPS='0'
REPLACE_GETLINE='0'
REPLACE_GETLOGIN_R='0'
REPLACE_GETPAGESIZE='0'
REPLACE_GETPASS='0'
REPLACE_GETTIMEOFDAY='0'
REPLACE_GMTIME='0'
REPLACE_INITSTATE='0'
REPLACE_ISATTY='0'
REPLACE_ISWBLANK='0'
REPLACE_ISWCNTRL='0'
REPLACE_ISWDIGIT='0'
REPLACE_ISWXDIGIT='0'
REPLACE_ITOLD='0'
REPLACE_LCHOWN='0'
REPLACE_LINK='0'
REPLACE_LINKAT='0'
REPLACE_LOCALECONV='0'
REPLACE_LOCALTIME='0'
REPLACE_LOCALTIME_R='GNULIB_PORTCHECK'
REPLACE_LSEEK='0'
REPLACE_LSTAT='0'
REPLACE_MALLOC='0'
REPLACE_MBRLEN='0'
REPLACE_MBRTOWC='1'
REPLACE_MBSINIT='0'
REPLACE_MBSNRTOWCS='0'
REPLACE_MBSRTOWCS='0'
REPLACE_MBSTATE_T='0'
REPLACE_MBTOWC='0'
REPLACE_MEMCHR='0'
REPLACE_MEMMEM='0'
REPLACE_MKDIR='0'
REPLACE_MKFIFO='0'
REPLACE_MKNOD='0'
REPLACE_MKSTEMP='0'
REPLACE_MKTIME='GNULIB_PORTCHECK'
REPLACE_NANOSLEEP='GNULIB_PORTCHECK'
REPLACE_NEWLOCALE='0'
REPLACE_NULL='0'
REPLACE_OBSTACK_PRINTF='0'
REPLACE_OPEN='0'
REPLACE_OPENAT='0'
REPLACE_PERROR='0'
REPLACE_POPEN='0'
REPLACE_PREAD='0'
REPLACE_PRINTF='0'
REPLACE_PTSNAME='0'
REPLACE_PTSNAME_R='0'
REPLACE_PUTENV='0'
REPLACE_PWRITE='0'
REPLACE_QSORT_R='0'
REPLACE_RANDOM='0'
REPLACE_RANDOM_R='0'
REPLACE_READ='0'
REPLACE_READLINK='0'
REPLACE_READLINKAT='0'
REPLACE_REALLOC='0'
REPLACE_REALPATH='0'
REPLACE_REMOVE='0'
REPLACE_RENAME='0'
REPLACE_RENAMEAT='0'
REPLACE_RMDIR='0'
REPLACE_SETENV='0'
REPLACE_SETLOCALE='0'
REPLACE_SETSTATE='0'
REPLACE_SLEEP='0'
REPLACE_SNPRINTF='0'
REPLACE_SPRINTF='0'
REPLACE_STAT='0'
REPLACE_STDIO_READ_FUNCS='0'
REPLACE_STDIO_WRITE_FUNCS='0'
REPLACE_STPNCPY='0'
REPLACE_STRCASESTR='0'
REPLACE_STRCHRNUL='0'
REPLACE_STRDUP='0'
REPLACE_STRERROR='0'
REPLACE_STRERROR_R='0'
REPLACE_STRFTIME='GNULIB_PORTCHECK'
REPLACE_STRNCAT='0'
REPLACE_STRNDUP='0'
REPLACE_STRNLEN='0'
REPLACE_STRSIGNAL='0'
REPLACE_STRSTR='0'
REPLACE_STRTOD='0'
REPLACE_STRTOIMAX='0'
REPLACE_STRTOK_R='0'
REPLACE_STRTOLD='0'
REPLACE_STRTOUMAX='0'
REPLACE_STRUCT_LCONV='0'
REPLACE_STRUCT_TIMEVAL='0'
REPLACE_SYMLINK='0'
REPLACE_SYMLINKAT='0'
REPLACE_TIMEGM='GNULIB_PORTCHECK'
REPLACE_TMPFILE='0'
REPLACE_TOWLOWER='0'
REPLACE_TRUNCATE='0'
REPLACE_TTYNAME_R='0'
REPLACE_TZSET='GNULIB_PORTCHECK'
REPLACE_UNLINK='0'
REPLACE_UNLINKAT='0'
REPLACE_UNSETENV='0'
REPLACE_USLEEP='0'
REPLACE_UTIMENSAT='0'
REPLACE_VASPRINTF='0'
REPLACE_VDPRINTF='0'
REPLACE_VFPRINTF='0'
REPLACE_VPRINTF='0'
REPLACE_VSNPRINTF='0'
REPLACE_VSPRINTF='0'
REPLACE_WCRTOMB='0'
REPLACE_WCSFTIME='0'
REPLACE_WCSNRTOMBS='0'
REPLACE_WCSRTOMBS='0'
REPLACE_WCSTOK='0'
REPLACE_WCSWIDTH='0'
REPLACE_WCTOB='0'
REPLACE_WCTOMB='0'
REPLACE_WCWIDTH='0'
REPLACE_WRITE='0'
SED='/usr/bin/sed'
SET_MAKE=''
SHELL='/bin/bash'
SIG_ATOMIC_T_SUFFIX=''
SIZE_T_SUFFIX=''
SPIN=''
STDALIGN_H=''
STDBOOL_H=''
STDDEF_H=''
STDINT_H=''
STRIP='strip'
SWIG='swig4.0'
SYMBOLIC_LDFLAGS='-Wl,-Bsymbolic-functions'
SYSEXITS_H=''
SYS_TIME_H_DEFINES_STRUCT_TIMESPEC='0'
TIME_H_DEFINES_STRUCT_TIMESPEC='1'
UINT32_MAX_LT_UINTMAX_MAX='1'
UINT64_MAX_EQ_ULONG_MAX='defined _LP64'
UNDEFINE_STRTOK_R='0'
UNISTD_H_DEFINES_STRUCT_TIMESPEC='0'
UNISTD_H_HAVE_WINSOCK2_H='0'
UNISTD_H_HAVE_WINSOCK2_H_AND_USE_SOCKETS='0'
USE_PYTHON_FALSE='#'
USE_PYTHON_TRUE=''
VALGRIND='valgrind'
VERSION='2.10.4'
WARNING_CXXFLAGS=''
WCHAR_T_SUFFIX=''
WINDOWS_64_BIT_OFF_T='0'
WINDOWS_64_BIT_ST_SIZE='0'
WINDOWS_STAT_INODES='0'
WINDOWS_STAT_TIMESPEC='0'
WINT_T_SUFFIX=''
ac_ct_AR='ar'
ac_ct_CC='gcc'
ac_ct_CXX='g++'
ac_ct_DUMPBIN=''
am__EXEEXT_FALSE=''
am__EXEEXT_TRUE='#'
am__fastdepCC_FALSE='#'
am__fastdepCC_TRUE=''
am__fastdepCXX_FALSE='#'
am__fastdepCXX_TRUE=''
am__include='include'
am__isrc=''
am__leading_dot='.'
am__nodep='_no'
am__quote=''
am__tar='tar --format=ustar -chf - "$$tardir"'
am__untar='tar -xf -'
bindir='${exec_prefix}/bin'
build='x86_64-pc-linux-gnu'
build_alias=''
build_cpu='x86_64'
build_os='linux-gnu'
build_vendor='pc'
datadir='${datarootdir}'
datarootdir='${prefix}/share'
docdir='${datarootdir}/doc/${PACKAGE_TARNAME}'
dvidir='${docdir}'
exec_prefix='${prefix}'
gl_LIBOBJS=' asnprintf.o getopt.o getopt1.o localtime-buffer.o mbrtowc.o printf-args.o printf-parse.o vasnprintf.o'
gl_LTLIBOBJS=' asnprintf.lo getopt.lo getopt1.lo localtime-buffer.lo mbrtowc.lo printf-args.lo printf-parse.lo vasnprintf.lo'
gltests_LIBOBJS=''
gltests_LTLIBOBJS=''
gltests_WITNESS='IN_SPOT_GNULIB_TESTS'
host='x86_64-pc-linux-gnu'
host_alias=''
host_cpu='x86_64'
host_os='linux-gnu'
host_vendor='pc'
htmldir='${docdir}'
includedir='${prefix}/include'
infodir='${datarootdir}/info'
install_sh='${SHELL} /home/nissa/Documents/Thesis/MANUSCRIPT/bsaltic/spot/tools/install-sh'
libdir='${exec_prefix}/lib'
libexecdir='${exec_prefix}/libexec'
localedir='${datarootdir}/locale'
localstatedir='${prefix}/var'
ltdl_LIBOBJS=' lt__strl.o'
ltdl_LTLIBOBJS=' lt__strl.lo'
mandir='${datarootdir}/man'
mkdir_p='$(MKDIR_P)'
oldincludedir='/usr/include'
pdfdir='${docdir}'
pkgpyexecdir='${pyexecdir}/spot'
pkgpythondir='${pythondir}/spot'
prefix='/usr/local'
program_transform_name='s,x,x,'
psdir='${docdir}'
pyexecdir='${PYTHON_EXEC_PREFIX}/lib/python3.10/site-packages'
pythondir='${PYTHON_PREFIX}/lib/python3.10/site-packages'
runstatedir='${localstatedir}/run'
sbindir='${exec_prefix}/sbin'
sharedstatedir='${prefix}/com'
subdirs=' buddy ltdl'
sys_symbol_underscore='no'
sysconfdir='${prefix}/etc'
target_alias=''

## ----------- ##
## confdefs.h. ##
## ----------- ##

/* confdefs.h */
#define PACKAGE_NAME "spot"
#define PACKAGE_TARNAME "spot"
#define PACKAGE_VERSION "2.10.4"
#define PACKAGE_STRING "spot 2.10.4"
#define PACKAGE_BUGREPORT "spot@lrde.epita.fr"
#define PACKAGE_URL ""
#define PACKAGE "spot"
#define VERSION "2.10.4"
#define HAVE_STDIO_H 1
#define HAVE_STDLIB_H 1
#define HAVE_STRING_H 1
#define HAVE_INTTYPES_H 1
#define HAVE_STDINT_H 1
#define HAVE_STRINGS_H 1
#define HAVE_SYS_STAT_H 1
#define HAVE_SYS_TYPES_H 1
#define HAVE_UNISTD_H 1
#define HAVE_WCHAR_H 1
#define HAVE_FEATURES_H 1
#define HAVE_STDIO_EXT_H 1
#define HAVE_GETOPT_H 1
#define HAVE_SYS_CDEFS_H 1
#define HAVE_SYS_TIME_H 1
#define HAVE_SYS_SOCKET_H 1
#define HAVE_THREADS_H 1
#define HAVE_LIMITS_H 1
#define HAVE_SYS_MMAN_H 1
#define HAVE_SYS_PARAM_H 1
#define HAVE_SYS_WAIT_H 1
#define HAVE_SYSEXITS_H 1
#define HAVE_WCTYPE_H 1
#define STDC_HEADERS 1
#define _ALL_SOURCE 1
#define _DARWIN_C_SOURCE 1
#define _GNU_SOURCE 1
#define _HPUX_ALT_XOPEN_SOCKET_API 1
#define _NETBSD_SOURCE 1
#define _OPENBSD_SOURCE 1
#define _POSIX_PTHREAD_SEMANTICS 1
#define __STDC_WANT_IEC_60559_ATTRIBS_EXT__ 1
#define __STDC_WANT_IEC_60559_BFP_EXT__ 1
#define __STDC_WANT_IEC_60559_DFP_EXT__ 1
#define __STDC_WANT_IEC_60559_FUNCS_EXT__ 1
#define __STDC_WANT_IEC_60559_TYPES_EXT__ 1
#define __STDC_WANT_LIB_EXT2__ 1
#define __STDC_WANT_MATH_SPEC_FUNCS__ 1
#define _TANDEM_SOURCE 1
#define __EXTENSIONS__ 1
#define YYTEXT_POINTER 1
#define MAX_ACCSETS 32
#define HAVE_ALLOCA_H 1
#define HAVE_ALLOCA 1
#define restrict __restrict
#define HAVE_DECL_CLEARERR_UNLOCKED 1
#define HAVE_DECL_FEOF_UNLOCKED 1
#define HAVE_DECL_FERROR_UNLOCKED 1
#define HAVE_DECL_FFLUSH_UNLOCKED 1
#define HAVE_DECL_FGETS_UNLOCKED 1
#define HAVE_DECL_FPUTC_UNLOCKED 1
#define HAVE_DECL_FPUTS_UNLOCKED 1
#define HAVE_DECL_FREAD_UNLOCKED 1
#define HAVE_DECL_FWRITE_UNLOCKED 1
#define HAVE_DECL_GETC_UNLOCKED 1
#define HAVE_DECL_GETCHAR_UNLOCKED 1
#define HAVE_DECL_PUTC_UNLOCKED 1
#define HAVE_DECL_PUTCHAR_UNLOCKED 1
#define HAVE_FLOCKFILE 1
#define HAVE_FUNLOCKFILE 1
#define HAVE_SYMLINK 1
#define HAVE_GETTIMEOFDAY 1
#define HAVE_LSTAT 1
#define HAVE_MBSINIT 1
#define HAVE_MBRTOWC 1
#define HAVE_MPROTECT 1
#define HAVE_MKSTEMP 1
#define HAVE_MKSTEMPS 1
#define HAVE_SECURE_GETENV 1
#define HAVE_GETUID 1
#define HAVE_GETEUID 1
#define HAVE_GETGID 1
#define HAVE_GETEGID 1
#define HAVE_SLEEP 1
#define HAVE_STRNDUP 1
#define HAVE_SNPRINTF 1
#define HAVE_ISWCNTRL 1
#define HAVE_DECL_STRERROR_R 1
#define HAVE_STRERROR_R 1
#define STRERROR_R_CHAR_P 1
#define HAVE_WORKING_O_NOATIME 1
#define HAVE_WORKING_O_NOFOLLOW 1
#define HAVE_GETOPT_H 1
#define HAVE_GETOPT_LONG_ONLY 1
#define HAVE_PTHREAD_API 1
#define SETLOCALE_NULL_ALL_MTSAFE 1
#define SETLOCALE_NULL_ONE_MTSAFE 1
#define HAVE_WINT_T 1
#define HAVE_LONG_LONG_INT 1
#define HAVE_UNSIGNED_LONG_LONG_INT 1
#define HAVE_LANGINFO_CODESET 1
#define HAVE_WCHAR_T 1
#define LSTAT_FOLLOWS_SLASHED_SYMLINK 1
#define MALLOC_0_IS_NONNULL 1
#define HAVE_MBSTATE_T 1
#define HAVE_MAP_ANONYMOUS 1
#define HAVE_MINMAX_IN_SYS_PARAM_H 1
#define HAVE__BOOL 1
#define HAVE_DECL_STRNDUP 1
#define HAVE_DECL_STRNLEN 1
#define _USE_STD_STAT 1
#define HAVE_INTTYPES_H_WITH_UINTMAX 1
#define HAVE_STDINT_H_WITH_UINTMAX 1
#define HAVE_INTMAX_T 1
#define DBL_EXPBIT0_WORD 1
#define DBL_EXPBIT0_BIT 20
#define HAVE_SNPRINTF 1
#define HAVE_STRNLEN 1
#define HAVE_WCSLEN 1
#define HAVE_WCSNLEN 1
#define HAVE_MBRTOWC 1
#define HAVE_WCRTOMB 1
#define HAVE_DECL__SNPRINTF 0
#define HAVE_SNPRINTF_RETVAL_C99 1
#define HAVE_DECL_VSNPRINTF 1
#define HAVE_ALLOCA 1
#define HAVE_DECL_PROGRAM_INVOCATION_NAME 1
#define HAVE_DECL_PROGRAM_INVOCATION_SHORT_NAME 1
#define HAVE_PROGRAM_INVOCATION_NAME 1
#define HAVE_PROGRAM_INVOCATION_SHORT_NAME 1
#define GNULIB_CLOSE_STREAM 1
#define HAVE_DECL___FPENDING 1
#define __GETOPT_PREFIX rpl_
#define GNULIB_TEST_GETOPT_POSIX 1
#define HAVE_DECL_PROGRAM_INVOCATION_NAME 1
#define HAVE_DECL_PROGRAM_INVOCATION_SHORT_NAME 1
#define HAVE_DECL___ARGV 0
#define GETTIMEOFDAY_TIMEZONE void
#define GNULIB_TEST_GETTIMEOFDAY 1
#define GNULIB_TEST_ISATTY 1
#define HAVE___INLINE 1
#define GNULIB_TEST_LSTAT 1
#define HAVE_MALLOC_GNU 1
#define GNULIB_MALLOC_GNU 1
#define HAVE_MALLOC_POSIX 1
#define GNULIB_TEST_MALLOC_POSIX 1
#define MBRTOWC_IN_C_LOCALE_MAYBE_EILSEQ 1
#define GNULIB_TEST_MBRTOWC 1
#define GNULIB_TEST_MBSINIT 1
#define GNULIB_TEST_MEMCHR 1
#define HAVE_MEMPCPY 1
#define GNULIB_TEST_MEMPCPY 1
#define GNULIB_TEST_MKSTEMP 1
#define GNULIB_MKSTEMPS 1
#define GNULIB_TEST_MKSTEMPS 1
#define GNULIB_MSVC_NOTHROW 1
#define HAVE_DECL_PROGRAM_INVOCATION_NAME 1
#define HAVE_DECL_PROGRAM_INVOCATION_SHORT_NAME 1
#define HAVE_RAWMEMCHR 1
#define GNULIB_TEST_RAWMEMCHR 1
#define GNULIB_TEST_SECURE_GETENV 1
#define SETLOCALE_NULL_ALL_MTSAFE 1
#define SETLOCALE_NULL_ONE_MTSAFE 1
#define GNULIB_TEST_SETLOCALE_NULL 1
#define HAVE_STDINT_H 1
#define HAVE_DECL_SLEEP 1
#define GNULIB_TEST_SLEEP 1
#define GNULIB_TEST_STAT 1
#define HAVE_STRUCT_STAT_ST_ATIM_TV_NSEC 1
#define TYPEOF_STRUCT_STAT_ST_ATIM_IS_STRUCT_TIMESPEC 1
#define __USE_MINGW_ANSI_STDIO 1
#define GNULIB_FSCANF 1
#define GNULIB_SCANF 1
#define HAVE_STPCPY 1
#define GNULIB_TEST_STPCPY 1
#define HAVE_STRCASECMP 1
#define HAVE_STRNCASECMP 1
#define HAVE_DECL_STRNCASECMP 1
#define HAVE_STRCHRNUL 1
#define GNULIB_TEST_STRCHRNUL 1
#define GNULIB_STRERROR 1
#define GNULIB_TEST_STRERROR 1
#define GNULIB_TEST_STRNDUP 1
#define GNULIB_TEST_STRNLEN 1
#define HAVE_STRVERSCMP 1
#define GNULIB_TEST_STRVERSCMP 1
#define HAVE_VSNPRINTF 1
#define GNULIB_TEST_VSNPRINTF 1
#define HAVE_TOWLOWER 1
#define HAVE_STDINT_H 1
#define HAVE_SYS_TIMES_H 1
#define HAVE_VALGRIND_MEMCHECK_H 1
#define HAVE_SPAWN_H 1
#define HAVE_TIMES 1
#define HAVE_KILL 1
#define HAVE_ALARM 1
#define HAVE_SIGACTION 1
#define HAVE_SCHED_GETCPU 1
#define HAVE_PTHREAD_SETAFFINITY_NP 1
#define HAVE_DLFCN_H 1
#define LT_OBJDIR ".libs/"
#define LT_MODULE_EXT ".so"
#define LT_MODULE_PATH_VAR "LD_LIBRARY_PATH"
#define LT_DLSEARCH_PATH "/lib:/usr/lib:/usr/lib/x86_64-linux-gnu/libfakeroot:/usr/local/lib/i386-linux-gnu:/lib/i386-linux-gnu:/usr/lib/i386-linux-gnu:/usr/local/lib/i686-linux-gnu:/lib/i686-linux-gnu:/usr/lib/i686-linux-gnu:/usr/local/lib:/usr/local/lib/x86_64-linux-gnu:/lib/x86_64-linux-gnu:/usr/lib/x86_64-linux-gnu:/lib32:/usr/lib32"
#define HAVE_LIBDL 1
#define HAVE_DLERROR 1
#define HAVE_LIBDLLOADER 1
#define HAVE_ARGZ_H 1
#define HAVE_ERROR_T 1
#define HAVE_ARGZ_ADD 1
#define HAVE_ARGZ_APPEND 1
#define HAVE_ARGZ_COUNT 1
#define HAVE_ARGZ_CREATE_SEP 1
#define HAVE_ARGZ_INSERT 1
#define HAVE_ARGZ_NEXT 1
#define HAVE_ARGZ_STRINGIFY 1
#define HAVE_WORKING_ARGZ 1
#define HAVE_PRELOADED_SYMBOLS 1
#define HAVE_LTDL 1
#define HAVE_UNISTD_H 1
#define HAVE_DIRENT_H 1
#define HAVE_CLOSEDIR 1
#define HAVE_OPENDIR 1
#define HAVE_READDIR 1
#define LT_LIBEXT "a"
#define LT_LIBPREFIX "lib"
#define HAVE_PYTHON_H 1

configure: exit 0

## ---------------------- ##
## Running config.status. ##
## ---------------------- ##

This file was extended by spot config.status 2.10.4, which was
generated by GNU Autoconf 2.71.  Invocation command line was

  CONFIG_FILES    = 
  CONFIG_HEADERS  = 
  CONFIG_LINKS    = 
  CONFIG_COMMANDS = 
  $ ./config.status 

on nissa

config.status:2246: creating Makefile
config.status:2246: creating bin/Makefile
config.status:2246: creating bin/man/Makefile
config.status:2246: creating bench/Makefile
config.status:2246: creating bench/dtgbasat/Makefile
config.status:2246: creating bench/emptchk/Makefile
config.status:2246: creating bench/emptchk/defs
config.status:2246: creating bench/ltlcounter/Makefile
config.status:2246: creating bench/ltlclasses/Makefile
config.status:2246: creating bench/ltl2tgba/Makefile
config.status:2246: creating bench/ltl2tgba/defs
config.status:2246: creating bench/spin13/Makefile
config.status:2246: creating bench/wdba/Makefile
config.status:2246: creating bench/stutter/Makefile
config.status:2246: creating doc/Doxyfile
config.status:2246: creating doc/Makefile
config.status:2246: creating doc/tl/Makefile
config.status:2246: creating doc/org/.dir-locals.el
config.status:2246: creating doc/org/init.el
config.status:2246: creating elisp/Makefile
config.status:2246: creating lib/Makefile
config.status:2246: creating picosat/Makefile
config.status:2246: creating spot/graph/Makefile
config.status:2246: creating spot/kripke/Makefile
config.status:2246: creating spot/ltsmin/Makefile
config.status:2246: creating spot/Makefile
config.status:2246: creating spot/misc/Makefile
config.status:2246: creating spot/mc/Makefile
config.status:2246: creating spot/parseaut/Makefile
config.status:2246: creating spot/parsetl/Makefile
config.status:2246: creating spot/priv/Makefile
config.status:2246: creating spot/taalgos/Makefile
config.status:2246: creating spot/ta/Makefile
config.status:2246: creating spot/tl/Makefile
config.status:2246: creating spot/twaalgos/gtec/Makefile
config.status:2246: creating spot/twaalgos/Makefile
config.status:2246: creating spot/twacube_algos/Makefile
config.status:2246: creating spot/twa/Makefile
config.status:2246: creating spot/gen/Makefile
config.status:2246: creating spot/twacube/Makefile
config.status:2246: creating python/Makefile
config.status:2246: creating tests/core/defs
config.status:2246: creating tests/ltsmin/defs
config.status:2246: creating tests/Makefile
config.status:2246: creating tools/x-to-1
config.status:2246: creating doc/org/g++wrap
config.status:2246: creating tests/run
config.status:2246: creating config.h
config.status:2475: executing spot/misc/_config.h commands
config.status:2513: creating spot/misc/_config.h - prefix SPOT for config.h defines
config.status:2475: executing depfiles commands
config.status:2641: cd bin       && sed -e '/# am--include-marker/d' Makefile         | make -f - am--depfiles
make[1]: Entering directory '/home/nissa/Documents/Thesis/MANUSCRIPT/bsaltic/spot/bin'
make[1]: Nothing to be done for 'am--depfiles'.
make[1]: Leaving directory '/home/nissa/Documents/Thesis/MANUSCRIPT/bsaltic/spot/bin'
config.status:2646: $? = 0
config.status:2641: cd bench/stutter       && sed -e '/# am--include-marker/d' Makefile         | make -f - am--depfiles
make[1]: Entering directory '/home/nissa/Documents/Thesis/MANUSCRIPT/bsaltic/spot/bench/stutter'
make[1]: Nothing to be done for 'am--depfiles'.
make[1]: Leaving directory '/home/nissa/Documents/Thesis/MANUSCRIPT/bsaltic/spot/bench/stutter'
config.status:2646: $? = 0
config.status:2641: cd lib       && sed -e '/# am--include-marker/d' Makefile         | make -f - am--depfiles
make[1]: Entering directory '/home/nissa/Documents/Thesis/MANUSCRIPT/bsaltic/spot/lib'
make[1]: Nothing to be done for 'am--depfiles'.
make[1]: Leaving directory '/home/nissa/Documents/Thesis/MANUSCRIPT/bsaltic/spot/lib'
config.status:2646: $? = 0
config.status:2641: cd picosat       && sed -e '/# am--include-marker/d' Makefile         | make -f - am--depfiles
make[1]: Entering directory '/home/nissa/Documents/Thesis/MANUSCRIPT/bsaltic/spot/picosat'
make[1]: Nothing to be done for 'am--depfiles'.
make[1]: Leaving directory '/home/nissa/Documents/Thesis/MANUSCRIPT/bsaltic/spot/picosat'
config.status:2646: $? = 0
config.status:2641: cd spot/kripke       && sed -e '/# am--include-marker/d' Makefile         | make -f - am--depfiles
make[1]: Entering directory '/home/nissa/Documents/Thesis/MANUSCRIPT/bsaltic/spot/spot/kripke'
make[1]: Nothing to be done for 'am--depfiles'.
make[1]: Leaving directory '/home/nissa/Documents/Thesis/MANUSCRIPT/bsaltic/spot/spot/kripke'
config.status:2646: $? = 0
config.status:2641: cd spot/ltsmin       && sed -e '/# am--include-marker/d' Makefile         | make -f - am--depfiles
make[1]: Entering directory '/home/nissa/Documents/Thesis/MANUSCRIPT/bsaltic/spot/spot/ltsmin'
make[1]: Nothing to be done for 'am--depfiles'.
make[1]: Leaving directory '/home/nissa/Documents/Thesis/MANUSCRIPT/bsaltic/spot/spot/ltsmin'
config.status:2646: $? = 0
config.status:2641: cd spot       && sed -e '/# am--include-marker/d' Makefile         | make -f - am--depfiles
make[1]: Entering directory '/home/nissa/Documents/Thesis/MANUSCRIPT/bsaltic/spot/spot'
make[1]: Nothing to be done for 'am--depfiles'.
make[1]: Leaving directory '/home/nissa/Documents/Thesis/MANUSCRIPT/bsaltic/spot/spot'
config.status:2646: $? = 0
config.status:2641: cd spot/misc       && sed -e '/# am--include-marker/d' Makefile         | make -f - am--depfiles
make[1]: Entering directory '/home/nissa/Documents/Thesis/MANUSCRIPT/bsaltic/spot/spot/misc'
make[1]: Nothing to be done for 'am--depfiles'.
make[1]: Leaving directory '/home/nissa/Documents/Thesis/MANUSCRIPT/bsaltic/spot/spot/misc'
config.status:2646: $? = 0
config.status:2641: cd spot/mc       && sed -e '/# am--include-marker/d' Makefile         | make -f - am--depfiles
make[1]: Entering directory '/home/nissa/Documents/Thesis/MANUSCRIPT/bsaltic/spot/spot/mc'
make[1]: Nothing to be done for 'am--depfiles'.
make[1]: Leaving directory '/home/nissa/Documents/Thesis/MANUSCRIPT/bsaltic/spot/spot/mc'
config.status:2646: $? = 0
config.status:2641: cd spot/parseaut       && sed -e '/# am--include-marker/d' Makefile         | make -f - am--depfiles
make[1]: Entering directory '/home/nissa/Documents/Thesis/MANUSCRIPT/bsaltic/spot/spot/parseaut'
make[1]: Nothing to be done for 'am--depfiles'.
make[1]: Leaving directory '/home/nissa/Documents/Thesis/MANUSCRIPT/bsaltic/spot/spot/parseaut'
config.status:2646: $? = 0
config.status:2641: cd spot/parsetl       && sed -e '/# am--include-marker/d' Makefile         | make -f - am--depfiles
make[1]: Entering directory '/home/nissa/Documents/Thesis/MANUSCRIPT/bsaltic/spot/spot/parsetl'
make[1]: Nothing to be done for 'am--depfiles'.
make[1]: Leaving directory '/home/nissa/Documents/Thesis/MANUSCRIPT/bsaltic/spot/spot/parsetl'
config.status:2646: $? = 0
config.status:2641: cd spot/priv       && sed -e '/# am--include-marker/d' Makefile         | make -f - am--depfiles
make[1]: Entering directory '/home/nissa/Documents/Thesis/MANUSCRIPT/bsaltic/spot/spot/priv'
make[1]: Nothing to be done for 'am--depfiles'.
make[1]: Leaving directory '/home/nissa/Documents/Thesis/MANUSCRIPT/bsaltic/spot/spot/priv'
config.status:2646: $? = 0
config.status:2641: cd spot/taalgos       && sed -e '/# am--include-marker/d' Makefile         | make -f - am--depfiles
make[1]: Entering directory '/home/nissa/Documents/Thesis/MANUSCRIPT/bsaltic/spot/spot/taalgos'
make[1]: Nothing to be done for 'am--depfiles'.
make[1]: Leaving directory '/home/nissa/Documents/Thesis/MANUSCRIPT/bsaltic/spot/spot/taalgos'
config.status:2646: $? = 0
config.status:2641: cd spot/ta       && sed -e '/# am--include-marker/d' Makefile         | make -f - am--depfiles
make[1]: Entering directory '/home/nissa/Documents/Thesis/MANUSCRIPT/bsaltic/spot/spot/ta'
make[1]: Nothing to be done for 'am--depfiles'.
make[1]: Leaving directory '/home/nissa/Documents/Thesis/MANUSCRIPT/bsaltic/spot/spot/ta'
config.status:2646: $? = 0
config.status:2641: cd spot/tl       && sed -e '/# am--include-marker/d' Makefile         | make -f - am--depfiles
make[1]: Entering directory '/home/nissa/Documents/Thesis/MANUSCRIPT/bsaltic/spot/spot/tl'
make[1]: Nothing to be done for 'am--depfiles'.
make[1]: Leaving directory '/home/nissa/Documents/Thesis/MANUSCRIPT/bsaltic/spot/spot/tl'
config.status:2646: $? = 0
config.status:2641: cd spot/twaalgos/gtec       && sed -e '/# am--include-marker/d' Makefile         | make -f - am--depfiles
make[1]: Entering directory '/home/nissa/Documents/Thesis/MANUSCRIPT/bsaltic/spot/spot/twaalgos/gtec'
make[1]: Nothing to be done for 'am--depfiles'.
make[1]: Leaving directory '/home/nissa/Documents/Thesis/MANUSCRIPT/bsaltic/spot/spot/twaalgos/gtec'
config.status:2646: $? = 0
config.status:2641: cd spot/twaalgos       && sed -e '/# am--include-marker/d' Makefile         | make -f - am--depfiles
make[1]: Entering directory '/home/nissa/Documents/Thesis/MANUSCRIPT/bsaltic/spot/spot/twaalgos'
make[1]: Nothing to be done for 'am--depfiles'.
make[1]: Leaving directory '/home/nissa/Documents/Thesis/MANUSCRIPT/bsaltic/spot/spot/twaalgos'
config.status:2646: $? = 0
config.status:2641: cd spot/twacube_algos       && sed -e '/# am--include-marker/d' Makefile         | make -f - am--depfiles
make[1]: Entering directory '/home/nissa/Documents/Thesis/MANUSCRIPT/bsaltic/spot/spot/twacube_algos'
make[1]: Nothing to be done for 'am--depfiles'.
make[1]: Leaving directory '/home/nissa/Documents/Thesis/MANUSCRIPT/bsaltic/spot/spot/twacube_algos'
config.status:2646: $? = 0
config.status:2641: cd spot/twa       && sed -e '/# am--include-marker/d' Makefile         | make -f - am--depfiles
make[1]: Entering directory '/home/nissa/Documents/Thesis/MANUSCRIPT/bsaltic/spot/spot/twa'
make[1]: Nothing to be done for 'am--depfiles'.
make[1]: Leaving directory '/home/nissa/Documents/Thesis/MANUSCRIPT/bsaltic/spot/spot/twa'
config.status:2646: $? = 0
config.status:2641: cd spot/gen       && sed -e '/# am--include-marker/d' Makefile         | make -f - am--depfiles
make[1]: Entering directory '/home/nissa/Documents/Thesis/MANUSCRIPT/bsaltic/spot/spot/gen'
make[1]: Nothing to be done for 'am--depfiles'.
make[1]: Leaving directory '/home/nissa/Documents/Thesis/MANUSCRIPT/bsaltic/spot/spot/gen'
config.status:2646: $? = 0
config.status:2641: cd spot/twacube       && sed -e '/# am--include-marker/d' Makefile         | make -f - am--depfiles
make[1]: Entering directory '/home/nissa/Documents/Thesis/MANUSCRIPT/bsaltic/spot/spot/twacube'
make[1]: Nothing to be done for 'am--depfiles'.
make[1]: Leaving directory '/home/nissa/Documents/Thesis/MANUSCRIPT/bsaltic/spot/spot/twacube'
config.status:2646: $? = 0
config.status:2641: cd python       && sed -e '/# am--include-marker/d' Makefile         | make -f - am--depfiles
make[1]: Entering directory '/home/nissa/Documents/Thesis/MANUSCRIPT/bsaltic/spot/python'
make[1]: Nothing to be done for 'am--depfiles'.
make[1]: Leaving directory '/home/nissa/Documents/Thesis/MANUSCRIPT/bsaltic/spot/python'
config.status:2646: $? = 0
config.status:2641: cd tests       && sed -e '/# am--include-marker/d' Makefile         | make -f - am--depfiles
make[1]: Entering directory '/home/nissa/Documents/Thesis/MANUSCRIPT/bsaltic/spot/tests'
make[1]: Nothing to be done for 'am--depfiles'.
make[1]: Leaving directory '/home/nissa/Documents/Thesis/MANUSCRIPT/bsaltic/spot/tests'
config.status:2646: $? = 0
config.status:2475: executing libtool commands
